 -3.46905403e-03 -5.76107057e-02 -9.72986925e-01
 -7.36300466e-04 -5.82293848e-02 -9.72492029e-01
 -4.45525745e-02 1.05140647e-02 -9.83093261e-01
 4.45405009e-02 -9.62954412e-03 -9.83246994e-01
 -3.60307210e-02 9.77834325e-03 -9.88786498e-01
 3.15241354e-02 1.02100597e-02 -9.91176945e-01
 -1.71799457e-02 -7.35087733e-02 -9.53321014e-01
 2.01342373e-02 -7.86162134e-02 -9.45846529e-01
 -6.29648681e-02 -3.81368049e-02 -9.55665293e-01
 6.10531590e-02 -3.43779817e-02 -9.59922215e-01
 -8.71626730e-02 4.90561113e-03 -9.37047306e-01
 8.78555054e-02 -7.31840872e-04 -9.36212579e-01
 -6.13935296e-02 4.18244203e-02 -9.54832361e-01
 6.16557240e-02 3.91002657e-02 -9.56407787e-01
 -2.02424804e-02 7.86924768e-02 -9.45708082e-01
 1.84268773e-02 7.66665537e-02 -9.48958922e-01
 -5.84472905e-02 -8.37808323e-02 -9.12707501e-01
 5.68542123e-02 -8.56300327e-02 -9.11570917e-01
 -9.42731861e-02 -2.90632326e-02 -9.18850542e-01
 9.51026382e-02 -2.88473379e-02 -9.17590927e-01
 -1.02110494e-01 -4.63199107e-04 -9.12782404e-01
 1.02422662e-01 2.35286657e-04 -9.12224034e-01
 -9.58527879e-02 2.85871911e-02 -9.16471630e-01
 9.51959661e-02 2.88191023e-02 -9.17450270e-01
 -5.66496081e-02 8.91265283e-02 -9.06397563e-01
 5.73331539e-02 8.48016727e-02 -9.12329640e-01
 -5.15471140e-02 -1.15005946e-01 -8.63634435e-01
 5.20466282e-02 -1.14668715e-01 -8.63872531e-01
 -9.46729413e-02 -7.50379004e-02 -8.75500750e-01
 9.67879923e-02 -6.85802843e-02 -8.80262044e-01
 -1.23573124e-01 -2.55826637e-02 -8.63251624e-01
 1.23041108e-01 -2.50932043e-02 -8.64696172e-01
 -1.27078967e-01 -5.64638302e-04 -8.61167741e-01
 1.27106135e-01 -4.61383382e-05 -8.61106528e-01
 -1.22927017e-01 2.51715828e-02 -8.64919324e-01
 1.23137487e-01 2.49656376e-02 -8.64535725e-01
 -9.73768616e-02 6.71597120e-02 -8.80975095e-01
 9.61431533e-02 7.09155152e-02 -8.78430271e-01
 -5.12335615e-02 1.11305018e-01 -8.71654199e-01
 5.21000328e-02 1.15145999e-01 -8.62804595e-01
 -8.88226147e-02 -1.08157296e-01 -8.28613710e-01
 8.90386028e-02 -1.08821604e-01 -8.26849303e-01
 -1.26085908e-01 -6.17298007e-02 -8.27446921e-01
 1.24911169e-01 -6.18584475e-02 -8.30139577e-01
 -1.31274981e-01 -3.48365385e-02 -8.39555071e-01
 1.32846429e-01 -3.14417136e-02 -8.37742154e-01
 -1.38669982e-01 -8.81534240e-04 -8.32056335e-01
 1.38717332e-01 1.87769387e-04 -8.31937176e-01
 -1.32945833e-01 3.09429180e-02 -8.37787003e-01
 1.32563736e-01 3.21085598e-02 -8.38053901e-01
 -1.25085390e-01 6.14171719e-02 -8.30244071e-01
 1.25285415e-01 6.15665521e-02 -8.29584228e-01
 -9.03856024e-02 1.06048667e-01 -8.30268613e-01
 8.88477679e-02 1.08391184e-01 -8.28081402e-01
 4.68114583e-06 -1.49469356e-01 -8.01587542e-01
 -9.13712040e-02 -1.17737509e-01 -8.02886612e-01
 9.12712167e-02 -1.18135805e-01 -8.02132124e-01
 -1.37036290e-01 -6.29701360e-02 -7.97554433e-01
 1.36371791e-01 -6.31941659e-02 -7.99091806e-01
 -1.42397646e-01 -3.22798453e-02 -8.11723322e-01
 1.42401907e-01 -3.32870523e-02 -8.11060236e-01
 -1.49500403e-01 2.57484303e-04 -8.01494237e-01
 1.49458498e-01 -5.80758007e-05 -8.01619901e-01
 -1.42416129e-01 3.31816740e-02 -8.11089369e-01
 1.42439064e-01 3.30210787e-02 -8.11129793e-01
 -1.36252152e-01 6.34119245e-02 -7.99142329e-01
 1.36636692e-01 6.30716396e-02 -7.98522463e-01
 -9.11902399e-02 1.17755489e-01 -8.03173554e-01
 9.12517386e-02 1.18142948e-01 -8.02150750e-01
 2.69686642e-04 1.49477584e-01 -8.01562266e-01
 -5.51156919e-02 -1.50362066e-01 -7.67890717e-01
 5.49705942e-02 -1.50628756e-01 -7.67220558e-01
 -1.28967666e-01 -1.03230104e-01 -7.50582564e-01
 1.29293735e-01 -1.02869437e-01 -7.50477277e-01
 -1.34672835e-01 -8.39471007e-02 -7.72695145e-01
 1.34716338e-01 -8.38373409e-02 -7.72764477e-01
 -1.62262076e-01 -3.16087260e-02 -7.50166992e-01
 1.62207257e-01 -3.19777314e-02 -7.50106450e-01
 -1.60421704e-01 9.77106706e-05 -7.66966674e-01
 1.60425727e-01 -9.09477435e-05 -7.66953222e-01
 -1.62203637e-01 3.19912866e-02 -7.50109728e-01
 1.62253763e-01 3.16999049e-02 -7.50134201e-01
 -1.34618872e-01 8.38992721e-02 -7.72928679e-01
 1.34839761e-01 8.37106570e-02 -7.72639786e-01
 -1.29312264e-01 1.02842423e-01 -7.50485435e-01
 1.29000899e-01 1.03186094e-01 -7.50588017e-01
 -5.48898502e-02 1.50836935e-01 -7.66658446e-01
 5.51067883e-02 1.50310361e-01 -7.68062885e-01
 -9.02804619e-02 -1.48784240e-01 -7.17915740e-01
 9.09672591e-02 -1.48386700e-01 -7.17845054e-01
 -1.31637823e-01 -1.11933098e-01 -7.22689036e-01
 1.30780735e-01 -1.12610167e-01 -7.23495398e-01
 -1.63618811e-01 -6.01488021e-02 -7.16781767e-01
 1.63626317e-01 -6.02987291e-02 -7.16552765e-01
 -1.69796584e-01 -3.24807016e-02 -7.22375239e-01
 1.69814547e-01 -3.25475841e-02 -7.22259502e-01
 -1.69742965e-01 1.24024916e-04 -7.34164127e-01
 1.69742109e-01 -1.09515023e-04 -7.34167331e-01
 -1.69816858e-01 3.25422368e-02 -7.22254664e-01
 1.69802443e-01 3.24693095e-02 -7.22361399e-01
 -1.63619161e-01 6.02939095e-02 -7.16585401e-01
 1.63624976e-01 6.01463618e-02 -7.16762527e-01
 -1.30792106e-01 1.12605091e-01 -7.23475152e-01
 1.31634250e-01 1.11940229e-01 -7.22681777e-01
 -9.09600201e-02 1.48399645e-01 -7.17816912e-01
 9.02911844e-02 1.48768328e-01 -7.17946926e-01
 -9.15410655e-02 -1.56947545e-01 -6.86879338e-01
 9.16683120e-02 -1.56063888e-01 -6.89822975e-01
 -1.35861817e-01 -1.19704286e-01 -6.89491994e-01
 1.36628685e-01 -1.17409774e-01 -6.93369135e-01
 -1.68468276e-01 -6.73094793e-02 -6.88045046e-01
 1.68497233e-01 -6.68582228e-02 -6.88635294e-01
 -1.77674111e-01 -3.23281789e-02 -6.91511956e-01
 1.77716628e-01 -3.21156870e-02 -6.91495569e-01
 -1.77424885e-01 -6.77694535e-05 -7.04504427e-01
 1.77425313e-01 6.09804754e-05 -7.04502713e-01
 -1.77715747e-01 3.21178859e-02 -6.91497561e-01
 1.77675517e-01 3.23258970e-02 -6.91507882e-01
 -1.68496934e-01 6.68518392e-02 -6.88646381e-01
 1.68468417e-01 6.73097438e-02 -6.88044080e-01
 -1.36631666e-01 1.17410062e-01 -6.93358956e-01
 1.35863047e-01 1.19707500e-01 -6.89479186e-01
 -9.16664893e-02 1.56066362e-01 -6.89817892e-01
 9.15411444e-02 1.56942112e-01 -6.86899030e-01
 -2.02671383e-02 -1.87869909e-01 -6.54756631e-01
 2.03114184e-02 -1.87912459e-01 -6.54539276e-01
 -1.26344767e-01 -1.44951873e-01 -6.39073760e-01
 1.27479782e-01 -1.41377074e-01 -6.48215125e-01
 -1.62038878e-01 -1.04379939e-01 -6.36845102e-01
 1.62475316e-01 -1.02561378e-01 -6.39786658e-01
 -1.71936396e-01 -7.80112226e-02 -6.55464719e-01
 1.71956549e-01 -7.79104364e-02 -6.55571924e-01
 -1.93611270e-01 2.10724590e-04 -6.32640583e-01
 1.93611281e-01 -2.09947337e-04 -6.32640531e-01
 -1.71957739e-01 7.79075049e-02 -6.55572505e-01
 1.71937087e-01 7.80099002e-02 -6.55464337e-01
 -1.62475612e-01 1.02560438e-01 -6.39787867e-01
 1.62038858e-01 1.04380275e-01 -6.36844303e-01
 -1.27479545e-01 1.41377890e-01 -6.48213023e-01
 1.26344851e-01 1.44951433e-01 -6.39075090e-01
 -2.03120904e-02 1.87912499e-01 -6.54538757e-01
 2.02664063e-02 1.87870183e-01 -6.54755738e-01
 -5.40253220e-02 -1.92106400e-01 -6.02347352e-01
 5.40354595e-02 -1.92165977e-01 -6.02028658e-01
 -1.29001548e-01 -1.50303696e-01 -6.10146206e-01
 1.28534381e-01 -1.50274163e-01 -6.11837741e-01
 -1.69152791e-01 -1.05071884e-01 -6.04612041e-01
 1.68656806e-01 -1.05257525e-01 -6.06309956e-01
 -1.79038092e-01 -7.77606367e-02 -6.24802623e-01
 1.79087455e-01 -7.78288836e-02 -6.24440206e-01
 -1.97199740e-01 -2.61080935e-02 -6.05714520e-01
 1.97237729e-01 -2.63120803e-02 -6.05375293e-01
 -1.99785818e-01 1.32004277e-04 -6.01140378e-01
 1.99785822e-01 -1.32131192e-04 -6.01140354e-01
 -1.97237828e-01 2.63121142e-02 -6.05374753e-01
 1.97199788e-01 2.61081365e-02 -6.05714239e-01
 -1.79087428e-01 7.78289230e-02 -6.24440253e-01
 1.79038040e-01 7.77607251e-02 -6.24802688e-01
 -1.68656715e-01 1.05257543e-01 -6.06310313e-01
 1.69152795e-01 1.05071981e-01 -6.04611755e-01
 -1.28534321e-01 1.50274395e-01 -6.11837032e-01
 1.29001730e-01 1.50303549e-01 -6.10146168e-01
 -5.40354296e-02 1.92166008e-01 -6.02028539e-01
 5.40252316e-02 1.92106455e-01 -6.02347200e-01
 -1.34299632e-01 -1.53347665e-01 -5.78938376e-01
 1.34658900e-01 -1.52861521e-01 -5.79659708e-01
 -1.70032263e-01 -1.13353854e-01 -5.76054629e-01
 1.70189449e-01 -1.12889941e-01 -5.76769108e-01
 -1.97694644e-01 -6.03860098e-02 -5.62428415e-01
 1.97704990e-01 -6.04339042e-02 -5.62287897e-01
 -2.02503151e-01 -3.17250916e-02 -5.72517144e-01
 2.02490875e-01 -3.18563888e-02 -5.72469962e-01
 -2.05203393e-01 -6.89727847e-06 -5.71196184e-01
 2.05203392e-01 6.91841261e-06 -5.71196191e-01
 -2.02490881e-01 3.18564516e-02 -5.72469871e-01
 2.02503155e-01 3.17251157e-02 -5.72517096e-01
 -1.97704982e-01 6.04339123e-02 -5.62287929e-01
 1.97694638e-01 6.03860175e-02 -5.62428435e-01
 -1.70189458e-01 1.12889908e-01 -5.76769168e-01
 1.70032285e-01 1.13353852e-01 -5.76054526e-01
 -1.34659000e-01 1.52861485e-01 -5.79659487e-01
 1.34299648e-01 1.53347662e-01 -5.78938329e-01
 -9.04318735e-02 -1.90935139e-01 -5.34652767e-01
 9.03945545e-02 -1.90731908e-01 -5.35912887e-01
 -1.37076878e-01 -1.58115586e-01 -5.47129106e-01
 1.36723245e-01 -1.58369022e-01 -5.47372007e-01
 -1.75379637e-01 -1.16148058e-01 -5.40394104e-01
 1.75205634e-01 -1.16049894e-01 -5.41633206e-01
 -2.02977348e-01 -6.20886394e-02 -5.28321068e-01
 2.02898358e-01 -6.24212339e-02 -5.28179453e-01
 -2.08420772e-01 -3.12149773e-02 -5.37942853e-01
 2.08415985e-01 -3.13519390e-02 -5.37845077e-01
 -2.10168293e-01 1.10042181e-04 -5.41542634e-01
 2.10168292e-01 -1.10040255e-04 -5.41542640e-01
 -2.08415988e-01 3.13519412e-02 -5.37845061e-01
 2.08420772e-01 3.12149806e-02 -5.37942847e-01
 -2.02898357e-01 6.24212343e-02 -5.28179458e-01
 2.02977347e-01 6.20886399e-02 -5.28321074e-01
 -1.75205629e-01 1.16049897e-01 -5.41633219e-01
 1.75379638e-01 1.16148062e-01 -5.40394086e-01
 -1.36723236e-01 1.58369039e-01 -5.47371962e-01
 1.37076882e-01 1.58115587e-01 -5.47129082e-01
 -9.03945550e-02 1.90731908e-01 -5.35912883e-01
 9.04318747e-02 1.90935138e-01 -5.34652771e-01
 -9.24022499e-02 -1.95513188e-01 -5.01779513e-01
 9.24016705e-02 -1.95085474e-01 -5.04437735e-01
 -1.66849892e-01 -1.40772593e-01 -4.87346948e-01
 1.65651837e-01 -1.41735337e-01 -4.89417011e-01
 -1.76184576e-01 -1.22757998e-01 -5.12085447e-01
 1.76117221e-01 -1.22603078e-01 -5.13049075e-01
 -2.07480026e-01 -6.44311001e-02 -4.94783543e-01
 2.07600569e-01 -6.38377124e-02 -4.95205014e-01
 -2.13431759e-01 -3.31552211e-02 -5.03549252e-01
 2.13459943e-01 -3.29005250e-02 -5.03625389e-01
 -2.14842451e-01 -1.14842663e-04 -5.11354410e-01
 2.14842450e-01 1.14841227e-04 -5.11354413e-01
 -2.13459943e-01 3.29005254e-02 -5.03625386e-01
 2.13431759e-01 3.31552213e-02 -5.03549252e-01
 -2.07600569e-01 6.38377120e-02 -4.95205014e-01
 2.07480026e-01 6.44311001e-02 -4.94783545e-01
 -1.76117223e-01 1.22603075e-01 -5.13049077e-01
 1.76184573e-01 1.22758002e-01 -5.12085452e-01
 -1.65651835e-01 1.41735338e-01 -4.89417020e-01
 1.66849892e-01 1.40772593e-01 -4.87346948e-01
 -9.24016698e-02 1.95085474e-01 -5.04437734e-01
 9.24022500e-02 1.95513188e-01 -5.01779514e-01
 -1.25384552e-01 -1.84510800e-01 -4.51388594e-01
 1.26610666e-01 -1.83111478e-01 -4.55015176e-01
 -1.65757924e-01 -1.48517041e-01 -4.55490932e-01
 1.67054641e-01 -1.45928985e-01 -4.61258772e-01
 -2.00218020e-01 -9.84970740e-02 -4.50973544e-01
 2.00414214e-01 -9.72444364e-02 -4.53919151e-01
 -2.08369349e-01 -7.38616643e-02 -4.66933297e-01
 2.08808721e-01 -7.25603042e-02 -4.67057516e-01
 -2.17868040e-01 -3.49589964e-02 -4.70087408e-01
 2.17938732e-01 -3.45618680e-02 -4.70032959e-01
 -2.19118005e-01 -3.98808509e-05 -4.81452772e-01
 2.19118005e-01 3.98811483e-05 -4.81452774e-01
 -2.17938732e-01 3.45618711e-02 -4.70032955e-01
 2.17868040e-01 3.49589971e-02 -4.70087408e-01
 -2.08808717e-01 7.25603194e-02 -4.67057512e-01
 2.08369349e-01 7.38616643e-02 -4.66933297e-01
 -2.00414220e-01 9.72444571e-02 -4.53919043e-01
 2.00218019e-01 9.84970740e-02 -4.50973544e-01
 -1.67054661e-01 1.45928954e-01 -4.61258812e-01
 1.65757924e-01 1.48517041e-01 -4.55490932e-01
 -1.26610663e-01 1.83111482e-01 -4.55015167e-01
 1.25384552e-01 1.84510800e-01 -4.51388594e-01
 -2.06916160e-02 -2.24466046e-01 -4.32422967e-01
 2.08171065e-02 -2.24505068e-01 -4.32002272e-01
 -1.28524909e-01 -1.87172762e-01 -4.18525127e-01
 1.27702873e-01 -1.86839254e-01 -4.24887177e-01
 -1.70157255e-01 -1.49972248e-01 -4.20567875e-01
 1.68986663e-01 -1.50263768e-01 -4.26414030e-01
 -2.01572005e-01 -1.04677231e-01 -4.17830665e-01
 2.01201989e-01 -1.04812357e-01 -4.20135776e-01
 -2.13362732e-01 -7.46025281e-02 -4.27285524e-01
 2.13229557e-01 -7.49099589e-02 -4.27488558e-01
 -2.18434691e-01 -5.03595514e-02 -4.42722507e-01
 2.18497762e-01 -5.03486614e-02 -4.42244097e-01
 -2.28273393e-01 1.94944740e-04 -4.07749336e-01
 2.28273393e-01 -1.94930623e-04 -4.07749338e-01
 -2.18497763e-01 5.03486633e-02 -4.42244088e-01
 2.18434691e-01 5.03595518e-02 -4.42722508e-01
 -2.13229555e-01 7.49099776e-02 -4.27488521e-01
 2.13362732e-01 7.46025283e-02 -4.27285524e-01
 -2.01202020e-01 1.04812410e-01 -4.20135325e-01
 2.01572005e-01 1.04677231e-01 -4.17830665e-01
 -1.68986676e-01 1.50263730e-01 -4.26414163e-01
 1.70157255e-01 1.49972248e-01 -4.20567875e-01
 -1.27702858e-01 1.86839271e-01 -4.24887125e-01
 1.28524909e-01 1.87172762e-01 -4.18525128e-01
 -2.08171056e-02 2.24505068e-01 -4.32002273e-01
 2.06916160e-02 2.24466046e-01 -4.32422967e-01
 -5.75502353e-02 -2.24189551e-01 -3.77931538e-01
 5.77738931e-02 -2.24014542e-01 -3.79044320e-01
 -1.31561014e-01 -1.89461333e-01 -3.85665199e-01
 1.31221080e-01 -1.88924350e-01 -3.91685956e-01
 -1.72749294e-01 -1.53047189e-01 -3.84379803e-01
 1.71672742e-01 -1.52991779e-01 -3.92366874e-01
 -2.04246161e-01 -1.07991526e-01 -3.82022744e-01
 2.03790788e-01 -1.08408147e-01 -3.84020590e-01
 -2.15012072e-01 -8.02157391e-02 -3.96691200e-01
 2.14986998e-01 -8.01358657e-02 -3.97166639e-01
 -2.29887041e-01 -2.72356207e-02 -3.77574773e-01
 2.29869193e-01 -2.77916846e-02 -3.77100017e-01
 -2.31496745e-01 3.29191767e-04 -3.77553151e-01
 2.31496744e-01 -3.29180740e-04 -3.77553154e-01
 -2.29869183e-01 2.77917430e-02 -3.77100046e-01
 2.29887041e-01 2.72356230e-02 -3.77574772e-01
 -2.14986930e-01 8.01361237e-02 -3.97166398e-01
 2.15012072e-01 8.02157394e-02 -3.96691200e-01
 -2.03790668e-01 1.08408814e-01 -3.84018601e-01
 2.04246161e-01 1.07991526e-01 -3.82022744e-01
 -1.71672818e-01 1.52991638e-01 -3.92367226e-01
 1.72749294e-01 1.53047189e-01 -3.84379803e-01
 -1.31221002e-01 1.88924407e-01 -3.91685939e-01
 1.31561014e-01 1.89461333e-01 -3.85665199e-01
 -5.77738433e-02 2.24014552e-01 -3.79044344e-01
 5.75502352e-02 2.24189551e-01 -3.77931538e-01
 -5.41309785e-02 -2.28448109e-01 -3.43657938e-01
 5.38361435e-02 -2.28273431e-01 -3.46246392e-01
 -1.32870082e-01 -1.92654228e-01 -3.51679164e-01
 1.31961386e-01 -1.92622941e-01 -3.57381483e-01
 -1.75622990e-01 -1.55098534e-01 -3.48735092e-01
 1.74448650e-01 -1.55080019e-01 -3.58169935e-01
 -2.08378226e-01 -1.08197824e-01 -3.43435481e-01
 2.07218030e-01 -1.09685027e-01 -3.47099593e-01
 -2.17009879e-01 -8.52507018e-02 -3.60866294e-01
 2.17072862e-01 -8.48844272e-02 -3.61640847e-01
 -2.33316935e-01 -2.67007424e-02 -3.42935053e-01
 2.33246179e-01 -2.68985239e-02 -3.43457468e-01
 -2.34664690e-01 -1.00158373e-05 -3.44847403e-01
 2.34664691e-01 1.00263963e-05 -3.44847391e-01
 -2.33246180e-01 2.68985410e-02 -3.43457434e-01
 2.33316935e-01 2.67007455e-02 -3.42935055e-01
 -2.17072313e-01 8.48860694e-02 -3.61639959e-01
 2.17009879e-01 8.52507020e-02 -3.60866294e-01
 -2.07215865e-01 1.09690170e-01 -3.47094267e-01
 2.08378226e-01 1.08197824e-01 -3.43435481e-01
 -1.74449017e-01 1.55079599e-01 -3.58169977e-01
 1.75622990e-01 1.55098534e-01 -3.48735092e-01
 -1.31961677e-01 1.92622690e-01 -3.57381930e-01
 1.32870082e-01 1.92654228e-01 -3.51679164e-01
 -5.38361850e-02 2.28273430e-01 -3.46246303e-01
 5.41309786e-02 2.28448109e-01 -3.43657938e-01
 -8.76802412e-02 -2.22007889e-01 -2.97312559e-01
 9.00109193e-02 -2.20672579e-01 -3.02037009e-01
 -1.34078003e-01 -1.95685358e-01 -3.15729745e-01
 1.36810613e-01 -1.92965603e-01 -3.23657401e-01
 -1.74217643e-01 -1.61646968e-01 -3.10315214e-01
 1.77100054e-01 -1.56557105e-01 -3.25587316e-01
 -2.08198892e-01 -1.14383824e-01 -3.11629583e-01
 2.09739159e-01 -1.10884984e-01 -3.15315854e-01
 -2.31071303e-01 -5.96208130e-02 -2.98031181e-01
 2.31170637e-01 -5.78408014e-02 -3.02379323e-01
 -2.35190641e-01 -3.30929994e-02 -3.12159334e-01
 2.35683545e-01 -2.98444137e-02 -3.11450226e-01
 -2.37801645e-01 -1.29948450e-03 -3.08510983e-01
 2.37801645e-01 1.29952620e-03 -3.08510973e-01
 -2.35683519e-01 2.98446361e-02 -3.11450193e-01
 2.35190640e-01 3.30930063e-02 -3.12159336e-01
 -2.31170415e-01 5.78417609e-02 -3.02379098e-01
 2.31071303e-01 5.96208141e-02 -2.98031181e-01
 -2.09737477e-01 1.10886604e-01 -3.15324641e-01
 2.08198892e-01 1.14383824e-01 -3.11629583e-01
 -1.77108548e-01 1.56547880e-01 -3.25584359e-01
 1.74217643e-01 1.61646968e-01 -3.10315214e-01
 -1.36805582e-01 1.92968811e-01 -3.23660834e-01
 1.34078003e-01 1.95685358e-01 -3.15729745e-01
 -9.00110648e-02 2.20672679e-01 -3.02035146e-01
 8.76802412e-02 2.22007889e-01 -2.97312559e-01
 -9.14499155e-02 -2.22893470e-01 -2.66995555e-01
 8.93963297e-02 -2.23543985e-01 -2.69410701e-01
 -1.60759611e-01 -1.79686481e-01 -2.64397159e-01
 1.61887160e-01 -1.78255065e-01 -2.68854736e-01
 -1.97993357e-01 -1.38126019e-01 -2.59840977e-01
 1.98652364e-01 -1.36913931e-01 -2.62047746e-01
 -2.09902254e-01 -1.16612998e-01 -2.78350929e-01
 2.08292457e-01 -1.18943147e-01 -2.81901550e-01
 -2.33357235e-01 -6.10449796e-02 -2.62843265e-01
 2.32956273e-01 -6.19401202e-02 -2.65173035e-01
 -2.38421918e-01 -2.99061243e-02 -2.75988774e-01
 2.38319414e-01 -3.07904828e-02 -2.75849330e-01
 -2.40581436e-01 3.97091275e-04 -2.71894540e-01
 2.40581436e-01 -3.97042045e-04 -2.71894533e-01
 -2.38319376e-01 3.07907672e-02 -2.75849337e-01
 2.38421917e-01 2.99061312e-02 -2.75988775e-01
 -2.32955928e-01 6.19414407e-02 -2.65172952e-01
 2.33357235e-01 6.10449805e-02 -2.62843265e-01
 -2.08282761e-01 1.18958973e-01 -2.81909332e-01
 2.09902254e-01 1.16612998e-01 -2.78350929e-01
 -1.98660738e-01 1.36899902e-01 -2.62063441e-01
 1.97993357e-01 1.38126019e-01 -2.59840977e-01
 -1.61929642e-01 1.78205693e-01 -2.68969058e-01
 1.60759611e-01 1.79686481e-01 -2.64397159e-01
 -8.93950602e-02 2.23544474e-01 -2.69410954e-01
 9.14499154e-02 2.22893470e-01 -2.66995555e-01
 -8.96150779e-02 -2.26026064e-01 -2.32597726e-01
 8.96670506e-02 -2.25919562e-01 -2.33928930e-01
 -1.61892962e-01 -1.81293836e-01 -2.34032945e-01
 1.61936388e-01 -1.81370857e-01 -2.32592987e-01
 -1.98855976e-01 -1.40453999e-01 -2.27296271e-01
 1.98802694e-01 -1.40524441e-01 -2.27345391e-01
 -2.13870695e-01 -1.14585739e-01 -2.40979150e-01
 2.13431916e-01 -1.15303932e-01 -2.41721183e-01
 -2.35365459e-01 -6.22868326e-02 -2.27101788e-01
 2.35380187e-01 -6.19455500e-02 -2.28347683e-01
 -2.40660478e-01 -3.16226150e-02 -2.39417439e-01
 2.40602133e-01 -3.18231953e-02 -2.39929916e-01
 -2.42999967e-01 4.75372205e-05 -2.34981312e-01
 2.42999967e-01 -4.75130144e-05 -2.34981314e-01
 -2.40602110e-01 3.18233161e-02 -2.39930038e-01
 2.40660478e-01 3.16226185e-02 -2.39417440e-01
 -2.35380190e-01 6.19455518e-02 -2.28347620e-01
 2.35365458e-01 6.22868330e-02 -2.27101788e-01
 -2.13431995e-01 1.15303693e-01 -2.41721884e-01
 2.13870695e-01 1.14585739e-01 -2.40979150e-01
 -1.98802946e-01 1.40523150e-01 -2.27354634e-01
 1.98855976e-01 1.40453999e-01 -2.27296271e-01
 -1.61928445e-01 1.81374888e-01 -2.32631164e-01
 1.61892962e-01 1.81293836e-01 -2.34032945e-01
 -8.96684529e-02 2.25918999e-01 -2.33929027e-01
 8.96150779e-02 2.26026064e-01 -2.32597726e-01
 -9.17046267e-02 -2.27351289e-01 -1.96026648e-01
 9.11773346e-02 -2.27525017e-01 -1.96735769e-01
 -1.63434419e-01 -1.82505114e-01 -1.99241515e-01
 1.63502605e-01 -1.82498035e-01 -1.98448592e-01
 -2.00239720e-01 -1.41723418e-01 -1.92604360e-01
 2.00073695e-01 -1.42078713e-01 -1.91171373e-01
 -2.14942601e-01 -1.16857365e-01 -2.05680699e-01
 2.14713792e-01 -1.17306938e-01 -2.05409629e-01
 -2.37169208e-01 -6.26743828e-02 -1.92777118e-01
 2.37093791e-01 -6.29071981e-02 -1.93047927e-01
 -2.42733860e-01 -3.19703993e-02 -2.02313291e-01
 2.42692677e-01 -3.21489687e-02 -2.02650758e-01
 -2.45053893e-01 7.90410580e-05 -1.97932656e-01
 2.45053892e-01 -7.90382775e-05 -1.97932657e-01
 -2.42692675e-01 3.21489773e-02 -2.02650774e-01
 2.42733860e-01 3.19703998e-02 -2.02313291e-01
 -2.37093773e-01 6.29072670e-02 -1.93047917e-01
 2.37169208e-01 6.26743829e-02 -1.92777118e-01
 -2.14713272e-01 1.17307814e-01 -2.05410334e-01
 2.14942601e-01 1.16857365e-01 -2.05680699e-01
 -2.00073164e-01 1.42079208e-01 -1.91174386e-01
 2.00239720e-01 1.41723418e-01 -1.92604360e-01
 -1.63502436e-01 1.82497266e-01 -1.98462133e-01
 1.63434419e-01 1.82505114e-01 -1.99241515e-01
 -9.11768863e-02 2.27525210e-01 -1.96735521e-01
 9.17046267e-02 2.27351289e-01 -1.96026648e-01
 -9.30644930e-02 -2.28640442e-01 -1.58116342e-01
 9.25709273e-02 -2.28865947e-01 -1.57531025e-01
 -1.64272857e-01 -1.84079588e-01 -1.61450114e-01
 1.64459591e-01 -1.83688534e-01 -1.65484278e-01
 -2.01652215e-01 -1.42539125e-01 -1.55896474e-01
 2.01561119e-01 -1.42699011e-01 -1.55440403e-01
 -2.16232014e-01 -1.18054191e-01 -1.70031724e-01
 2.16217686e-01 -1.18257196e-01 -1.68054650e-01
 -2.38352754e-01 -6.39682610e-02 -1.59801186e-01
 2.38399421e-01 -6.39774619e-02 -1.58624107e-01
 -2.44410493e-01 -3.28139343e-02 -1.64280564e-01
 2.44390226e-01 -3.28095766e-02 -1.64776162e-01
 -2.46736323e-01 -2.82440774e-05 -1.61055821e-01
 2.46736323e-01 2.82451191e-05 -1.61055822e-01
 -2.44390225e-01 3.28095845e-02 -1.64776170e-01
 2.44410493e-01 3.28139344e-02 -1.64280564e-01
 -2.38399416e-01 6.39774825e-02 -1.58624105e-01
 2.38352754e-01 6.39682610e-02 -1.59801186e-01
 -2.16217485e-01 1.18257517e-01 -1.68055171e-01
 2.16232014e-01 1.18054191e-01 -1.70031724e-01
 -2.01561227e-01 1.42698806e-01 -1.55441174e-01
 2.01652215e-01 1.42539125e-01 -1.55896473e-01
 -1.64460144e-01 1.83687851e-01 -1.65487613e-01
 1.64272857e-01 1.84079588e-01 -1.61450114e-01
 -9.25708623e-02 2.28865977e-01 -1.57530945e-01
 9.30644930e-02 2.28640442e-01 -1.58116342e-01
 -9.39399106e-02 -2.29668423e-01 -1.21833236e-01
 9.37044803e-02 -2.29872320e-01 -1.18536870e-01
 -2.02450748e-01 -1.43662283e-01 -1.18310971e-01
 2.02769702e-01 -1.42991995e-01 -1.22490000e-01
 -2.17183347e-01 -1.19267932e-01 -1.33059626e-01
 2.17441092e-01 -1.19116132e-01 -1.28419230e-01
 -2.39289335e-01 -6.51538090e-02 -1.26212219e-01
 2.39465090e-01 -6.48882155e-02 -1.23027808e-01
 -2.45779663e-01 -3.32793697e-02 -1.25528701e-01
 2.45750855e-01 -3.32743755e-02 -1.26448915e-01
 -2.48063645e-01 2.24931348e-05 -1.24220944e-01
 2.48063645e-01 -2.24931024e-05 -1.24220944e-01
 -2.45750855e-01 3.32743757e-02 -1.26448916e-01
 2.45779663e-01 3.32793697e-02 -1.25528701e-01
 -2.39465089e-01 6.48882179e-02 -1.23027809e-01
 2.39289335e-01 6.51538090e-02 -1.26212219e-01
 -2.17441062e-01 1.19116176e-01 -1.28419377e-01
 2.17183347e-01 1.19267932e-01 -1.33059626e-01
 -2.02769676e-01 1.42992021e-01 -1.22490185e-01
 2.02450748e-01 1.43662283e-01 -1.18310971e-01
 -9.37044612e-02 2.29872328e-01 -1.18536850e-01
 9.39399106e-02 2.29668423e-01 -1.21833236e-01
 -9.42428216e-02 -2.30493805e-01 -8.86247175e-02
 9.43339294e-02 -2.30647594e-01 -8.02792141e-02
 -1.66527514e-01 -1.85323955e-01 -8.23280007e-02
 1.66205272e-01 -1.85224360e-01 -9.53095102e-02
 -2.02988323e-01 -1.44538783e-01 -8.04269843e-02
 2.02412761e-01 -1.44928474e-01 -9.16350852e-02
 -2.17848978e-01 -1.20303059e-01 -9.54146287e-02
 2.17915438e-01 -1.20591487e-01 -8.67691565e-02
 -2.40177430e-01 -6.55856038e-02 -9.06272124e-02
 2.40407450e-01 -6.51773827e-02 -8.54322469e-02
 -2.46763166e-01 -3.36804922e-02 -8.70461438e-02
 2.46769898e-01 -3.33985777e-02 -8.84671866e-02
 -2.49048143e-01 -9.07261504e-05 -8.71792793e-02
 2.49048143e-01 9.07261196e-05 -8.71792793e-02
 -2.46769898e-01 3.33985776e-02 -8.84671866e-02
 2.46763166e-01 3.36804922e-02 -8.70461438e-02
 -2.40407450e-01 6.51773823e-02 -8.54322477e-02
 2.40177430e-01 6.55856037e-02 -9.06272124e-02
 -2.17915438e-01 1.20591485e-01 -8.67691880e-02
 2.17848978e-01 1.20303059e-01 -9.54146287e-02
 -2.02412768e-01 1.44928463e-01 -9.16351048e-02
 2.02988323e-01 1.44538783e-01 -8.04269843e-02
 -1.66205280e-01 1.85224351e-01 -9.53095935e-02
 1.66527514e-01 1.85323955e-01 -8.23280007e-02
 -9.43339247e-02 2.30647596e-01 -8.02792099e-02
 9.42428216e-02 2.30493805e-01 -8.86247175e-02
 -9.51260503e-02 -2.30778646e-01 -5.54618885e-02
 9.46274200e-02 -2.31154947e-01 -4.25284872e-02
 -1.66492759e-01 -1.86175604e-01 -4.35992141e-02
 1.66584591e-01 -1.85852793e-01 -5.77322574e-02
 -2.03444428e-01 -1.44903598e-01 -4.25792329e-02
 2.03593583e-01 -1.44373426e-01 -5.74061962e-02
 -2.18360149e-01 -1.20879413e-01 -5.75517435e-02
 2.18435872e-01 -1.21059700e-01 -4.56629100e-02
 -2.40827036e-01 -6.57356033e-02 -5.38396305e-02
 2.40885127e-01 -6.58458008e-02 -4.71060281e-02
 -2.47397309e-01 -3.38245900e-02 -4.90662758e-02
 2.47383322e-01 -3.37579508e-02 -5.08948498e-02
 -2.49688486e-01 -2.56015074e-05 -4.99054152e-02
 2.49688486e-01 2.56014947e-05 -4.99054153e-02
 -2.47383322e-01 3.37579508e-02 -5.08948498e-02
 2.47397309e-01 3.38245900e-02 -4.90662758e-02
 -2.40885127e-01 6.58458008e-02 -4.71060282e-02
 2.40827036e-01 6.57356033e-02 -5.38396305e-02
 -2.18435872e-01 1.21059700e-01 -4.56629155e-02
 2.18360149e-01 1.20879413e-01 -5.75517435e-02
 -2.03593585e-01 1.44373423e-01 -5.74062018e-02
 2.03444428e-01 1.44903598e-01 -4.25792329e-02
 -1.66584594e-01 1.85852790e-01 -5.77322699e-02
 1.66492759e-01 1.86175604e-01 -4.35992141e-02
 -9.46274192e-02 2.31154947e-01 -4.25284865e-02
 9.51260503e-02 2.30778646e-01 -5.54618885e-02
 -9.49199875e-02 -2.31227917e-01 -1.95330074e-02
 9.47905934e-02 -2.31329048e-01 -5.08320360e-03
 -1.66720221e-01 -1.86286229e-01 -5.37998550e-03
 1.66791502e-01 -1.86159747e-01 -2.00573381e-02
 -2.03662189e-01 -1.44983659e-01 -4.81931687e-03
 2.03710210e-01 -1.44831677e-01 -2.03707551e-02
 -2.18647656e-01 -1.21117470e-01 -1.94980977e-02
 2.18655642e-01 -1.21190866e-01 -6.30470066e-03
 -2.41138297e-01 -6.58444900e-02 -1.64071419e-02
 2.41140845e-01 -6.59247166e-02 -8.96604192e-03
 -2.47676604e-01 -3.38841057e-02 -1.14314687e-02
 2.47669178e-01 -3.38915033e-02 -1.34724413e-02
 -2.49980479e-01 2.17062797e-06 -1.24964113e-02
 2.49980479e-01 -2.17063141e-06 -1.24964113e-02
 -2.47669178e-01 3.38915033e-02 -1.34724412e-02
 2.47676604e-01 3.38841057e-02 -1.14314687e-02
 -2.41140845e-01 6.59247167e-02 -8.96604198e-03
 2.41138297e-01 6.58444900e-02 -1.64071419e-02
 -2.18655642e-01 1.21190866e-01 -6.30470148e-03
 2.18647656e-01 1.21117470e-01 -1.94980977e-02
 -2.03710210e-01 1.44831677e-01 -2.03707564e-02
 2.03662189e-01 1.44983659e-01 -4.81931687e-03
 -1.66791503e-01 1.86159746e-01 -2.00573401e-02
 1.66720221e-01 1.86286229e-01 -5.37998550e-03
 -9.47905933e-02 2.31329048e-01 -5.08320350e-03
 9.49199875e-02 2.31227917e-01 -1.95330074e-02
 -9.47504306e-02 -2.31307451e-01 1.75357470e-02
 9.49311596e-02 -2.31137649e-01 3.18652378e-02
 -1.66745974e-01 -1.86090861e-01 3.24891311e-02
 1.66666325e-01 -1.86285866e-01 1.78492572e-02
 -2.03695307e-01 -1.44709428e-01 3.28397813e-02
 2.03624079e-01 -1.44977768e-01 1.72886191e-02
 -2.18617407e-01 -1.21176960e-01 1.90047859e-02
 2.18594205e-01 -1.21046648e-01 3.20705478e-02
 -2.41094171e-01 -6.59157528e-02 2.14342852e-02
 2.41073231e-01 -6.58163332e-02 2.88187359e-02
 -2.47607498e-01 -3.38845176e-02 2.60357915e-02
 2.47623097e-01 -3.38639722e-02 2.40110462e-02
 -2.49922219e-01 -5.87754212e-06 2.49429187e-02
 2.49922219e-01 5.87753877e-06 2.49429187e-02
 -2.47623097e-01 3.38639722e-02 2.40110462e-02
 2.47607498e-01 3.38845176e-02 2.60357915e-02
 -2.41073231e-01 6.58163332e-02 2.88187359e-02
 2.41094171e-01 6.59157528e-02 2.14342852e-02
 -2.18594205e-01 1.21046648e-01 3.20705477e-02
 2.18617407e-01 1.21176960e-01 1.90047859e-02
 -2.03624079e-01 1.44977768e-01 1.72886188e-02
 2.03695307e-01 1.44709428e-01 3.28397813e-02
 -1.66666326e-01 1.86285865e-01 1.78492569e-02
 1.66745974e-01 1.86090861e-01 3.24891311e-02
 -9.49311596e-02 2.31137649e-01 3.18652378e-02
 9.47504306e-02 2.31307451e-01 1.75357470e-02
 -9.45256252e-02 -2.31031722e-01 5.50271996e-02
 9.48737188e-02 -2.30684119e-01 6.73872071e-02
 -1.66428348e-01 -1.85727584e-01 7.00707383e-02
 1.66376693e-01 -1.86071661e-01 5.60189813e-02
 -2.03505920e-01 -1.44159089e-01 6.96847432e-02
 2.03339669e-01 -1.44789311e-01 5.49959270e-02
 -2.18333279e-01 -1.20894787e-01 5.86556081e-02
 2.18229370e-01 -1.20703688e-01 7.00356443e-02
 -2.40757283e-01 -6.56834378e-02 5.95472143e-02
 2.40655665e-01 -6.56629255e-02 6.61188291e-02
 -2.47211119e-01 -3.36836703e-02 6.35072437e-02
 2.47227571e-01 -3.37696767e-02 6.17267411e-02
 -2.49514129e-01 3.06362506e-05 6.23151100e-02
 2.49514129e-01 -3.06362716e-05 6.23151100e-02
 -2.47227571e-01 3.37696767e-02 6.17267411e-02
 2.47211119e-01 3.36836702e-02 6.35072437e-02
 -2.40655665e-01 6.56629255e-02 6.61188291e-02
 2.40757283e-01 6.56834378e-02 5.95472143e-02
 -2.18229370e-01 1.20703688e-01 7.00356443e-02
 2.18333279e-01 1.20894787e-01 5.86556081e-02
 -2.03339669e-01 1.44789311e-01 5.49959269e-02
 2.03505920e-01 1.44159089e-01 6.96847432e-02
 -1.66376693e-01 1.86071661e-01 5.60189813e-02
 1.66428348e-01 1.85727584e-01 7.00707383e-02
 -9.48737188e-02 2.30684119e-01 6.73872071e-02
 9.45256252e-02 2.31031722e-01 5.50271996e-02
 -9.41444562e-02 -2.30431150e-01 9.28057122e-02
 9.41733848e-02 -2.30223446e-01 1.00282675e-01
 -1.65937811e-01 -1.85046368e-01 1.07516269e-01
 1.66389966e-01 -1.85083882e-01 9.45165194e-02
 -2.02148891e-01 -1.44800657e-01 1.03428880e-01
 2.02816116e-01 -1.44320803e-01 9.27041619e-02
 -2.17604598e-01 -1.20508609e-01 1.00073095e-01
 2.17653568e-01 -1.20003996e-01 1.07774954e-01
 -2.40140029e-01 -6.50796094e-02 9.77679585e-02
 2.39911086e-01 -6.54532079e-02 1.02648784e-01
 -2.46468729e-01 -3.33643441e-02 1.01191797e-01
 2.46475504e-01 -3.35661317e-02 9.98511387e-02
 -2.48758943e-01 5.77491548e-05 9.95176348e-02
 2.48758943e-01 -5.77491545e-05 9.95176348e-02
 -2.46475504e-01 3.35661317e-02 9.98511387e-02
 2.46468729e-01 3.33643441e-02 1.01191797e-01
 -2.39911086e-01 6.54532079e-02 1.02648784e-01
 2.40140029e-01 6.50796094e-02 9.77679585e-02
 -2.17653568e-01 1.20003996e-01 1.07774954e-01
 2.17604598e-01 1.20508609e-01 1.00073095e-01
 -2.02816116e-01 1.44320803e-01 9.27041619e-02
 2.02148891e-01 1.44800657e-01 1.03428880e-01
 -1.66389966e-01 1.85083882e-01 9.45165194e-02
 1.65937811e-01 1.85046368e-01 1.07516269e-01
 -9.41733849e-02 2.30223446e-01 1.00282675e-01
 9.41444562e-02 2.30431150e-01 9.28057122e-02
 -9.33754185e-02 -2.29581481e-01 1.31049610e-01
 9.37232942e-02 -2.29341627e-01 1.33767694e-01
 -1.65239699e-01 -1.84141835e-01 1.43534041e-01
 1.64836878e-01 -1.84960957e-01 1.33760878e-01
 -2.02620188e-01 -1.42517436e-01 1.34690150e-01
 2.02188592e-01 -1.43385347e-01 1.30256078e-01
 -2.17138816e-01 -1.18751785e-01 1.41350526e-01
 2.16922085e-01 -1.18856154e-01 1.45218386e-01
 -2.39134692e-01 -6.46205228e-02 1.34983683e-01
 2.38972038e-01 -6.48485653e-02 1.37813130e-01
 -2.45335607e-01 -3.31306814e-02 1.39300987e-01
 2.45363183e-01 -3.31464050e-02 1.38461508e-01
 -2.47660355e-01 1.76182931e-07 1.36490222e-01
 2.47660355e-01 -1.76196989e-07 1.36490222e-01
 -2.45363183e-01 3.31464050e-02 1.38461508e-01
 2.45335607e-01 3.31306814e-02 1.39300987e-01
 -2.38972038e-01 6.48485653e-02 1.37813130e-01
 2.39134692e-01 6.46205228e-02 1.34983683e-01
 -2.16922085e-01 1.18856154e-01 1.45218386e-01
 2.17138816e-01 1.18751785e-01 1.41350527e-01
 -2.02188592e-01 1.43385347e-01 1.30256078e-01
 2.02620188e-01 1.42517436e-01 1.34690150e-01
 -1.64836878e-01 1.84960957e-01 1.33760878e-01
 1.65239699e-01 1.84141835e-01 1.43534041e-01
 -9.37232943e-02 2.29341627e-01 1.33767694e-01
 9.33754185e-02 2.29581481e-01 1.31049610e-01
 -9.20896293e-02 -2.28508318e-01 1.69868127e-01
 9.26837946e-02 -2.28245682e-01 1.70346609e-01
 -1.64210613e-01 -1.83149889e-01 1.78482166e-01
 1.63630730e-01 -1.84082833e-01 1.71510701e-01
 -2.01311492e-01 -1.42142880e-01 1.68241976e-01
 2.01224698e-01 -1.42345867e-01 1.67153831e-01
 -2.15830141e-01 -1.17825685e-01 1.80419875e-01
 2.15977882e-01 -1.17409729e-01 1.81923506e-01
 -2.37969935e-01 -6.36945881e-02 1.70331881e-01
 2.37982283e-01 -6.35033844e-02 1.71195944e-01
 -2.43856909e-01 -3.26331039e-02 1.77488631e-01
 2.43901680e-01 -3.24567449e-02 1.77021135e-01
 -2.46213574e-01 -5.27945462e-05 1.73383881e-01
 2.46213574e-01 5.27945419e-05 1.73383881e-01
 -2.43901680e-01 3.24567449e-02 1.77021135e-01
 2.43856909e-01 3.26331039e-02 1.77488631e-01
 -2.37982283e-01 6.35033844e-02 1.71195944e-01
 2.37969935e-01 6.36945881e-02 1.70331881e-01
 -2.15977882e-01 1.17409729e-01 1.81923506e-01
 2.15830141e-01 1.17825685e-01 1.80419875e-01
 -2.01224698e-01 1.42345867e-01 1.67153831e-01
 2.01311492e-01 1.42142880e-01 1.68241976e-01
 -1.63630730e-01 1.84082833e-01 1.71510701e-01
 1.64210613e-01 1.83149889e-01 1.78482166e-01
 -9.26837946e-02 2.28245682e-01 1.70346609e-01
 9.20896293e-02 2.28508318e-01 1.69868127e-01
 -9.03006727e-02 -2.27217524e-01 2.08537200e-01
 9.06703326e-02 -2.27122262e-01 2.07629242e-01
 -1.62387477e-01 -1.82438157e-01 2.13415130e-01
 1.62719916e-01 -1.82594134e-01 2.07137091e-01
 -1.99755871e-01 -1.41445838e-01 2.03594385e-01
 2.00194234e-01 -1.40898091e-01 2.02780527e-01
 -2.14520889e-01 -1.16317834e-01 2.17290585e-01
 2.14790171e-01 -1.15762601e-01 2.17777970e-01
 -2.36612325e-01 -6.23105719e-02 2.05212087e-01
 2.36688744e-01 -6.21557686e-02 2.04552154e-01
 -2.42023074e-01 -3.21296526e-02 2.15128499e-01
 2.42081179e-01 -3.18383980e-02 2.14775009e-01
 -2.44392832e-01 -8.89770985e-05 2.10604310e-01
 2.44392832e-01 8.89770894e-05 2.10604310e-01
 -2.42081179e-01 3.18383979e-02 2.14775009e-01
 2.42023074e-01 3.21296526e-02 2.15128499e-01
 -2.36688744e-01 6.21557686e-02 2.04552154e-01
 2.36612325e-01 6.23105719e-02 2.05212087e-01
 -2.14790171e-01 1.15762601e-01 2.17777970e-01
 2.14520889e-01 1.16317834e-01 2.17290585e-01
 -2.00194234e-01 1.40898091e-01 2.02780527e-01
 1.99755870e-01 1.41445838e-01 2.03594385e-01
 -1.62719916e-01 1.82594134e-01 2.07137091e-01
 1.62387477e-01 1.82438157e-01 2.13415129e-01
 -9.06703326e-02 2.27122262e-01 2.07629242e-01
 9.03006726e-02 2.27217524e-01 2.08537200e-01
 -9.03153043e-02 -2.24870672e-01 2.45807289e-01
 9.17976016e-02 -2.24429821e-01 2.43456957e-01
 -1.64018781e-01 -1.77901298e-01 2.51363245e-01
 1.61714318e-01 -1.81029600e-01 2.39224193e-01
 -1.99120875e-01 -1.38929352e-01 2.38311136e-01
 1.98090496e-01 -1.40528026e-01 2.37049504e-01
 -2.10035121e-01 -1.19534582e-01 2.56022855e-01
 2.11299932e-01 -1.17635464e-01 2.53431997e-01
 -2.34404553e-01 -6.25399851e-02 2.41437550e-01
 2.34591088e-01 -6.23234356e-02 2.39426349e-01
 -2.39935350e-01 -3.14895029e-02 2.51059803e-01
 2.39986057e-01 -3.11483274e-02 2.50965309e-01
 -2.42161057e-01 -1.30595531e-04 2.48451371e-01
 2.42161057e-01 1.30595495e-04 2.48451371e-01
 -2.39986057e-01 3.11483273e-02 2.50965309e-01
 2.39935350e-01 3.14895029e-02 2.51059803e-01
 -2.34591088e-01 6.23234356e-02 2.39426348e-01
 2.34404553e-01 6.25399851e-02 2.41437550e-01
 -2.11299932e-01 1.17635464e-01 2.53431997e-01
 2.10035122e-01 1.19534582e-01 2.56022854e-01
 -1.98090497e-01 1.40528026e-01 2.37049504e-01
 1.99120874e-01 1.38929353e-01 2.38311136e-01
 -1.61714318e-01 1.81029600e-01 2.39224192e-01
 1.64018782e-01 1.77901299e-01 2.51363236e-01
 -9.17976017e-02 2.24429821e-01 2.43456957e-01
 9.03153042e-02 2.24870673e-01 2.45807289e-01
 -9.08184047e-02 -2.22189405e-01 2.79539211e-01
 8.87706148e-02 -2.23342593e-01 2.75328572e-01
 -1.37033664e-01 -1.95019320e-01 3.01708192e-01
 1.35392624e-01 -1.96601126e-01 2.97101587e-01
 -1.78151312e-01 -1.58517420e-01 3.00248903e-01
 1.76098559e-01 -1.61865475e-01 2.90898347e-01
 -2.10699792e-01 -1.13823140e-01 2.87050948e-01
 2.09814358e-01 -1.15651005e-01 2.85734989e-01
 -2.32711480e-01 -5.90236331e-02 2.78900059e-01
 2.32600940e-01 -6.05234192e-02 2.75208089e-01
 -2.37551502e-01 -3.10196987e-02 2.85854848e-01
 2.37319341e-01 -3.25522202e-02 2.86213434e-01
 -2.39526652e-01 4.80060926e-04 2.86405381e-01
 2.39526652e-01 -4.80061076e-04 2.86405381e-01
 -2.37319341e-01 3.25522203e-02 2.86213435e-01
 2.37551502e-01 3.10196987e-02 2.85854848e-01
 -2.32600940e-01 6.05234191e-02 2.75208088e-01
 2.32711480e-01 5.90236329e-02 2.78900059e-01
 -2.09814358e-01 1.15651006e-01 2.85734988e-01
 2.10699791e-01 1.13823143e-01 2.87050943e-01
 -1.76098560e-01 1.61865472e-01 2.90898358e-01
 1.78151324e-01 1.58517403e-01 3.00248926e-01
 -1.35392623e-01 1.96601128e-01 2.97101568e-01
 1.37033653e-01 1.95019331e-01 3.01708161e-01
 -8.87706147e-02 2.23342593e-01 2.75328572e-01
 9.08184031e-02 2.22189406e-01 2.79539210e-01
 -5.56426882e-02 -2.29550567e-01 3.27668825e-01
 5.58632244e-02 -2.29773401e-01 3.24554691e-01
 -1.33590376e-01 -1.94127035e-01 3.33905513e-01
 1.34743778e-01 -1.93583012e-01 3.31535382e-01
 -1.76245691e-01 -1.56685685e-01 3.31953069e-01
 1.76788883e-01 -1.56527169e-01 3.28510241e-01
 -2.09604497e-01 -1.10049549e-01 3.21373340e-01
 2.10647782e-01 -1.08474950e-01 3.19015913e-01
 -2.19148234e-01 -8.51977336e-02 3.39773984e-01
 2.18923946e-01 -8.58884473e-02 3.39304716e-01
 -2.35496977e-01 -2.81739629e-02 3.16162028e-01
 2.35401473e-01 -2.90887476e-02 3.15974463e-01
 -2.36428371e-01 3.58715937e-04 3.24998381e-01
 2.36428371e-01 -3.58716727e-04 3.24998380e-01
 -2.35401473e-01 2.90887473e-02 3.15974464e-01
 2.35496977e-01 2.81739624e-02 3.16162026e-01
 -2.18923945e-01 8.58884495e-02 3.39304710e-01
 2.19148235e-01 8.51977364e-02 3.39773967e-01
 -2.10647781e-01 1.08474953e-01 3.19015912e-01
 2.09604498e-01 1.10049552e-01 3.21373322e-01
 -1.76788878e-01 1.56527169e-01 3.28510290e-01
 1.76245732e-01 1.56685632e-01 3.31953120e-01
 -1.34743776e-01 1.93583021e-01 3.31535310e-01
 1.33590317e-01 1.94127084e-01 3.33905440e-01
 -5.58632237e-02 2.29773401e-01 3.24554700e-01
 5.56426884e-02 2.29550567e-01 3.27668822e-01
 -5.67165622e-02 -2.25939176e-01 3.62981438e-01
 5.65096151e-02 -2.26083924e-01 3.62054645e-01
 -1.33657023e-01 -1.90181540e-01 3.68060479e-01
 1.33540245e-01 -1.90529495e-01 3.65852749e-01
 -1.73856649e-01 -1.54563524e-01 3.66256361e-01
 1.73759673e-01 -1.55140261e-01 3.63077415e-01
 -2.05445364e-01 -1.10641942e-01 3.58899716e-01
 2.05516764e-01 -1.10677996e-01 3.58066828e-01
 -2.16344037e-01 -8.35409381e-02 3.73441707e-01
 2.16336198e-01 -8.36875820e-02 3.72988755e-01
 -2.32343021e-01 -2.86044238e-02 3.50964561e-01
 2.32332667e-01 -2.81520604e-02 3.51658778e-01
 -2.33094147e-01 -2.10153391e-04 3.61487469e-01
 2.33094148e-01 2.10143066e-04 3.61487461e-01
 -2.32332666e-01 2.81520574e-02 3.51658784e-01
 2.32343022e-01 2.86044207e-02 3.50964548e-01
 -2.16336201e-01 8.36875750e-02 3.72988748e-01
 2.16344034e-01 8.35409680e-02 3.73441627e-01
 -2.05516759e-01 1.10678006e-01 3.58066831e-01
 2.05445352e-01 1.10641977e-01 3.58899658e-01
 -1.73759640e-01 1.55140268e-01 3.63077617e-01
 1.73856703e-01 1.54563452e-01 3.66256435e-01
 -1.33540243e-01 1.90529532e-01 3.65852446e-01
 1.33656866e-01 1.90181665e-01 3.68060353e-01
 -5.65096098e-02 2.26083919e-01 3.62054702e-01
 5.67165717e-02 2.25939175e-01 3.62981421e-01
 -5.61296271e-02 -2.22257417e-01 3.99020913e-01
 5.60364720e-02 -2.22267443e-01 3.99141027e-01
 -1.30141998e-01 -1.88314731e-01 4.02007417e-01
 1.31183094e-01 -1.88062436e-01 3.98467381e-01
 -1.70990274e-01 -1.52250129e-01 4.01641125e-01
 1.71428999e-01 -1.52294717e-01 3.98365010e-01
 -2.02572393e-01 -1.08046362e-01 3.95785984e-01
 2.02896452e-01 -1.07708999e-01 3.94599573e-01
 -2.13180792e-01 -8.16099976e-02 4.07799129e-01
 2.13273308e-01 -8.13853777e-02 4.07743381e-01
 -2.28908278e-01 -2.78566439e-02 3.86264318e-01
 2.28910987e-01 -2.75433080e-02 3.86598005e-01
 -2.29356615e-01 -1.28882062e-04 3.97905044e-01
 2.29356614e-01 1.28837717e-04 3.97905052e-01
 -2.28910983e-01 2.75433062e-02 3.86598047e-01
 2.28908296e-01 2.78565772e-02 3.86264224e-01
 -2.13273321e-01 8.13853349e-02 4.07743405e-01
 2.13180741e-01 8.16102241e-02 4.07798832e-01
 -2.02896438e-01 1.07709024e-01 3.94599573e-01
 2.02572334e-01 1.08046488e-01 3.95785923e-01
 -1.71429010e-01 1.52294582e-01 3.98365758e-01
 1.70990901e-01 1.52249449e-01 4.01640976e-01
 -1.31183318e-01 1.88062398e-01 3.98466493e-01
 1.30141618e-01 1.88315039e-01 4.02007074e-01
 -5.60365025e-02 2.22267395e-01 3.99141386e-01
 5.61296595e-02 2.22257425e-01 3.99020771e-01
 -1.26607391e-01 -1.86395573e-01 4.33169881e-01
 1.26727982e-01 -1.86725731e-01 4.30321181e-01
 -1.68377031e-01 -1.49169765e-01 4.36303689e-01
 1.68766707e-01 -1.49219212e-01 4.33615961e-01
 -2.01150521e-01 -1.01603570e-01 4.32946789e-01
 2.01091184e-01 -1.02106313e-01 4.31492973e-01
 -2.14113155e-01 -6.82193150e-02 4.38208753e-01
 2.14086863e-01 -6.83232080e-02 4.38155300e-01
 -2.19912159e-01 -3.69825882e-02 4.52034168e-01
 2.19942007e-01 -3.68229676e-02 4.52010314e-01
 -2.22465542e-01 -2.02191234e-04 4.56228742e-01
 2.22465427e-01 2.01790722e-04 4.56229645e-01
 -2.19941831e-01 3.68231526e-02 4.52011441e-01
 2.19912593e-01 3.69813409e-02 4.52032420e-01
 -2.14086822e-01 6.83231532e-02 4.38155758e-01
 2.14113556e-01 6.82189632e-02 4.38206495e-01
 -2.01091217e-01 1.02106259e-01 4.31492933e-01
 2.01150178e-01 1.01604428e-01 4.32946112e-01
 -1.68766414e-01 1.49219023e-01 4.33618831e-01
 1.68378654e-01 1.49168012e-01 4.36303253e-01
 -1.26728321e-01 1.86725731e-01 4.30319584e-01
 1.26607652e-01 1.86395366e-01 4.33170077e-01
 -1.24926493e-01 -1.82794970e-01 4.64402760e-01
 1.24131321e-01 -1.83537910e-01 4.63124184e-01
 -1.65805298e-01 -1.45520881e-01 4.70442792e-01
 1.64669418e-01 -1.47170909e-01 4.68609968e-01
 -2.00072706e-01 -9.46040811e-02 4.65118995e-01
 1.99995707e-01 -9.52774161e-02 4.63446758e-01
 -2.09439107e-01 -6.76517201e-02 4.74274273e-01
 2.09353234e-01 -6.80126353e-02 4.74054928e-01
 -2.16404696e-01 -3.35009987e-02 4.82438648e-01
 2.16403165e-01 -3.36484634e-02 4.82285413e-01
 -2.18360649e-01 6.08577039e-05 4.86927074e-01
 2.18360252e-01 -6.04913663e-05 4.86929923e-01
 -2.16402737e-01 3.36483641e-02 4.82288592e-01
 2.16405198e-01 3.35013348e-02 4.82434673e-01
 -2.09352529e-01 6.80137121e-02 4.74057442e-01
 2.09440657e-01 6.76504901e-02 4.74266126e-01
 -1.99995401e-01 9.52781000e-02 4.63446624e-01
 2.00074115e-01 9.46029599e-02 4.65112948e-01
 -1.64667607e-01 1.47170333e-01 4.68623046e-01
 1.65807538e-01 1.45516272e-01 4.70452970e-01
 -1.24131109e-01 1.83538532e-01 4.63121151e-01
 1.24922245e-01 1.82798403e-01 4.64399425e-01
 -9.20628191e-02 -1.93377940e-01 5.15820273e-01
 9.18700061e-02 -1.93744743e-01 5.14165367e-01
 -1.65080336e-01 -1.40244881e-01 4.99277173e-01
 1.65949615e-01 -1.39331696e-01 4.98756915e-01
 -1.74857203e-01 -1.21551755e-01 5.23834010e-01
 1.74875042e-01 -1.21616796e-01 5.23497080e-01
 -2.05753377e-01 -6.48943238e-02 5.05240923e-01
 2.05671100e-01 -6.54735220e-02 5.04580882e-01
 -2.11759650e-01 -3.28496547e-02 5.15033990e-01
 2.11800566e-01 -3.30359423e-02 5.14573951e-01
 -2.13707383e-01 8.36727711e-05 5.18908816e-01
 2.13706625e-01 -8.24207638e-05 5.18913813e-01
 -2.11799114e-01 3.30323062e-02 5.14587245e-01
 2.11762116e-01 3.28506603e-02 5.15016740e-01
 -2.05673285e-01 6.54616069e-02 5.04591367e-01
 2.05751346e-01 6.49132737e-02 5.05215208e-01
 -1.74928800e-01 1.21525956e-01 5.23547238e-01
 1.74850320e-01 1.21594836e-01 5.23710784e-01
 -1.65961490e-01 1.39310577e-01 4.98788086e-01
 1.65056823e-01 1.40267483e-01 4.99299962e-01
 -9.18488750e-02 1.93762946e-01 5.14116019e-01
 9.21025685e-02 1.93355479e-01 5.15841455e-01
 -8.98923180e-02 -1.88822210e-01 5.47949546e-01
 8.94588292e-02 -1.89311040e-01 5.46383719e-01
 -1.35983256e-01 -1.56809326e-01 5.57413876e-01
 1.35786515e-01 -1.56947132e-01 5.57560689e-01
 -1.73789533e-01 -1.14838026e-01 5.52947391e-01
 1.74001544e-01 -1.14791490e-01 5.52034440e-01
 -2.01284985e-01 -6.16043632e-02 5.39470219e-01
 2.01396545e-01 -6.17519564e-02 5.38533229e-01
 -2.06733136e-01 -3.05600416e-02 5.48853268e-01
 2.06903282e-01 -3.03218996e-02 5.48038165e-01
 -2.08464156e-01 -8.92415086e-05 5.51980980e-01
 2.08462046e-01 8.94435601e-05 5.51993730e-01
 -2.06893411e-01 3.03598159e-02 5.48064204e-01
 2.06744301e-01 3.05221005e-02 5.48819759e-01
 -2.01391518e-01 6.17417663e-02 5.38581999e-01
 2.01294561e-01 6.16107782e-02 5.39401325e-01
 -1.73947914e-01 1.14712900e-01 5.52565995e-01
 1.73859302e-01 1.14820228e-01 5.52655530e-01
 -1.35700515e-01 1.56981708e-01 5.57739919e-01
 1.35960171e-01 1.56667594e-01 5.58141156e-01
 -8.94492407e-02 1.89329367e-01 5.46307225e-01
 8.99141688e-02 1.88808412e-01 5.47968261e-01
 -8.90370043e-02 -1.83104419e-01 5.80278325e-01
 8.93585641e-02 -1.83439098e-01 5.77790890e-01
 -1.32619447e-01 -1.52306629e-01 5.89437333e-01
 1.32861999e-01 -1.52318317e-01 5.88514323e-01
 -1.69201959e-01 -1.10797492e-01 5.87804222e-01
 1.68712968e-01 -1.12286193e-01 5.85528758e-01
 -1.95972321e-01 -5.94056709e-02 5.73631457e-01
 1.96211787e-01 -5.97953076e-02 5.71670614e-01
 -2.00548486e-01 -3.19252497e-02 5.83247229e-01
 2.00765275e-01 -3.20795429e-02 5.81916934e-01
 -2.02816767e-01 2.48928132e-04 5.84674910e-01
 2.02819731e-01 -2.23864974e-04 5.84658623e-01
 -2.00777891e-01 3.20369151e-02 5.81884862e-01
 2.00537595e-01 3.19731064e-02 5.83265201e-01
 -1.96160818e-01 5.98522642e-02 5.71855084e-01
 1.96027237e-01 5.93602824e-02 5.73406371e-01
 -1.68753541e-01 1.11926321e-01 5.86443397e-01
 1.69227413e-01 1.10973954e-01 5.87154006e-01
 -1.33043530e-01 1.52103087e-01 5.88748775e-01
 1.32578582e-01 1.51664317e-01 5.92227722e-01
 -8.93868867e-02 1.83457461e-01 5.77627485e-01
 8.89788235e-02 1.83167642e-01 5.80101839e-01
 -5.53623172e-02 -1.86111167e-01 6.29890751e-01
 5.59096746e-02 -1.87147187e-01 6.24179955e-01
 -1.28901962e-01 -1.47774801e-01 6.20282418e-01
 1.28177189e-01 -1.48738966e-01 6.18996973e-01
 -1.67531800e-01 -1.03396155e-01 6.16341868e-01
 1.68420764e-01 -1.02986100e-01 6.13557619e-01
 -1.72235015e-01 -8.62336815e-02 6.37480690e-01
 1.73390807e-01 -8.47370754e-02 6.35676093e-01
 -1.95592940e-01 -2.75330276e-02 6.12997022e-01
 1.95486459e-01 -3.09094709e-02 6.10961849e-01
 -1.96216891e-01 1.90505368e-03 6.19616686e-01
 1.96189134e-01 -1.91751816e-03 6.19756686e-01
 -1.95444582e-01 3.11529956e-02 6.10978315e-01
 1.95615778e-01 2.74381131e-02 6.12948510e-01
 -1.72284035e-01 8.67789594e-02 6.36083309e-01
 1.72833510e-01 8.52250772e-02 6.37059042e-01
 -1.68213529e-01 1.03005787e-01 6.14413756e-01
 1.68049694e-01 1.03038322e-01 6.15043472e-01
 -1.28175566e-01 1.48667552e-01 6.19276780e-01
 1.28874686e-01 1.46124395e-01 6.26596858e-01
 -5.61371568e-02 1.87094433e-01 6.24106307e-01
 5.43726380e-02 1.86418529e-01 6.29815824e-01
 -1.40834819e-01 -1.19424553e-01 6.74131499e-01
 1.39136725e-01 -1.23894754e-01 6.66826056e-01
 -1.76294129e-01 -6.42558009e-02 6.60806442e-01
 1.75485472e-01 -6.64353561e-02 6.60801847e-01
 -1.81218250e-01 -3.27797807e-02 6.76289071e-01
 1.80538474e-01 -3.79297798e-02 6.74888925e-01
 -1.83764121e-01 2.78324426e-03 6.77914465e-01
 1.83765565e-01 -3.00235972e-03 6.77893242e-01
 -1.80607422e-01 3.74519231e-02 6.75020742e-01
 1.81234307e-01 3.26630145e-02 6.76310620e-01
 -1.75899383e-01 6.56676878e-02 6.60268576e-01
 1.76346603e-01 6.40426286e-02 6.60913519e-01
 -1.39774884e-01 1.21067785e-01 6.72970411e-01
 1.41285510e-01 1.18567628e-01 6.75042191e-01
 -9.22656305e-02 -1.52477797e-01 7.01285388e-01
 9.15854561e-02 -1.53605800e-01 6.98768775e-01
 -1.34610773e-01 -1.15669040e-01 7.04279638e-01
 1.37080525e-01 -1.14846239e-01 6.98790624e-01
 -1.68110316e-01 -6.49131165e-02 6.93111351e-01
 1.67942063e-01 -6.48135827e-02 6.93912537e-01
 -1.74434190e-01 -3.25867720e-02 7.04395519e-01
 1.74701400e-01 -3.03813011e-02 7.04913014e-01
 -1.76824474e-01 -2.29087920e-03 7.06856222e-01
 1.76850075e-01 2.34029471e-03 7.06751146e-01
 -1.74712484e-01 3.05550968e-02 7.04748851e-01
 1.74444721e-01 3.25050863e-02 7.04414182e-01
 -1.68017450e-01 6.53856133e-02 6.92760946e-01
 1.68115449e-01 6.46351683e-02 6.93506923e-01
 -1.35706673e-01 1.14861095e-01 7.03029191e-01
 1.34079030e-01 1.15954847e-01 7.05150050e-01
 -9.15092126e-02 1.53703115e-01 6.98586189e-01
 9.09961659e-02 1.52454233e-01 7.04015961e-01
 -8.91848650e-02 -1.43982338e-01 7.35555804e-01
 8.84403948e-02 -1.47216230e-01 7.26698597e-01
 -1.30874081e-01 -1.06365778e-01 7.38195598e-01
 1.30092801e-01 -1.10682863e-01 7.30207280e-01
 -1.61171345e-01 -6.01119667e-02 7.25648391e-01
 1.61465891e-01 -6.06462400e-02 7.23887281e-01
 -1.66392562e-01 -3.22195225e-02 7.35123583e-01
 1.65704482e-01 -3.45072701e-02 7.35948618e-01
 -1.69511322e-01 1.18353461e-03 7.35004881e-01
 1.69538894e-01 -1.24604297e-03 7.34901471e-01
 -1.66137715e-01 3.37212526e-02 7.34968156e-01
 1.66431989e-01 3.21143735e-02 7.35054393e-01
 -1.61563714e-01 6.18482475e-02 7.21908144e-01
 1.61137224e-01 5.99731171e-02 7.25953388e-01
 -1.30203809e-01 1.09955128e-01 7.31648419e-01
 1.31007139e-01 1.05666329e-01 7.39424171e-01
 -8.83270732e-02 1.47114373e-01 7.27248946e-01
 8.95089368e-02 1.43249491e-01 7.37213494e-01
 -5.28917594e-02 -1.47622428e-01 7.78820448e-01
 5.19665461e-02 -1.49906996e-01 7.72811703e-01
 -9.82705833e-02 -1.20283137e-01 7.83580087e-01
 9.88244738e-02 -1.23392869e-01 7.74678497e-01
 -1.35466061e-01 -7.71364969e-02 7.81781629e-01
 1.35703403e-01 -7.89664664e-02 7.78191582e-01
 -1.59570014e-01 -2.77957470e-02 7.61732837e-01
 1.59370227e-01 -2.82597640e-02 7.62128772e-01
 -1.60475937e-01 4.43514315e-04 7.66783172e-01
 1.60425377e-01 1.12989352e-04 7.66954348e-01
 -1.59253263e-01 2.89666111e-02 7.62095360e-01
 1.59583791e-01 2.80345712e-02 7.61546601e-01
 -1.35646799e-01 8.13329097e-02 7.74440740e-01
 1.35424349e-01 7.71485149e-02 7.81878275e-01
 -9.83320323e-02 1.23474787e-01 7.75471864e-01
 9.83998254e-02 1.20235041e-01 7.83438670e-01
 -5.18917871e-02 1.49790023e-01 7.73254849e-01
 5.27428973e-02 1.47718982e-01 7.78689042e-01
 -9.30489091e-02 -1.14255790e-01 8.07836765e-01
 9.33820640e-02 -1.14469285e-01 8.06737359e-01
 -1.32458519e-01 -6.38288712e-02 8.08758219e-01
 1.32320506e-01 -6.46304552e-02 8.08100866e-01
 -1.38082700e-01 -3.58070985e-02 8.21228540e-01
 1.37857894e-01 -3.64922780e-02 8.21350252e-01
 -1.43067023e-01 6.04191865e-05 8.20066566e-01
 1.43095938e-01 -5.07312319e-05 8.19985854e-01
 -1.37829973e-01 3.69797446e-02 8.21076337e-01
 1.38088715e-01 3.58159142e-02 8.21206207e-01
 -1.32204565e-01 6.51942216e-02 8.07679802e-01
 1.32471293e-01 6.37640552e-02 8.08806545e-01
 -9.35375364e-02 1.14280338e-01 8.06877771e-01
 9.29956357e-02 1.14338502e-01 8.07747671e-01
 -5.87251090e-02 -1.20479829e-01 8.44141907e-01
 5.86015419e-02 -1.20682574e-01 8.43815862e-01
 -1.00259119e-01 -8.02088167e-02 8.58041070e-01
 9.99193393e-02 -8.09491535e-02 8.57562687e-01
 -1.29554912e-01 -2.77988404e-02 8.47988201e-01
 1.29478013e-01 -2.78604710e-02 8.48143745e-01
 -1.33987054e-01 3.06119298e-04 8.44249969e-01
 1.34020275e-01 -3.44267319e-04 8.44165362e-01
 -1.29517268e-01 2.78885547e-02 8.48033073e-01
 1.29564816e-01 2.77775918e-02 8.47975129e-01
 -9.98601906e-02 8.09233459e-02 8.57711881e-01
 1.00258862e-01 8.02238990e-02 8.58018989e-01
 -5.87315439e-02 1.20674848e-01 8.43688917e-01
 5.87257771e-02 1.20453279e-01 8.44201782e-01
 -2.07561579e-02 -1.13055176e-01 8.88033415e-01
 2.06888227e-02 -1.12795334e-01 8.88587059e-01
 -9.54679718e-02 -6.95990636e-02 8.81288481e-01
 9.63118271e-02 -6.93780059e-02 8.80097488e-01
 -9.69766266e-02 -4.80368144e-02 9.01447710e-01
 9.64291807e-02 -4.80518761e-02 9.02374027e-01
 -1.23021694e-01 -4.50095225e-04 8.70544290e-01
 1.23027312e-01 4.83796366e-04 8.70531299e-01
 -9.64262594e-02 4.80407524e-02 9.02388498e-01
 9.69634668e-02 4.80448986e-02 9.01463466e-01
 -9.63427246e-02 6.93289727e-02 8.80105202e-01
 9.54804902e-02 6.95955355e-02 8.81271240e-01
 -2.06934613e-02 1.12791513e-01 8.88593093e-01
 2.07514051e-02 1.13065086e-01 8.88015005e-01
 -5.39702313e-02 -7.10999937e-02 9.34083551e-01
 5.43604035e-02 -7.41507313e-02 9.29917120e-01
 -9.30548833e-02 -2.82090093e-02 9.21260358e-01
 9.27233721e-02 -2.98200458e-02 9.20983310e-01
 -9.12462875e-02 8.36449268e-05 9.31013280e-01
 9.12414154e-02 -6.45120738e-05 9.31020945e-01
 -9.27003868e-02 2.98729737e-02 9.20992888e-01
 9.30505659e-02 2.82426006e-02 9.21250869e-01
 -5.43896525e-02 7.42598324e-02 9.29750444e-01
 5.39579857e-02 7.11614489e-02 9.34019991e-01
 -5.50054026e-02 -3.40024229e-02 9.65966798e-01
 5.49112645e-02 -3.37114454e-02 9.66215640e-01
 -5.54934061e-02 5.13589975e-04 9.75050506e-01
 5.54791705e-02 -5.29664403e-04 9.75063330e-01
 -5.49214333e-02 3.36855470e-02 9.66220845e-01
 5.50201415e-02 3.39132075e-02 9.66003548e-01
 -1.37480222e-02 -3.73149965e-02 9.87267606e-01
 9.25315512e-03 -3.86243083e-02 9.87299686e-01
 -1.30226021e-02 -4.47573061e-02 -9.82463804e-01
 -1.01276022e-02 -3.81097550e-02 -9.87482279e-01
 5.74645115e-02 -3.43441564e-03 -9.73127204e-01
 -1.03005161e-02 3.13428703e-02 -9.91253944e-01
 5.80428129e-02 3.43521326e-04 -9.72673955e-01
 5.84274401e-03 4.50209265e-02 -9.83373610e-01
 -3.43791051e-03 -8.72832399e-02 -9.36972288e-01
 -3.85702274e-02 -6.10048118e-02 -9.57419452e-01
 4.10752309e-02 -6.21181069e-02 -9.54602880e-01
 -7.94637357e-02 -2.01446167e-02 -9.44709133e-01
 7.68087261e-02 -1.84838488e-02 -9.48757224e-01
 -7.23399607e-02 1.76716054e-02 -9.54606888e-01
 7.79692580e-02 1.93568485e-02 -9.46962362e-01
 -3.32447578e-02 6.13449305e-02 -9.60263177e-01
 3.71551324e-02 6.12224413e-02 -9.58092345e-01
 1.83198891e-03 8.80387787e-02 -9.35912964e-01
 -2.82548454e-02 -9.51713985e-02 -9.17771812e-01
 6.05776342e-04 -1.02302930e-01 -9.12436242e-01
 2.81979386e-02 -9.54703766e-02 -9.17302859e-01
 -8.90859011e-02 -5.67662308e-02 -9.06344723e-01
 8.49771697e-02 -5.71497249e-02 -9.12252505e-01
 -8.26242888e-02 5.89798141e-02 -9.13845575e-01
 8.54895995e-02 5.68387753e-02 -9.11797188e-01
 -2.96772614e-02 9.42094049e-02 -9.18641155e-01
 8.72882470e-05 1.02241979e-01 -9.12548695e-01
 2.92792208e-02 9.50999346e-02 -9.17376517e-01
 -2.48650214e-02 -1.22936699e-01 -8.65039179e-01
 1.95660942e-04 -1.27160731e-01 -8.60977215e-01
 2.49568784e-02 -1.23062064e-01 -8.64711583e-01
 -6.85073861e-02 -9.66632107e-02 -8.80572194e-01
 7.09374167e-02 -9.61475609e-02 -8.78394257e-01
 -1.12043153e-01 -5.13868708e-02 -8.69995138e-01
 1.15080776e-01 -5.21937443e-02 -8.62853202e-01
 -1.15208665e-01 5.22298850e-02 -8.62545095e-01
 1.14669240e-01 5.20307031e-02 -8.63886764e-01
 -7.57374399e-02 9.45872362e-02 -8.74684811e-01
 6.86891514e-02 9.67684450e-02 -8.80160608e-01
 -2.60069120e-02 1.23701933e-01 -8.62753475e-01
 -8.28812874e-04 1.26814510e-01 -8.61787844e-01
 2.49665823e-02 1.23293753e-01 -8.64178873e-01
 -6.17242547e-02 -1.25153706e-01 -8.29714806e-01
 -3.18476374e-02 -1.32650269e-01 -8.37994121e-01
 8.12130317e-06 -1.38709441e-01 -8.31958566e-01
 3.20385850e-02 -1.32564135e-01 -8.38095739e-01
 6.15482802e-02 -1.25294065e-01 -8.29585019e-01
 -1.07233241e-01 -8.98331253e-02 -8.28792294e-01
 1.08389489e-01 -8.88479155e-02 -8.28084697e-01
 -1.10019977e-01 8.74729273e-02 -8.26985772e-01
 1.08818300e-01 8.90416935e-02 -8.26850935e-01
 -6.22704435e-02 1.26320979e-01 -8.26224203e-01
 -3.57081270e-02 1.30975528e-01 -8.39717483e-01
 -9.43545239e-04 1.38579047e-01 -8.32297615e-01
 3.12555342e-02 1.32943911e-01 -8.37606190e-01
 6.18281839e-02 1.24927558e-01 -8.30136192e-01
 -6.32525913e-02 -1.36475585e-01 -7.98734243e-01
 -3.30997497e-02 -1.42436245e-01 -8.11086409e-01
 3.29845637e-02 -1.42428686e-01 -8.11182722e-01
 6.30604891e-02 -1.36640463e-01 -7.98526228e-01
 -1.17952477e-01 -9.12294934e-02 -8.02639572e-01
 1.18136248e-01 -9.12617957e-02 -8.02148232e-01
 -1.17720445e-01 9.17847383e-02 -8.02171640e-01
 1.18131761e-01 9.12777630e-02 -8.02129736e-01
 -6.28604659e-02 1.37231930e-01 -7.97154533e-01
 -3.21461631e-02 1.42374444e-01 -8.11873309e-01
 3.31293796e-02 1.42396754e-01 -8.11177994e-01
 6.31586159e-02 1.36382270e-01 -7.99108161e-01
 -3.19648274e-02 -1.62214167e-01 -7.50091343e-01
 -1.01139605e-04 -1.60424445e-01 -7.66957492e-01
 3.16882708e-02 -1.62254067e-01 -7.50141014e-01
 -1.02869884e-01 -1.29311619e-01 -7.50426995e-01
 -8.39813039e-02 -1.34550576e-01 -7.72976411e-01
 8.37085771e-02 -1.34839795e-01 -7.72643296e-01
 1.03185256e-01 -1.29001420e-01 -7.50588428e-01
 -1.50774667e-01 -5.49250501e-02 -7.66814070e-01
 1.50309840e-01 -5.50880012e-02 -7.68086081e-01
 -1.50281629e-01 5.51620802e-02 -7.68089339e-01
 1.50626569e-01 5.49662895e-02 -7.67232364e-01
 -1.03227695e-01 1.28992817e-01 -7.50518714e-01
 -8.39769190e-02 1.34626143e-01 -7.72773485e-01
 8.38338370e-02 1.34715061e-01 -7.72774121e-01
 1.02867463e-01 1.29294787e-01 -7.50478707e-01
 -3.15912708e-02 1.62269996e-01 -7.50151346e-01
 9.00975000e-05 1.60423782e-01 -7.66959733e-01
 3.19677432e-02 1.62208981e-01 -7.50107297e-01
 -6.02878798e-02 -1.63616865e-01 -7.16601905e-01
 -3.25406522e-02 -1.69818600e-01 -7.22249255e-01
 -1.05943778e-04 -1.69742322e-01 -7.34166553e-01
 3.24732378e-02 -1.69800525e-01 -7.22365786e-01
 6.01469421e-02 -1.63625023e-01 -7.16761574e-01
 -1.12620097e-01 -1.30788908e-01 -7.23447030e-01
 1.11940188e-01 -1.31634178e-01 -7.22682090e-01
 -1.48390402e-01 -9.09634391e-02 -7.17840554e-01
 1.48768545e-01 -9.02904491e-02 -7.17947683e-01
 -1.48777443e-01 9.02809623e-02 -7.17937270e-01
 1.48386749e-01 9.09669437e-02 -7.17845530e-01
 -1.11940429e-01 1.31639965e-01 -7.22664624e-01
 1.12610016e-01 1.30780665e-01 -7.23495981e-01
 -6.01465588e-02 1.63615812e-01 -7.16795732e-01
 -3.24823391e-02 1.69798327e-01 -7.22367504e-01
 1.24195777e-04 1.69746599e-01 -7.34150685e-01
 3.25538672e-02 1.69813071e-01 -7.22260525e-01
 6.02997445e-02 1.63626358e-01 -7.16551248e-01
 -6.68481704e-02 -1.68497386e-01 -6.88650308e-01
 -3.21189590e-02 -1.77715724e-01 -6.91496858e-01
 6.46395546e-05 -1.77425356e-01 -7.04502534e-01
 3.23261943e-02 -1.77675246e-01 -6.91508775e-01
 6.73099062e-02 -1.68468434e-01 -6.88043759e-01
 -1.17415524e-01 -1.36629872e-01 -6.93349816e-01
 1.19707611e-01 -1.35862964e-01 -6.89479139e-01
 -1.56064030e-01 -9.16678566e-02 -6.89823427e-01
 1.56942076e-01 -9.15411066e-02 -6.86899244e-01
 -1.56945249e-01 9.15405405e-02 -6.86888850e-01
 1.56063894e-01 9.16681923e-02 -6.89823207e-01
 -1.19707881e-01 1.35862082e-01 -6.89481172e-01
 1.17409917e-01 1.36628586e-01 -6.93369059e-01
 -6.73071748e-02 1.68467663e-01 -6.88051052e-01
 -3.23285657e-02 1.77674077e-01 -6.91511809e-01
 -6.36626701e-05 1.77425564e-01 -7.04501697e-01
 3.21150313e-02 1.77716529e-01 -6.91496464e-01
 6.68582925e-02 1.68497305e-01 -6.88634902e-01
 -2.10333739e-04 -1.93611233e-01 -6.32640765e-01
 -1.02560169e-01 -1.62475673e-01 -6.39788307e-01
 -7.79059658e-02 -1.71958583e-01 -6.55571889e-01
 7.80098350e-02 -1.71937138e-01 -6.55464248e-01
 1.04380264e-01 -1.62038865e-01 -6.36844303e-01
 -1.41378062e-01 -1.27479199e-01 -6.48213512e-01
 1.44951430e-01 -1.26344852e-01 -6.39075098e-01
 -1.87912478e-01 -2.03112746e-02 -6.54539260e-01
 1.87870292e-01 -2.02664766e-02 -6.54755201e-01
 -1.87869918e-01 2.02669080e-02 -6.54756704e-01
 1.87912610e-01 2.03120107e-02 -6.54538288e-01
 -1.44951816e-01 1.26344732e-01 -6.39074077e-01
 1.41377080e-01 1.27479777e-01 -6.48215123e-01
 -1.04379834e-01 1.62038992e-01 -6.36844914e-01
 -7.80101727e-02 1.71936832e-01 -6.55464890e-01
 7.79103632e-02 1.71956611e-01 -6.55571802e-01
 1.02561374e-01 1.62475312e-01 -6.39786683e-01
 2.10336091e-04 1.93611285e-01 -6.32640511e-01
 -2.63120182e-02 -1.97237828e-01 -6.05374819e-01
 -1.32056374e-04 -1.99785794e-01 -6.01140505e-01
 2.61080910e-02 -1.97199783e-01 -6.05714298e-01
 -1.05257569e-01 -1.68656683e-01 -6.06310382e-01
 -7.78290063e-02 -1.79087430e-01 -6.24440080e-01
 7.77606548e-02 -1.79038068e-01 -6.24802698e-01
 1.05071967e-01 -1.69152801e-01 -6.04611766e-01
 -1.50274421e-01 -1.28534317e-01 -6.11836942e-01
 1.50303548e-01 -1.29001733e-01 -6.10146167e-01
 -1.92166011e-01 -5.40354022e-02 -6.02028563e-01
 1.92106466e-01 -5.40252144e-02 -6.02347167e-01
 -1.92106400e-01 5.40253272e-02 -6.02347342e-01
 1.92165984e-01 5.40354725e-02 -6.02028603e-01
 -1.50303660e-01 1.29001594e-01 -6.10146193e-01
 1.50274161e-01 1.28534384e-01 -6.11837739e-01
 -1.05071912e-01 1.69152788e-01 -6.04611976e-01
 -7.77607009e-02 1.79038059e-01 -6.24802650e-01
 7.78288690e-02 1.79087465e-01 -6.24440194e-01
 1.05257523e-01 1.68656806e-01 -6.06309963e-01
 -2.61081150e-02 1.97199755e-01 -6.05714426e-01
 1.32073719e-04 1.99785833e-01 -6.01140295e-01
 2.63121355e-02 1.97237751e-01 -6.05375139e-01
 -6.04339080e-02 -1.97704984e-01 -5.62287926e-01
 -3.18564528e-02 -2.02490875e-01 -5.72469902e-01
 6.90807041e-06 -2.05203386e-01 -5.71196223e-01
 3.17251230e-02 -2.02503150e-01 -5.72517119e-01
 6.03860155e-02 -1.97694637e-01 -5.62428444e-01
 -1.12889903e-01 -1.70189460e-01 -5.76769173e-01
 1.13353852e-01 -1.70032285e-01 -5.76054530e-01
 -1.52861479e-01 -1.34659012e-01 -5.79659466e-01
 1.53347662e-01 -1.34299648e-01 -5.78938328e-01
 -1.53347666e-01 1.34299631e-01 -5.78938370e-01
 1.52861520e-01 1.34658901e-01 -5.79659708e-01
 -1.13353855e-01 1.70032266e-01 -5.76054611e-01
 1.12889941e-01 1.70189449e-01 -5.76769110e-01
 -6.03860127e-02 1.97694643e-01 -5.62428412e-01
 -3.17250916e-02 2.02503155e-01 -5.72517122e-01
 -6.90675599e-06 2.05203396e-01 -5.71196167e-01
 3.18564002e-02 2.02490880e-01 -5.72469925e-01
 6.04339064e-02 1.97704989e-01 -5.62287903e-01
 -6.24212334e-02 -2.02898357e-01 -5.28179458e-01
 -3.13519395e-02 -2.08415987e-01 -5.37845069e-01
 -1.10041617e-04 -2.10168291e-01 -5.41542643e-01
 3.12149798e-02 -2.08420771e-01 -5.37942853e-01
 6.20886394e-02 -2.02977347e-01 -5.28321076e-01
 -1.16049898e-01 -1.75205628e-01 -5.41633220e-01
 1.16148061e-01 -1.75379638e-01 -5.40394086e-01
 -1.58369041e-01 -1.36723235e-01 -5.47371959e-01
 1.58115587e-01 -1.37076882e-01 -5.47129082e-01
 -1.90731909e-01 -9.03945544e-02 -5.35912883e-01
 1.90935138e-01 -9.04318749e-02 -5.34652771e-01
 -1.90935139e-01 9.04318737e-02 -5.34652768e-01
 1.90731907e-01 9.03945555e-02 -5.35912886e-01
 -1.58115586e-01 1.37076878e-01 -5.47129104e-01
 1.58369022e-01 1.36723245e-01 -5.47372006e-01
 -1.16148058e-01 1.75379637e-01 -5.40394102e-01
 1.16049894e-01 1.75205633e-01 -5.41633206e-01
 -6.20886397e-02 2.02977348e-01 -5.28321068e-01
 -3.12149784e-02 2.08420773e-01 -5.37942848e-01
 1.10040729e-04 2.10168293e-01 -5.41542633e-01
 3.13519402e-02 2.08415987e-01 -5.37845069e-01
 6.24212343e-02 2.02898358e-01 -5.28179455e-01
 -6.38377123e-02 -2.07600569e-01 -4.95205015e-01
 -3.29005252e-02 -2.13459943e-01 -5.03625388e-01
 1.14842603e-04 -2.14842450e-01 -5.11354412e-01
 3.31552215e-02 -2.13431759e-01 -5.03549253e-01
 6.44311001e-02 -2.07480026e-01 -4.94783545e-01
 -1.41735336e-01 -1.65651838e-01 -4.89417010e-01
 -1.22603078e-01 -1.76117221e-01 -5.13049080e-01
 1.22758001e-01 -1.76184573e-01 -5.12085452e-01
 1.40772593e-01 -1.66849892e-01 -4.87346948e-01
 -1.95085474e-01 -9.24016704e-02 -5.04437734e-01
 1.95513188e-01 -9.24022501e-02 -5.01779514e-01
 -1.95513187e-01 9.24022532e-02 -5.01779512e-01
 1.95085474e-01 9.24016707e-02 -5.04437735e-01
 -1.40772588e-01 1.66849893e-01 -4.87346964e-01
 -1.22757997e-01 1.76184576e-01 -5.12085449e-01
 1.22603078e-01 1.76117221e-01 -5.13049075e-01
 1.41735337e-01 1.65651837e-01 -4.89417011e-01
 -6.44311001e-02 2.07480026e-01 -4.94783544e-01
 -3.31552210e-02 2.13431759e-01 -5.03549251e-01
 -1.14841488e-04 2.14842450e-01 -5.11354410e-01
 3.29005254e-02 2.13459943e-01 -5.03625387e-01
 6.38377125e-02 2.07600569e-01 -4.95205014e-01
 -9.72444364e-02 -2.00414214e-01 -4.53919151e-01
 -7.25603041e-02 -2.08808721e-01 -4.67057516e-01
 -3.45618680e-02 -2.17938732e-01 -4.70032959e-01
 3.98812508e-05 -2.19118005e-01 -4.81452773e-01
 3.49589971e-02 -2.17868040e-01 -4.70087409e-01
 7.38616643e-02 -2.08369349e-01 -4.66933297e-01
 9.84970740e-02 -2.00218019e-01 -4.50973544e-01
 -1.45928985e-01 -1.67054641e-01 -4.61258772e-01
 1.48517041e-01 -1.65757924e-01 -4.55490932e-01
 -1.83111478e-01 -1.26610667e-01 -4.55015176e-01
 1.84510800e-01 -1.25384552e-01 -4.51388594e-01
 -1.84510850e-01 1.25384514e-01 -4.51388431e-01
 1.83111478e-01 1.26610666e-01 -4.55015176e-01
 -1.48517035e-01 1.65757912e-01 -4.55491031e-01
 1.45928985e-01 1.67054641e-01 -4.61258772e-01
 -9.84970729e-02 2.00218019e-01 -4.50973550e-01
 -7.38616640e-02 2.08369349e-01 -4.66933297e-01
 -3.49589969e-02 2.17868040e-01 -4.70087408e-01
 -3.98811138e-05 2.19118005e-01 -4.81452773e-01
 3.45618680e-02 2.17938732e-01 -4.70032959e-01
 7.25603042e-02 2.08808721e-01 -4.67057516e-01
 9.72444364e-02 2.00414214e-01 -4.53919151e-01
 -1.94930615e-04 -2.28273393e-01 -4.07749338e-01
 -1.04812357e-01 -2.01201989e-01 -4.20135776e-01
 -7.49099589e-02 -2.13229557e-01 -4.27488558e-01
 -5.03486614e-02 -2.18497762e-01 -4.42244097e-01
 5.03595518e-02 -2.18434691e-01 -4.42722508e-01
 7.46025283e-02 -2.13362732e-01 -4.27285524e-01
 1.04677231e-01 -2.01572005e-01 -4.17830665e-01
 -1.50263768e-01 -1.68986663e-01 -4.26414030e-01
 1.49972248e-01 -1.70157255e-01 -4.20567875e-01
 -1.86839254e-01 -1.27702873e-01 -4.24887177e-01
 1.87172762e-01 -1.28524909e-01 -4.18525128e-01
 -2.24505068e-01 -2.08171035e-02 -4.32002270e-01
 2.24466046e-01 -2.06916161e-02 -4.32422967e-01
 -2.24466046e-01 2.06916293e-02 -4.32422950e-01
 2.24505068e-01 2.08171065e-02 -4.32002272e-01
 -1.87172857e-01 1.28524890e-01 -4.18524537e-01
 1.86839254e-01 1.27702873e-01 -4.24887177e-01
 -1.49972184e-01 1.70157259e-01 -4.20568211e-01
 1.50263768e-01 1.68986663e-01 -4.26414030e-01
 -1.04677215e-01 2.01572006e-01 -4.17830723e-01
 -7.46025233e-02 2.13362733e-01 -4.27285526e-01
 -5.03595516e-02 2.18434691e-01 -4.42722509e-01
 5.03486614e-02 2.18497762e-01 -4.42244097e-01
 7.49099588e-02 2.13229557e-01 -4.27488558e-01
 1.04812357e-01 2.01201989e-01 -4.20135776e-01
 1.94930093e-04 2.28273393e-01 -4.07749337e-01
 -2.77916846e-02 -2.29869193e-01 -3.77100017e-01
 -3.29180742e-04 -2.31496744e-01 -3.77553154e-01
 2.72356230e-02 -2.29887041e-01 -3.77574772e-01
 -1.08408147e-01 -2.03790788e-01 -3.84020590e-01
 -8.01358657e-02 -2.14986998e-01 -3.97166639e-01
 8.02157394e-02 -2.15012072e-01 -3.96691200e-01
 1.07991526e-01 -2.04246161e-01 -3.82022744e-01
 -1.52991779e-01 -1.71672742e-01 -3.92366874e-01
 1.53047189e-01 -1.72749294e-01 -3.84379803e-01
 -1.88924350e-01 -1.31221080e-01 -3.91685956e-01
 1.89461333e-01 -1.31561014e-01 -3.85665199e-01
 -2.24014542e-01 -5.77738927e-02 -3.79044320e-01
 2.24189551e-01 -5.75502353e-02 -3.77931538e-01
 -2.24189470e-01 5.75506343e-02 -3.77931342e-01
 2.24014542e-01 5.77738931e-02 -3.79044320e-01
 -1.89461563e-01 1.31561163e-01 -3.85662579e-01
 1.88924350e-01 1.31221080e-01 -3.91685956e-01
 -1.53047108e-01 1.72749183e-01 -3.84381112e-01
 1.52991779e-01 1.71672742e-01 -3.92366874e-01
 -1.07991487e-01 2.04246153e-01 -3.82022987e-01
 -8.02157238e-02 2.15012075e-01 -3.96691217e-01
 8.01358657e-02 2.14986998e-01 -3.97166639e-01
 1.08408147e-01 2.03790788e-01 -3.84020590e-01
 -2.72356259e-02 2.29887042e-01 -3.77574760e-01
 3.29180059e-04 2.31496744e-01 -3.77553155e-01
 2.77916843e-02 2.29869193e-01 -3.77100016e-01
 -2.68985239e-02 -2.33246179e-01 -3.43457468e-01
 1.00263996e-05 -2.34664691e-01 -3.44847391e-01
 2.67007455e-02 -2.33316935e-01 -3.42935055e-01
 -1.09685027e-01 -2.07218030e-01 -3.47099593e-01
 -8.48844272e-02 -2.17072862e-01 -3.61640847e-01
 8.52507020e-02 -2.17009879e-01 -3.60866294e-01
 1.08197824e-01 -2.08378226e-01 -3.43435481e-01
 -1.55080019e-01 -1.74448650e-01 -3.58169935e-01
 1.55098534e-01 -1.75622990e-01 -3.48735092e-01
 -1.92622941e-01 -1.31961386e-01 -3.57381483e-01
 1.92654228e-01 -1.32870082e-01 -3.51679164e-01
 -2.28273432e-01 -5.38361423e-02 -3.46246392e-01
 2.28448109e-01 -5.41309785e-02 -3.43657938e-01
 -2.28448066e-01 5.41310863e-02 -3.43658121e-01
 2.28273431e-01 5.38361435e-02 -3.46246392e-01
 -1.92656305e-01 1.32868667e-01 -3.51669514e-01
 1.92622941e-01 1.31961386e-01 -3.57381483e-01
 -1.55099523e-01 1.75621424e-01 -3.48740672e-01
 1.55080019e-01 1.74448650e-01 -3.58169935e-01
 -1.08197186e-01 2.08378407e-01 -3.43436946e-01
 -8.52504181e-02 2.17009982e-01 -3.60866375e-01
 8.48844272e-02 2.17072862e-01 -3.61640847e-01
 1.09685027e-01 2.07218030e-01 -3.47099593e-01
 -2.67007556e-02 2.33316932e-01 -3.42935070e-01
 -1.00276193e-05 2.34664691e-01 -3.44847388e-01
 2.68985236e-02 2.33246179e-01 -3.43457469e-01
 -5.78408014e-02 -2.31170637e-01 -3.02379323e-01
 -2.98444137e-02 -2.35683545e-01 -3.11450226e-01
 1.29952620e-03 -2.37801645e-01 -3.08510973e-01
 3.30930063e-02 -2.35190640e-01 -3.12159336e-01
 5.96208141e-02 -2.31071303e-01 -2.98031181e-01
 -1.10884984e-01 -2.09739159e-01 -3.15315854e-01
 1.14383824e-01 -2.08198892e-01 -3.11629583e-01
 -1.56557105e-01 -1.77100054e-01 -3.25587316e-01
 1.61646968e-01 -1.74217643e-01 -3.10315214e-01
 -1.92965603e-01 -1.36810613e-01 -3.23657401e-01
 1.95685358e-01 -1.34078003e-01 -3.15729745e-01
 -2.20672579e-01 -9.00109192e-02 -3.02037009e-01
 2.22007889e-01 -8.76802412e-02 -2.97312559e-01
 -2.22006218e-01 8.76847761e-02 -2.97311124e-01
 2.20672579e-01 9.00109194e-02 -3.02037009e-01
 -1.95679719e-01 1.34091538e-01 -3.15693699e-01
 1.92965603e-01 1.36810613e-01 -3.23657401e-01
 -1.61630335e-01 1.74228907e-01 -3.10352642e-01
 1.56557105e-01 1.77100054e-01 -3.25587316e-01
 -1.14377835e-01 2.08202081e-01 -3.11630666e-01
 1.10884984e-01 2.09739159e-01 -3.15315854e-01
 -5.96205815e-02 2.31071338e-01 -2.98031484e-01
 -3.30929183e-02 2.35190652e-01 -3.12159346e-01
 -1.29950941e-03 2.37801645e-01 -3.08510970e-01
 2.98444165e-02 2.35683544e-01 -3.11450227e-01
 5.78408015e-02 2.31170637e-01 -3.02379323e-01
 -6.19401201e-02 -2.32956273e-01 -2.65173035e-01
 -3.07904828e-02 -2.38319414e-01 -2.75849330e-01
 -3.97042045e-04 -2.40581436e-01 -2.71894533e-01
 2.99061312e-02 -2.38421917e-01 -2.75988775e-01
 6.10449805e-02 -2.33357235e-01 -2.62843265e-01
 -1.36913931e-01 -1.98652364e-01 -2.62047746e-01
 -1.18943147e-01 -2.08292457e-01 -2.81901549e-01
 1.16612998e-01 -2.09902254e-01 -2.78350929e-01
 1.38126019e-01 -1.97993357e-01 -2.59840977e-01
 -1.78255065e-01 -1.61887160e-01 -2.68854736e-01
 1.79686481e-01 -1.60759611e-01 -2.64397159e-01
 -2.23543985e-01 -8.93963295e-02 -2.69410701e-01
 2.22893470e-01 -9.14499155e-02 -2.66995555e-01
 -2.22891129e-01 9.14552051e-02 -2.66997830e-01
 2.23543985e-01 8.93963297e-02 -2.69410701e-01
 -1.79731989e-01 1.60720222e-01 -2.64285381e-01
 1.78255065e-01 1.61887160e-01 -2.68854736e-01
 -1.38161852e-01 1.97968412e-01 -2.59840274e-01
 -1.16612833e-01 2.09903177e-01 -2.78340891e-01
 1.18943147e-01 2.08292457e-01 -2.81901549e-01
 1.36913931e-01 1.98652364e-01 -2.62047746e-01
 -6.10448802e-02 2.33357275e-01 -2.62843060e-01
 -2.99061523e-02 2.38421915e-01 -2.75988773e-01
 3.97033697e-04 2.40581436e-01 -2.71894533e-01
 3.07904807e-02 2.38319414e-01 -2.75849330e-01
 6.19401198e-02 2.32956274e-01 -2.65173035e-01
 -6.19455500e-02 -2.35380187e-01 -2.28347683e-01
 -3.18231953e-02 -2.40602133e-01 -2.39929916e-01
 -4.75130115e-05 -2.42999967e-01 -2.34981314e-01
 3.16226185e-02 -2.40660478e-01 -2.39417439e-01
 6.22868330e-02 -2.35365458e-01 -2.27101788e-01
 -1.40524441e-01 -1.98802694e-01 -2.27345391e-01
 -1.15303932e-01 -2.13431916e-01 -2.41721183e-01
 1.14585739e-01 -2.13870695e-01 -2.40979150e-01
 1.40453999e-01 -1.98855976e-01 -2.27296271e-01
 -1.81370857e-01 -1.61936388e-01 -2.32592987e-01
 1.81293836e-01 -1.61892962e-01 -2.34032945e-01
 -2.25919562e-01 -8.96670505e-02 -2.33928930e-01
 2.26026064e-01 -8.96150779e-02 -2.32597726e-01
 -2.26026073e-01 8.96149730e-02 -2.32598231e-01
 2.25919562e-01 8.96670506e-02 -2.33928930e-01
 -1.81295772e-01 1.61894562e-01 -2.33991250e-01
 1.81370857e-01 1.61936388e-01 -2.32592987e-01
 -1.40449848e-01 1.98859498e-01 -2.27288021e-01
 -1.14591016e-01 2.13867443e-01 -2.40985182e-01
 1.15303932e-01 2.13431916e-01 -2.41721183e-01
 1.40524441e-01 1.98802694e-01 -2.27345391e-01
 -6.22870852e-02 2.35365387e-01 -2.27101861e-01
 -3.16226198e-02 2.40660480e-01 -2.39417396e-01
 4.75150696e-05 2.42999967e-01 -2.34981317e-01
 3.18231958e-02 2.40602133e-01 -2.39929916e-01
 6.19455500e-02 2.35380187e-01 -2.28347683e-01
 -6.29071981e-02 -2.37093791e-01 -1.93047927e-01
 -3.21489687e-02 -2.42692677e-01 -2.02650758e-01
 -7.90382820e-05 -2.45053892e-01 -1.97932657e-01
 3.19703998e-02 -2.42733860e-01 -2.02313291e-01
 6.26743829e-02 -2.37169208e-01 -1.92777118e-01
 -1.42078713e-01 -2.00073695e-01 -1.91171373e-01
 -1.17306938e-01 -2.14713792e-01 -2.05409629e-01
 1.16857365e-01 -2.14942601e-01 -2.05680699e-01
 1.41723418e-01 -2.00239720e-01 -1.92604360e-01
 -1.82498035e-01 -1.63502605e-01 -1.98448592e-01
 1.82505114e-01 -1.63434419e-01 -1.99241515e-01
 -2.27525017e-01 -9.11773345e-02 -1.96735769e-01
 2.27351289e-01 -9.17046267e-02 -1.96026648e-01
 -2.27351174e-01 9.17048914e-02 -1.96026804e-01
 2.27525017e-01 9.11773346e-02 -1.96735769e-01
 -1.82504313e-01 1.63435906e-01 -1.99233740e-01
 1.82498035e-01 1.63502605e-01 -1.98448592e-01
 -1.41723774e-01 2.00239679e-01 -1.92600843e-01
 -1.16855734e-01 2.14943504e-01 -2.05680425e-01
 1.17306938e-01 2.14713792e-01 -2.05409629e-01
 1.42078713e-01 2.00073695e-01 -1.91171373e-01
 -6.26742364e-02 2.37169246e-01 -1.92777138e-01
 -3.19704030e-02 2.42733858e-01 -2.02313325e-01
 7.90367038e-05 2.45053893e-01 -1.97932655e-01
 3.21489684e-02 2.42692678e-01 -2.02650758e-01
 6.29071980e-02 2.37093791e-01 -1.93047927e-01
 -6.39774619e-02 -2.38399421e-01 -1.58624107e-01
 -3.28095766e-02 -2.44390226e-01 -1.64776162e-01
 2.82451220e-05 -2.46736323e-01 -1.61055822e-01
 3.28139344e-02 -2.44410493e-01 -1.64280564e-01
 6.39682610e-02 -2.38352754e-01 -1.59801186e-01
 -1.42699011e-01 -2.01561119e-01 -1.55440403e-01
 -1.18257196e-01 -2.16217686e-01 -1.68054650e-01
 1.18054191e-01 -2.16232014e-01 -1.70031724e-01
 1.42539125e-01 -2.01652215e-01 -1.55896473e-01
 -1.83688534e-01 -1.64459591e-01 -1.65484278e-01
 1.84079588e-01 -1.64272857e-01 -1.61450114e-01
 -2.28865947e-01 -9.25709273e-02 -1.57531025e-01
 2.28640442e-01 -9.30644930e-02 -1.58116342e-01
 -2.28640399e-01 9.30645948e-02 -1.58116378e-01
 2.28865947e-01 9.25709273e-02 -1.57531025e-01
 -1.84079979e-01 1.64272495e-01 -1.61448880e-01
 1.83688534e-01 1.64459591e-01 -1.65484278e-01
 -1.42539394e-01 2.01652073e-01 -1.55895475e-01
 -1.18053979e-01 2.16232145e-01 -1.70031409e-01
 1.18257196e-01 2.16217686e-01 -1.68054650e-01
 1.42699011e-01 2.01561119e-01 -1.55440403e-01
 -6.39682550e-02 2.38352755e-01 -1.59801201e-01
 -3.28139216e-02 2.44410495e-01 -1.64280559e-01
 -2.82434221e-05 2.46736323e-01 -1.61055821e-01
 3.28095767e-02 2.44390226e-01 -1.64776163e-01
 6.39774619e-02 2.38399421e-01 -1.58624107e-01
 -6.48882155e-02 -2.39465090e-01 -1.23027808e-01
 -3.32743755e-02 -2.45750855e-01 -1.26448915e-01
 -2.24931064e-05 -2.48063645e-01 -1.24220944e-01
 3.32793697e-02 -2.45779663e-01 -1.25528701e-01
 6.51538090e-02 -2.39289335e-01 -1.26212219e-01
 -1.42991995e-01 -2.02769702e-01 -1.22490000e-01
 -1.19116132e-01 -2.17441092e-01 -1.28419230e-01
 1.19267932e-01 -2.17183347e-01 -1.33059626e-01
 1.43662283e-01 -2.02450748e-01 -1.18310971e-01
 -2.29872320e-01 -9.37044803e-02 -1.18536871e-01
 2.29668423e-01 -9.39399105e-02 -1.21833236e-01
 -2.29668417e-01 9.39399268e-02 -1.21833226e-01
 2.29872320e-01 9.37044803e-02 -1.18536870e-01
 -1.43662333e-01 2.02450722e-01 -1.18310739e-01
 -1.19267880e-01 2.17183381e-01 -1.33059504e-01
 1.19116132e-01 2.17441092e-01 -1.28419230e-01
 1.42991995e-01 2.02769702e-01 -1.22490000e-01
 -6.51538063e-02 2.39289336e-01 -1.26212224e-01
 -3.32793693e-02 2.45779663e-01 -1.25528701e-01
 2.24931676e-05 2.48063645e-01 -1.24220944e-01
 3.32743755e-02 2.45750855e-01 -1.26448915e-01
 6.48882155e-02 2.39465090e-01 -1.23027808e-01
 -6.51773827e-02 -2.40407450e-01 -8.54322469e-02
 -3.33985777e-02 -2.46769898e-01 -8.84671866e-02
 9.07261238e-05 -2.49048143e-01 -8.71792793e-02
 3.36804922e-02 -2.46763166e-01 -8.70461438e-02
 6.55856037e-02 -2.40177430e-01 -9.06272124e-02
 -1.44928474e-01 -2.02412761e-01 -9.16350852e-02
 -1.20591487e-01 -2.17915438e-01 -8.67691565e-02
 1.20303059e-01 -2.17848978e-01 -9.54146287e-02
 1.44538783e-01 -2.02988323e-01 -8.04269843e-02
 -1.85224360e-01 -1.66205272e-01 -9.53095102e-02
 1.85323955e-01 -1.66527514e-01 -8.23280007e-02
 -2.30647594e-01 -9.43339294e-02 -8.02792141e-02
 2.30493805e-01 -9.42428216e-02 -8.86247175e-02
 -2.30493806e-01 9.42428205e-02 -8.86247112e-02
 2.30647594e-01 9.43339294e-02 -8.02792141e-02
 -1.85323953e-01 1.66527517e-01 -8.23279693e-02
 1.85224360e-01 1.66205272e-01 -9.53095102e-02
 -1.44538792e-01 2.02988317e-01 -8.04269384e-02
 -1.20303046e-01 2.17848986e-01 -9.54145926e-02
 1.20591487e-01 2.17915438e-01 -8.67691565e-02
 1.44928474e-01 2.02412761e-01 -9.16350852e-02
 -6.55855995e-02 2.40177431e-01 -9.06272099e-02
 -3.36804914e-02 2.46763166e-01 -8.70461439e-02
 -9.07260243e-05 2.49048143e-01 -8.71792793e-02
 3.33985777e-02 2.46769898e-01 -8.84671866e-02
 6.51773827e-02 2.40407450e-01 -8.54322469e-02
 -6.58458008e-02 -2.40885127e-01 -4.71060281e-02
 -3.37579508e-02 -2.47383322e-01 -5.08948498e-02
 2.56014928e-05 -2.49688486e-01 -4.99054153e-02
 3.38245900e-02 -2.47397309e-01 -4.90662758e-02
 6.57356033e-02 -2.40827036e-01 -5.38396305e-02
 -1.44373426e-01 -2.03593583e-01 -5.74061962e-02
 -1.21059700e-01 -2.18435872e-01 -4.56629100e-02
 1.20879413e-01 -2.18360149e-01 -5.75517435e-02
 1.44903598e-01 -2.03444428e-01 -4.25792329e-02
 -1.85852793e-01 -1.66584591e-01 -5.77322574e-02
 1.86175604e-01 -1.66492759e-01 -4.35992141e-02
 -2.31154947e-01 -9.46274200e-02 -4.25284872e-02
 2.30778646e-01 -9.51260503e-02 -5.54618885e-02
 -2.30778645e-01 9.51260517e-02 -5.54618889e-02
 2.31154947e-01 9.46274200e-02 -4.25284872e-02
 -1.86175604e-01 1.66492759e-01 -4.35992105e-02
 1.85852793e-01 1.66584591e-01 -5.77322574e-02
 -1.44903600e-01 2.03444427e-01 -4.25792249e-02
 -1.20879411e-01 2.18360151e-01 -5.75517350e-02
 1.21059700e-01 2.18435872e-01 -4.56629100e-02
 1.44373426e-01 2.03593583e-01 -5.74061962e-02
 -6.57356026e-02 2.40827036e-01 -5.38396293e-02
 -3.38245899e-02 2.47397309e-01 -4.90662759e-02
 -2.56014926e-05 2.49688486e-01 -4.99054152e-02
 3.37579508e-02 2.47383322e-01 -5.08948498e-02
 6.58458008e-02 2.40885127e-01 -4.71060281e-02
 -6.59247166e-02 -2.41140845e-01 -8.96604193e-03
 -3.38915033e-02 -2.47669178e-01 -1.34724412e-02
 -2.17063045e-06 -2.49980479e-01 -1.24964113e-02
 3.38841057e-02 -2.47676604e-01 -1.14314687e-02
 6.58444900e-02 -2.41138297e-01 -1.64071419e-02
 -1.44831677e-01 -2.03710210e-01 -2.03707551e-02
 -1.21190866e-01 -2.18655642e-01 -6.30470067e-03
 1.21117470e-01 -2.18647656e-01 -1.94980977e-02
 1.44983659e-01 -2.03662189e-01 -4.81931687e-03
 -1.86159747e-01 -1.66791502e-01 -2.00573381e-02
 1.86286229e-01 -1.66720221e-01 -5.37998550e-03
 -2.31329048e-01 -9.47905934e-02 -5.08320360e-03
 2.31227917e-01 -9.49199875e-02 -1.95330074e-02
 -2.31227917e-01 9.49199879e-02 -1.95330077e-02
 2.31329048e-01 9.47905934e-02 -5.08320360e-03
 -1.86286229e-01 1.66720221e-01 -5.37998519e-03
 1.86159747e-01 1.66791502e-01 -2.00573381e-02
 -1.44983659e-01 2.03662188e-01 -4.81931560e-03
 -1.21117470e-01 2.18647656e-01 -1.94980960e-02
 1.21190866e-01 2.18655642e-01 -6.30470066e-03
 1.44831677e-01 2.03710210e-01 -2.03707551e-02
 -6.58444899e-02 2.41138297e-01 -1.64071416e-02
 -3.38841057e-02 2.47676604e-01 -1.14314687e-02
 2.17063015e-06 2.49980479e-01 -1.24964113e-02
 3.38915033e-02 2.47669178e-01 -1.34724413e-02
 6.59247166e-02 2.41140846e-01 -8.96604193e-03
 -6.58163332e-02 -2.41073231e-01 2.88187359e-02
 -3.38639722e-02 -2.47623097e-01 2.40110462e-02
 5.87753713e-06 -2.49922219e-01 2.49429187e-02
 3.38845176e-02 -2.47607498e-01 2.60357915e-02
 6.59157528e-02 -2.41094171e-01 2.14342852e-02
 -1.44977768e-01 -2.03624079e-01 1.72886191e-02
 -1.21046648e-01 -2.18594205e-01 3.20705478e-02
 1.21176960e-01 -2.18617407e-01 1.90047859e-02
 1.44709428e-01 -2.03695307e-01 3.28397813e-02
 -1.86285866e-01 -1.66666325e-01 1.78492572e-02
 1.86090861e-01 -1.66745974e-01 3.24891311e-02
 -2.31137649e-01 -9.49311596e-02 3.18652378e-02
 2.31307451e-01 -9.47504306e-02 1.75357470e-02
 -2.31307451e-01 9.47504307e-02 1.75357469e-02
 2.31137649e-01 9.49311596e-02 3.18652378e-02
 -1.86090861e-01 1.66745974e-01 3.24891311e-02
 1.86285866e-01 1.66666326e-01 1.78492572e-02
 -1.44709428e-01 2.03695307e-01 3.28397814e-02
 -1.21176960e-01 2.18617407e-01 1.90047862e-02
 1.21046648e-01 2.18594205e-01 3.20705478e-02
 1.44977768e-01 2.03624079e-01 1.72886191e-02
 -6.59157528e-02 2.41094171e-01 2.14342852e-02
 -3.38845176e-02 2.47607498e-01 2.60357915e-02
 -5.87754348e-06 2.49922219e-01 2.49429187e-02
 3.38639722e-02 2.47623097e-01 2.40110462e-02
 6.58163332e-02 2.41073231e-01 2.88187359e-02
 -6.56629255e-02 -2.40655665e-01 6.61188291e-02
 -3.37696767e-02 -2.47227571e-01 6.17267411e-02
 -3.06362689e-05 -2.49514129e-01 6.23151100e-02
 3.36836702e-02 -2.47211119e-01 6.35072437e-02
 6.56834378e-02 -2.40757283e-01 5.95472143e-02
 -1.44789311e-01 -2.03339669e-01 5.49959270e-02
 -1.20703688e-01 -2.18229370e-01 7.00356443e-02
 1.20894787e-01 -2.18333279e-01 5.86556081e-02
 1.44159089e-01 -2.03505920e-01 6.96847432e-02
 -1.86071661e-01 -1.66376693e-01 5.60189813e-02
 1.85727584e-01 -1.66428348e-01 7.00707383e-02
 -2.30684119e-01 -9.48737188e-02 6.73872071e-02
 2.31031722e-01 -9.45256252e-02 5.50271996e-02
 -2.31031722e-01 9.45256252e-02 5.50271996e-02
 2.30684119e-01 9.48737188e-02 6.73872071e-02
 -1.85727584e-01 1.66428348e-01 7.00707383e-02
 1.86071661e-01 1.66376693e-01 5.60189813e-02
 -1.44159089e-01 2.03505920e-01 6.96847432e-02
 -1.20894787e-01 2.18333279e-01 5.86556081e-02
 1.20703688e-01 2.18229370e-01 7.00356443e-02
 1.44789311e-01 2.03339669e-01 5.49959270e-02
 -6.56834378e-02 2.40757283e-01 5.95472143e-02
 -3.36836703e-02 2.47211119e-01 6.35072437e-02
 3.06362518e-05 2.49514129e-01 6.23151100e-02
 3.37696767e-02 2.47227571e-01 6.17267411e-02
 6.56629255e-02 2.40655665e-01 6.61188291e-02
 -6.54532079e-02 -2.39911086e-01 1.02648784e-01
 -3.35661317e-02 -2.46475504e-01 9.98511387e-02
 -5.77491581e-05 -2.48758943e-01 9.95176348e-02
 3.33643441e-02 -2.46468729e-01 1.01191797e-01
 6.50796094e-02 -2.40140029e-01 9.77679585e-02
 -1.44320803e-01 -2.02816116e-01 9.27041619e-02
 -1.20003996e-01 -2.17653568e-01 1.07774954e-01
 1.20508609e-01 -2.17604598e-01 1.00073095e-01
 1.44800657e-01 -2.02148891e-01 1.03428880e-01
 -1.85083882e-01 -1.66389966e-01 9.45165194e-02
 1.85046368e-01 -1.65937811e-01 1.07516269e-01
 -2.30223446e-01 -9.41733848e-02 1.00282675e-01
 2.30431150e-01 -9.41444562e-02 9.28057122e-02
 -2.30431150e-01 9.41444562e-02 9.28057122e-02
 2.30223446e-01 9.41733849e-02 1.00282675e-01
 -1.85046368e-01 1.65937811e-01 1.07516269e-01
 1.85083882e-01 1.66389966e-01 9.45165194e-02
 -1.44800657e-01 2.02148891e-01 1.03428880e-01
 -1.20508609e-01 2.17604598e-01 1.00073095e-01
 1.20003996e-01 2.17653568e-01 1.07774954e-01
 1.44320803e-01 2.02816116e-01 9.27041619e-02
 -6.50796094e-02 2.40140029e-01 9.77679585e-02
 -3.33643441e-02 2.46468729e-01 1.01191797e-01
 5.77491528e-05 2.48758943e-01 9.95176348e-02
 3.35661317e-02 2.46475504e-01 9.98511387e-02
 6.54532079e-02 2.39911086e-01 1.02648784e-01
 -6.48485653e-02 -2.38972038e-01 1.37813130e-01
 -3.31464050e-02 -2.45363183e-01 1.38461508e-01
 -1.76192056e-07 -2.47660355e-01 1.36490222e-01
 3.31306814e-02 -2.45335607e-01 1.39300987e-01
 6.46205228e-02 -2.39134692e-01 1.34983683e-01
 -1.43385347e-01 -2.02188592e-01 1.30256078e-01
 -1.18856154e-01 -2.16922085e-01 1.45218386e-01
 1.18751785e-01 -2.17138816e-01 1.41350527e-01
 1.42517436e-01 -2.02620188e-01 1.34690150e-01
 -1.84960957e-01 -1.64836878e-01 1.33760878e-01
 1.84141835e-01 -1.65239699e-01 1.43534041e-01
 -2.29341627e-01 -9.37232942e-02 1.33767694e-01
 2.29581481e-01 -9.33754185e-02 1.31049610e-01
 -2.29581481e-01 9.33754185e-02 1.31049610e-01
 2.29341627e-01 9.37232942e-02 1.33767694e-01
 -1.84141835e-01 1.65239699e-01 1.43534041e-01
 1.84960957e-01 1.64836878e-01 1.33760878e-01
 -1.42517436e-01 2.02620188e-01 1.34690150e-01
 -1.18751785e-01 2.17138816e-01 1.41350526e-01
 1.18856154e-01 2.16922085e-01 1.45218386e-01
 1.43385347e-01 2.02188592e-01 1.30256078e-01
 -6.46205228e-02 2.39134692e-01 1.34983683e-01
 -3.31306814e-02 2.45335607e-01 1.39300987e-01
 1.76186109e-07 2.47660355e-01 1.36490222e-01
 3.31464050e-02 2.45363183e-01 1.38461508e-01
 6.48485653e-02 2.38972038e-01 1.37813130e-01
 -6.35033844e-02 -2.37982283e-01 1.71195944e-01
 -3.24567449e-02 -2.43901680e-01 1.77021135e-01
 5.27945383e-05 -2.46213574e-01 1.73383881e-01
 3.26331039e-02 -2.43856909e-01 1.77488631e-01
 6.36945881e-02 -2.37969935e-01 1.70331881e-01
 -1.42345867e-01 -2.01224698e-01 1.67153831e-01
 -1.17409729e-01 -2.15977882e-01 1.81923506e-01
 1.17825685e-01 -2.15830141e-01 1.80419875e-01
 1.42142880e-01 -2.01311492e-01 1.68241976e-01
 -1.84082833e-01 -1.63630730e-01 1.71510701e-01
 1.83149889e-01 -1.64210613e-01 1.78482166e-01
 -2.28245682e-01 -9.26837946e-02 1.70346609e-01
 2.28508318e-01 -9.20896293e-02 1.69868127e-01
 -2.28508318e-01 9.20896293e-02 1.69868127e-01
 2.28245682e-01 9.26837946e-02 1.70346609e-01
 -1.83149889e-01 1.64210613e-01 1.78482166e-01
 1.84082833e-01 1.63630730e-01 1.71510701e-01
 -1.42142880e-01 2.01311492e-01 1.68241976e-01
 -1.17825685e-01 2.15830141e-01 1.80419875e-01
 1.17409729e-01 2.15977882e-01 1.81923506e-01
 1.42345867e-01 2.01224698e-01 1.67153831e-01
 -6.36945881e-02 2.37969935e-01 1.70331881e-01
 -3.26331039e-02 2.43856909e-01 1.77488631e-01
 -5.27945493e-05 2.46213574e-01 1.73383881e-01
 3.24567449e-02 2.43901680e-01 1.77021135e-01
 6.35033844e-02 2.37982283e-01 1.71195944e-01
 -6.21557686e-02 -2.36688744e-01 2.04552154e-01
 -3.18383979e-02 -2.42081179e-01 2.14775009e-01
 8.89770954e-05 -2.44392832e-01 2.10604310e-01
 3.21296526e-02 -2.42023074e-01 2.15128499e-01
 6.23105719e-02 -2.36612325e-01 2.05212087e-01
 -1.40898091e-01 -2.00194234e-01 2.02780527e-01
 -1.15762601e-01 -2.14790171e-01 2.17777970e-01
 1.16317834e-01 -2.14520889e-01 2.17290585e-01
 1.41445838e-01 -1.99755871e-01 2.03594385e-01
 -1.82594134e-01 -1.62719916e-01 2.07137091e-01
 1.82438157e-01 -1.62387477e-01 2.13415130e-01
 -2.27122262e-01 -9.06703325e-02 2.07629242e-01
 2.27217524e-01 -9.03006727e-02 2.08537200e-01
 -2.27217524e-01 9.03006727e-02 2.08537200e-01
 2.27122262e-01 9.06703326e-02 2.07629242e-01
 -1.82438157e-01 1.62387477e-01 2.13415130e-01
 1.82594134e-01 1.62719916e-01 2.07137091e-01
 -1.41445838e-01 1.99755871e-01 2.03594385e-01
 -1.16317834e-01 2.14520889e-01 2.17290585e-01
 1.15762601e-01 2.14790171e-01 2.17777970e-01
 1.40898091e-01 2.00194234e-01 2.02780527e-01
 -6.23105719e-02 2.36612325e-01 2.05212087e-01
 -3.21296526e-02 2.42023074e-01 2.15128499e-01
 -8.89770921e-05 2.44392832e-01 2.10604310e-01
 3.18383980e-02 2.42081179e-01 2.14775009e-01
 6.21557686e-02 2.36688744e-01 2.04552154e-01
 -6.23234356e-02 -2.34591088e-01 2.39426348e-01
 -3.11483273e-02 -2.39986057e-01 2.50965309e-01
 1.30595543e-04 -2.42161057e-01 2.48451371e-01
 3.14895030e-02 -2.39935350e-01 2.51059803e-01
 6.25399850e-02 -2.34404553e-01 2.41437550e-01
 -1.40528026e-01 -1.98090497e-01 2.37049504e-01
 -1.17635464e-01 -2.11299932e-01 2.53431997e-01
 1.19534582e-01 -2.10035122e-01 2.56022855e-01
 1.38929352e-01 -1.99120875e-01 2.38311136e-01
 -1.81029600e-01 -1.61714318e-01 2.39224192e-01
 1.77901298e-01 -1.64018781e-01 2.51363244e-01
 -2.24429821e-01 -9.17976017e-02 2.43456957e-01
 2.24870672e-01 -9.03153043e-02 2.45807289e-01
 -2.24870672e-01 9.03153043e-02 2.45807289e-01
 2.24429821e-01 9.17976015e-02 2.43456957e-01
 -1.77901298e-01 1.64018781e-01 2.51363245e-01
 1.81029600e-01 1.61714317e-01 2.39224193e-01
 -1.38929352e-01 1.99120875e-01 2.38311136e-01
 -1.19534582e-01 2.10035121e-01 2.56022855e-01
 1.17635464e-01 2.11299933e-01 2.53431997e-01
 1.40528025e-01 1.98090497e-01 2.37049503e-01
 -6.25399851e-02 2.34404553e-01 2.41437550e-01
 -3.14895029e-02 2.39935350e-01 2.51059803e-01
 -1.30595486e-04 2.42161057e-01 2.48451371e-01
 3.11483274e-02 2.39986057e-01 2.50965309e-01
 6.23234355e-02 2.34591088e-01 2.39426349e-01
 -6.05234191e-02 -2.32600940e-01 2.75208088e-01
 -3.25522202e-02 -2.37319341e-01 2.86213434e-01
 -4.80060986e-04 -2.39526652e-01 2.86405381e-01
 3.10196987e-02 -2.37551502e-01 2.85854848e-01
 5.90236332e-02 -2.32711480e-01 2.78900060e-01
 -1.15651006e-01 -2.09814358e-01 2.85734988e-01
 1.13823143e-01 -2.10699791e-01 2.87050947e-01
 -1.61865472e-01 -1.76098560e-01 2.90898358e-01
 1.58517414e-01 -1.78151317e-01 3.00248905e-01
 -1.96601128e-01 -1.35392623e-01 2.97101568e-01
 1.95019323e-01 -1.37033661e-01 3.01708189e-01
 -2.23342593e-01 -8.87706147e-02 2.75328572e-01
 2.22189405e-01 -9.08184043e-02 2.79539211e-01
 -2.22189405e-01 9.08184047e-02 2.79539211e-01
 2.23342593e-01 8.87706147e-02 2.75328572e-01
 -1.95019320e-01 1.37033664e-01 3.01708192e-01
 1.96601128e-01 1.35392623e-01 2.97101581e-01
 -1.58517420e-01 1.78151312e-01 3.00248903e-01
 1.61865485e-01 1.76098554e-01 2.90898309e-01
 -1.13823140e-01 2.10699792e-01 2.87050948e-01
 1.15651000e-01 2.09814361e-01 2.85734990e-01
 -5.90236331e-02 2.32711480e-01 2.78900059e-01
 -3.10196987e-02 2.37551502e-01 2.85854848e-01
 4.80060962e-04 2.39526652e-01 2.86405381e-01
 3.25522202e-02 2.37319341e-01 2.86213435e-01
 6.05234190e-02 2.32600940e-01 2.75208089e-01
 -2.90887473e-02 -2.35401473e-01 3.15974464e-01
 -3.58716375e-04 -2.36428371e-01 3.24998380e-01
 2.81739629e-02 -2.35496977e-01 3.16162027e-01
 -1.08474953e-01 -2.10647781e-01 3.19015912e-01
 -8.58884494e-02 -2.18923945e-01 3.39304710e-01
 8.51977391e-02 -2.19148233e-01 3.39773976e-01
 1.10049553e-01 -2.09604495e-01 3.21373337e-01
 -1.56527169e-01 -1.76788878e-01 3.28510290e-01
 1.56685675e-01 -1.76245704e-01 3.31953037e-01
 -1.93583021e-01 -1.34743776e-01 3.31535310e-01
 1.94127047e-01 -1.33590359e-01 3.33905508e-01
 -2.29773401e-01 -5.58632237e-02 3.24554699e-01
 2.29550566e-01 -5.56426888e-02 3.27668825e-01
 -2.29550567e-01 5.56426880e-02 3.27668824e-01
 2.29773402e-01 5.58632229e-02 3.24554687e-01
 -1.94127035e-01 1.33590376e-01 3.33905513e-01
 1.93583016e-01 1.34743772e-01 3.31535378e-01
 -1.56685685e-01 1.76245691e-01 3.31953069e-01
 1.56527171e-01 1.76788897e-01 3.28510106e-01
 -1.10049549e-01 2.09604497e-01 3.21373340e-01
 -8.51977333e-02 2.19148235e-01 3.39773985e-01
 8.58884452e-02 2.18923946e-01 3.39304718e-01
 1.08474938e-01 2.10647788e-01 3.19015914e-01
 -2.81739628e-02 2.35496977e-01 3.16162028e-01
 3.58715861e-04 2.36428371e-01 3.24998382e-01
 2.90887472e-02 2.35401473e-01 3.15974464e-01
 -2.81520587e-02 -2.32332666e-01 3.51658783e-01
 2.10144337e-04 -2.33094148e-01 3.61487462e-01
 2.86044227e-02 -2.32343022e-01 3.50964551e-01
 -1.10678006e-01 -2.05516759e-01 3.58066831e-01
 -8.36875741e-02 -2.16336201e-01 3.72988748e-01
 8.35409808e-02 -2.16344026e-01 3.73441655e-01
 1.10641964e-01 -2.05445353e-01 3.58899712e-01
 -1.55140268e-01 -1.73759640e-01 3.63077617e-01
 1.54563505e-01 -1.73856684e-01 3.66256223e-01
 -1.90529532e-01 -1.33540243e-01 3.65852446e-01
 1.90181582e-01 -1.33656961e-01 3.68060490e-01
 -2.26083919e-01 -5.65096102e-02 3.62054701e-01
 2.25939175e-01 -5.67165677e-02 3.62981433e-01
 -2.25939176e-01 5.67165619e-02 3.62981437e-01
 2.26083927e-01 5.65096092e-02 3.62054628e-01
 -1.90181540e-01 1.33657023e-01 3.68060479e-01
 1.90529470e-01 1.33540271e-01 3.65852806e-01
 -1.54563524e-01 1.73856649e-01 3.66256361e-01
 1.55140256e-01 1.73759733e-01 3.63076990e-01
 -1.10641942e-01 2.05445364e-01 3.58899716e-01
 -8.35409376e-02 2.16344037e-01 3.73441708e-01
 8.36875933e-02 2.16336192e-01 3.72988764e-01
 1.10677964e-01 2.05516779e-01 3.58066851e-01
 -2.86044238e-02 2.32343021e-01 3.50964561e-01
 -2.10156329e-04 2.33094147e-01 3.61487470e-01
 2.81520591e-02 2.32332667e-01 3.51658777e-01
 -2.75433103e-02 -2.28910983e-01 3.86598043e-01
 1.28842348e-04 -2.29356615e-01 3.97905044e-01
 2.78565944e-02 -2.28908292e-01 3.86264242e-01
 -1.07709024e-01 -2.02896438e-01 3.94599573e-01
 -8.13853349e-02 -2.13273321e-01 4.07743403e-01
 8.16102163e-02 -2.13180739e-01 4.07798873e-01
 1.08046471e-01 -2.02572323e-01 3.95786084e-01
 -1.52294582e-01 -1.71429010e-01 3.98365758e-01
 1.52249802e-01 -1.70990637e-01 4.01640635e-01
 -1.88062398e-01 -1.31183318e-01 3.98466493e-01
 1.88314880e-01 -1.30141780e-01 4.02007428e-01
 -2.22267395e-01 -5.60365038e-02 3.99141385e-01
 2.22257418e-01 -5.61296493e-02 3.99020851e-01
 -2.22257417e-01 5.61296301e-02 3.99020907e-01
 2.22267461e-01 5.60364390e-02 3.99140942e-01
 -1.88314731e-01 1.30141998e-01 4.02007417e-01
 1.88062481e-01 1.31182966e-01 3.98467720e-01
 -1.52250129e-01 1.70990274e-01 4.01641125e-01
 1.52294917e-01 1.71428982e-01 3.98363905e-01
 -1.08046362e-01 2.02572393e-01 3.95785984e-01
 -8.16099972e-02 2.13180792e-01 4.07799129e-01
 8.13854437e-02 2.13273283e-01 4.07743377e-01
 1.07708968e-01 2.02896458e-01 3.94599654e-01
 -2.78566431e-02 2.28908278e-01 3.86264315e-01
 -1.28902881e-04 2.29356614e-01 3.97905055e-01
 2.75432947e-02 2.28910990e-01 3.86597992e-01
 -1.02106260e-01 -2.01091216e-01 4.31492932e-01
 -6.83231653e-02 -2.14086819e-01 4.38155754e-01
 -3.68232507e-02 -2.19941822e-01 4.52011380e-01
 2.01802081e-04 -2.22465492e-01 4.56229138e-01
 3.69812877e-02 -2.19912570e-01 4.52032671e-01
 6.82191860e-02 -2.14113436e-01 4.38206874e-01
 1.01604111e-01 -2.01150267e-01 4.32946638e-01
 -1.49219023e-01 -1.68766414e-01 4.33618831e-01
 1.49168725e-01 -1.68378201e-01 4.36302147e-01
 -1.86725731e-01 -1.26728321e-01 4.30319585e-01
 1.86395460e-01 -1.26607442e-01 4.33170415e-01
 -1.86395573e-01 1.26607391e-01 4.33169880e-01
 1.86725891e-01 1.26727690e-01 4.30321450e-01
 -1.49169766e-01 1.68377030e-01 4.36303686e-01
 1.49219298e-01 1.68767102e-01 4.33613030e-01
 -1.01603568e-01 2.01150522e-01 4.32946787e-01
 -6.82193103e-02 2.14113156e-01 4.38208752e-01
 -3.69825722e-02 2.19912168e-01 4.52034117e-01
 -2.02208457e-04 2.22465480e-01 4.56229228e-01
 3.68225910e-02 2.19942108e-01 4.52010015e-01
 6.83230903e-02 2.14086949e-01 4.38154923e-01
 1.02106418e-01 2.01091115e-01 4.31493089e-01
 -9.52781016e-02 -1.99995400e-01 4.63446621e-01
 -6.80137318e-02 -2.09352518e-01 4.74057472e-01
 -3.36483270e-02 -2.16402774e-01 4.82288372e-01
 -6.07345239e-05 -2.18360473e-01 4.86928331e-01
 3.35015182e-02 -2.16404998e-01 4.82435902e-01
 6.76500927e-02 -2.09440736e-01 4.74266474e-01
 9.46033633e-02 -2.00073546e-01 4.65115549e-01
 -1.47170332e-01 -1.64667607e-01 4.68623047e-01
 1.45518578e-01 -1.65807249e-01 4.70443191e-01
 -1.83538532e-01 -1.24131106e-01 4.63121164e-01
 1.82796510e-01 -1.24924532e-01 4.64401505e-01
 -1.82794971e-01 1.24926492e-01 4.64402759e-01
 1.83537053e-01 1.24132908e-01 4.63122819e-01
 -1.45520880e-01 1.65805301e-01 4.70442783e-01
 1.47171786e-01 1.64670495e-01 4.68599503e-01
 -9.46040938e-02 2.00072701e-01 4.65118992e-01
 -6.76517936e-02 2.09439086e-01 4.74274252e-01
 -3.35011407e-02 2.16404697e-01 4.82438481e-01
 6.05082535e-05 2.18360450e-01 4.86928496e-01
 3.36487054e-02 2.16403176e-01 4.82285058e-01
 6.80118601e-02 2.09353669e-01 4.74053635e-01
 9.52765001e-02 1.99996233e-01 4.63446138e-01
 -6.54614809e-02 -2.05673317e-01 5.04591416e-01
 -3.30316603e-02 -2.11799299e-01 5.14586690e-01
 -8.15176299e-05 -2.13706823e-01 5.18912510e-01
 3.28524301e-02 -2.11761458e-01 5.15019264e-01
 6.49147075e-02 -2.05750580e-01 5.05217252e-01
 -1.39310577e-01 -1.65961488e-01 4.98788093e-01
 -1.21525947e-01 -1.74928800e-01 5.23547272e-01
 1.21598331e-01 -1.74841307e-01 5.23745944e-01
 1.40262432e-01 -1.65064252e-01 4.99283374e-01
 -1.93762898e-01 -9.18488255e-02 5.14116446e-01
 1.93362678e-01 -9.20931531e-02 5.15825180e-01
 -1.93377960e-01 9.20627678e-02 5.15820298e-01
 1.93747582e-01 9.18671771e-02 5.14156337e-01
 -1.40244913e-01 1.65080315e-01 4.99277142e-01
 -1.21551928e-01 1.74857102e-01 5.23833911e-01
 1.21643963e-01 1.74861731e-01 5.23467232e-01
 1.39338121e-01 1.65948325e-01 4.98735061e-01
 -6.48938844e-02 2.05753532e-01 5.05240816e-01
 -3.28478176e-02 2.11759911e-01 5.15034150e-01
 8.51655126e-05 2.13707365e-01 5.18908928e-01
 3.30392139e-02 2.11800582e-01 5.14570484e-01
 6.54799873e-02 2.05669699e-01 5.04576591e-01
 -6.17422073e-02 -2.01391410e-01 5.38581841e-01
 -3.03621106e-02 -2.06893290e-01 5.48062898e-01
 7.96289582e-05 -2.08462996e-01 5.51988016e-01
 3.05287483e-02 -2.06742670e-01 5.48823675e-01
 6.16113681e-02 -2.01292958e-01 5.39409817e-01
 -1.14712822e-01 -1.73947950e-01 5.52566072e-01
 1.14837723e-01 -1.73850017e-01 5.52644104e-01
 -1.56981687e-01 -1.35700548e-01 5.57739886e-01
 1.56694419e-01 -1.35977262e-01 5.57954024e-01
 -1.89329729e-01 -8.94481694e-02 5.46308028e-01
 1.88815277e-01 -8.99109217e-02 5.47938937e-01
 -1.88822252e-01 8.98923028e-02 5.47949355e-01
 1.89313899e-01 8.94617232e-02 5.46360290e-01
 -1.56809322e-01 1.35983259e-01 5.57413883e-01
 1.56985326e-01 1.35790082e-01 5.57374718e-01
 -1.14838088e-01 1.73789435e-01 5.52947675e-01
 1.14818853e-01 1.74031392e-01 5.51792798e-01
 -6.16046734e-02 2.01285132e-01 5.39468776e-01
 -3.05632369e-02 2.06732382e-01 5.48854966e-01
 -1.04231255e-04 2.08463234e-01 5.51986508e-01
 3.03079651e-02 2.06906898e-01 5.48028655e-01
 6.17566738e-02 2.01397234e-01 5.38520455e-01
 -5.98521982e-02 -1.96160836e-01 5.71855099e-01
 -3.20373096e-02 -2.00777709e-01 5.81885521e-01
 -2.50161163e-04 -2.02817139e-01 5.84672838e-01
 3.19474590e-02 -2.00544693e-01 5.83248639e-01
 5.93744067e-02 -1.96016318e-01 5.73442698e-01
 -1.11926353e-01 -1.68753515e-01 5.86443418e-01
 1.10991247e-01 -1.69212520e-01 5.87170384e-01
 -1.52103089e-01 -1.33043501e-01 5.88748871e-01
 1.51742665e-01 -1.32674375e-01 5.91563002e-01
 -1.83458023e-01 -8.93862043e-02 5.77626321e-01
 1.83152229e-01 -8.90062630e-02 5.80112351e-01
 -1.83104386e-01 8.90372644e-02 5.80277854e-01
 1.83461941e-01 8.93290606e-02 5.77747835e-01
 -1.52306642e-01 1.32619416e-01 5.89437392e-01
 1.52406136e-01 1.32854306e-01 5.88178249e-01
 -1.10797418e-01 1.69201858e-01 5.87804912e-01
 1.12316113e-01 1.68785333e-01 5.85103095e-01
 -5.94116756e-02 1.95971199e-01 5.73627639e-01
 -3.19517780e-02 2.00543043e-01 5.83253931e-01
 2.02879883e-04 2.02819659e-01 5.84659145e-01
 3.20847678e-02 2.00765189e-01 5.81912797e-01
 5.97675739e-02 1.96228489e-01 5.71625292e-01
 -3.11437879e-02 -1.95445443e-01 6.10981418e-01
 -1.88523172e-03 -1.96214454e-01 6.19630006e-01
 2.75192042e-02 -1.95604558e-01 6.12947636e-01
 -1.03005116e-01 -1.68213921e-01 6.14413840e-01
 -8.67782116e-02 -1.72284321e-01 6.36083701e-01
 8.55104754e-02 -1.72678948e-01 6.37117754e-01
 1.03094077e-01 -1.67993760e-01 6.15138462e-01
 -1.48667432e-01 -1.28175682e-01 6.19276859e-01
 1.46308482e-01 -1.28937653e-01 6.25701649e-01
 -1.87090191e-01 -5.61507121e-02 6.24107144e-01
 1.86317152e-01 -5.46457090e-02 6.29917648e-01
 -1.86110715e-01 5.53623795e-02 6.29892802e-01
 1.87197207e-01 5.57944361e-02 6.24104948e-01
 -1.47774539e-01 1.28902208e-01 6.20282599e-01
 1.48710663e-01 1.28248921e-01 6.18868034e-01
 -1.03394769e-01 1.67532113e-01 6.16344228e-01
 -8.62255944e-02 1.72237792e-01 6.37486186e-01
 8.42346936e-02 1.73712488e-01 6.35339128e-01
 1.03172025e-01 1.68357701e-01 6.13334726e-01
 -2.75020797e-02 1.95598622e-01 6.12990242e-01
 1.91427547e-03 1.96186087e-01 6.19772281e-01
 3.08401954e-02 1.95506506e-01 6.10915225e-01
 -6.56656619e-02 -1.75899824e-01 6.60269916e-01
 -3.74406294e-02 -1.80610132e-01 6.75019164e-01
 -2.76136196e-03 -1.83763161e-01 6.77920062e-01
 3.27914081e-02 -1.81211653e-01 6.76308337e-01
 6.40913815e-02 -1.76331559e-01 6.60902123e-01
 -1.21067168e-01 -1.39775372e-01 6.72970566e-01
 1.18641210e-01 -1.41344144e-01 6.74638819e-01
 -1.19422773e-01 1.40836245e-01 6.74131777e-01
 1.24515637e-01 1.39008425e-01 6.65402300e-01
 -6.42190186e-02 1.76305931e-01 6.60813272e-01
 -3.26679186e-02 1.81235312e-01 6.76302522e-01
 2.97931298e-03 1.83768921e-01 6.77880310e-01
 3.78738970e-02 1.80600778e-01 6.74672387e-01
 6.67684958e-02 1.75427067e-01 6.60512676e-01
 -6.53869132e-02 -1.68017558e-01 6.92758563e-01
 -3.05698717e-02 -1.74712047e-01 7.04740334e-01
 2.24097553e-03 -1.76826178e-01 7.06851961e-01
 3.25045661e-02 -1.74437355e-01 7.04443751e-01
 6.46925223e-02 -1.68079679e-01 6.93560081e-01
 -1.14860868e-01 -1.35706799e-01 7.03029397e-01
 1.15974804e-01 -1.34073363e-01 7.05114780e-01
 -1.53702451e-01 -9.15103749e-02 6.98586089e-01
 1.52755351e-01 -9.14288677e-02 7.02071960e-01
 -1.52477670e-01 9.22658524e-02 7.01285366e-01
 1.53615960e-01 9.14912028e-02 6.98930575e-01
 -1.15669422e-01 1.34610695e-01 7.04278871e-01
 1.14743114e-01 1.37495194e-01 6.97757431e-01
 -6.49160182e-02 1.68115319e-01 6.93087587e-01
 -3.26890639e-02 1.74414340e-01 7.04398333e-01
 -2.47737843e-03 1.76837610e-01 7.06793575e-01
 3.03245412e-02 1.74764623e-01 7.04701340e-01
 6.46828853e-02 1.68219966e-01 6.93030071e-01
 -6.18494345e-02 -1.61562979e-01 7.21909151e-01
 -3.37231449e-02 -1.66138580e-01 7.34963636e-01
 -1.20468123e-03 -1.69515670e-01 7.34988285e-01
 3.21664502e-02 -1.66405950e-01 7.35112284e-01
 6.00633956e-02 -1.61073147e-01 7.26061483e-01
 -1.09955323e-01 -1.30203555e-01 7.31648673e-01
 1.06128940e-01 -1.30630939e-01 7.39429032e-01
 -1.47117073e-01 -8.83226469e-02 7.27248810e-01
 1.44790741e-01 -8.93776035e-02 7.32636720e-01
 -1.43982595e-01 8.91839706e-02 7.35556733e-01
 1.47274232e-01 8.83037431e-02 7.26776439e-01
 -1.06366757e-01 1.30873206e-01 7.38195821e-01
 1.11293433e-01 1.29875397e-01 7.29341106e-01
 -6.01271905e-02 1.61162863e-01 7.25658350e-01
 -3.22342450e-02 1.66386011e-01 7.35136979e-01
 1.13648496e-03 1.69514915e-01 7.34992812e-01
 3.35604246e-02 1.66191685e-01 7.34890704e-01
 6.15498758e-02 1.61521362e-01 7.22467577e-01
 -2.89915211e-02 -1.59252030e-01 7.62084328e-01
 -5.30428809e-04 -1.60476068e-01 7.66781849e-01
 2.76161776e-02 -1.59583499e-01 7.61792135e-01
 -8.13332768e-02 -1.35646722e-01 7.74440339e-01
 7.68469704e-02 -1.35352010e-01 7.82553529e-01
 -1.23475503e-01 -9.83314625e-02 7.75471199e-01
 1.20467532e-01 -9.83556392e-02 7.82955856e-01
 -1.49789921e-01 -5.18917810e-02 7.73255172e-01
 1.49080740e-01 -5.18811489e-02 7.75456298e-01
 -1.47624111e-01 5.28899824e-02 7.78817275e-01
 1.49747459e-01 5.18787242e-02 7.73400767e-01
 -1.20283367e-01 9.82702000e-02 7.83580289e-01
 1.23423614e-01 9.83808055e-02 7.75503229e-01
 -7.71363768e-02 1.35465757e-01 7.81782661e-01
 8.08442631e-02 1.35606580e-01 7.75371503e-01
 -2.77989833e-02 1.59569845e-01 7.61731513e-01
 4.30103164e-04 1.60471917e-01 7.66796755e-01
 2.89180551e-02 1.59276056e-01 7.62048649e-01
 -6.51967489e-02 -1.32203484e-01 8.07679370e-01
 -3.69946148e-02 -1.37825875e-01 8.21076626e-01
 -1.13150058e-04 -1.43075162e-01 8.20043757e-01
 3.55318349e-02 -1.38129335e-01 8.21294350e-01
 6.34576700e-02 -1.32535298e-01 8.09024291e-01
 -1.14280599e-01 -9.35373450e-02 8.06877536e-01
 1.13559802e-01 -9.37729117e-02 8.08067447e-01
 -1.14256294e-01 9.30483329e-02 8.07836686e-01
 1.14274650e-01 9.35586752e-02 8.06851448e-01
 -6.38293093e-02 1.32458668e-01 8.08757275e-01
 -3.58137933e-02 1.38081410e-01 8.21227338e-01
 3.82745413e-05 1.43067423e-01 8.20065471e-01
 3.68937854e-02 1.37841967e-01 8.21105992e-01
 6.50382507e-02 1.32187432e-01 8.07925826e-01
 -2.78872286e-02 -1.29517454e-01 8.48033317e-01
 -2.83739976e-04 -1.33993014e-01 8.44234960e-01
 2.77979458e-02 -1.29535856e-01 8.48035247e-01
 -8.09237955e-02 -9.98597066e-02 8.57712104e-01
 8.02369320e-02 -1.00151101e-01 8.58200831e-01
 -1.20675170e-01 -5.87307592e-02 8.43689054e-01
 1.20427480e-01 -5.86943557e-02 8.44295633e-01
 -1.20481355e-01 5.87244430e-02 8.44139164e-01
 1.20667665e-01 5.87240857e-02 8.43713661e-01
 -8.02090718e-02 1.00258902e-01 8.58041093e-01
 8.09188496e-02 9.98601708e-02 8.57718705e-01
 -2.77988459e-02 1.29554805e-01 8.47988459e-01
 3.15851060e-04 1.33988028e-01 8.44247439e-01
 2.78948411e-02 1.29513074e-01 8.48040012e-01
 4.30325784e-04 -1.23021714e-01 8.70544405e-01
 -6.93285419e-02 -9.63429722e-02 8.80105312e-01
 -4.80427525e-02 -9.64246188e-02 9.02389599e-01
 4.80491458e-02 -9.69457195e-02 9.01490384e-01
 6.95841060e-02 -9.54786278e-02 8.81288909e-01
 -1.12791274e-01 -2.06909101e-02 8.88594529e-01
 1.13066476e-01 -2.07287012e-02 8.88020657e-01
 -1.13060517e-01 2.07581540e-02 8.88021788e-01
 1.12792173e-01 2.07003030e-02 8.88589202e-01
 -6.95995960e-02 9.54673878e-02 8.81288821e-01
 -4.80362028e-02 9.69786058e-02 9.01444825e-01
 4.80485140e-02 9.64321534e-02 9.02371809e-01
 6.93371774e-02 9.63286583e-02 8.80119496e-01
 -4.54803392e-04 1.23023104e-01 8.70541065e-01
 -2.98750927e-02 -9.27011313e-02 9.20990589e-01
 -1.12752979e-04 -9.12384909e-02 9.31025457e-01
 2.82449546e-02 -9.30636060e-02 9.21228639e-01
 -7.42555396e-02 -5.43819710e-02 9.29763119e-01
 7.11870046e-02 -5.39505501e-02 9.33995705e-01
 -7.11029930e-02 5.39722128e-02 9.34078066e-01
 7.41990551e-02 5.43668555e-02 9.29849409e-01
 -2.82130084e-02 9.30521427e-02 9.21262828e-01
 6.39898044e-05 9.12456005e-02 9.31014383e-01
 2.98529500e-02 9.27171023e-02 9.20976354e-01
 -3.36463367e-02 -5.49313319e-02 9.66233701e-01
 -5.29670672e-04 -5.54535251e-02 9.75086671e-01
 3.39354951e-02 -5.51035305e-02 9.65914970e-01
 -3.39376668e-02 5.50037710e-02 9.66004720e-01
 5.80257462e-04 5.54824850e-02 9.75059852e-01
 3.37830952e-02 5.49284657e-02 9.66159955e-01
 3.73149798e-02 -1.37473141e-02 9.87267774e-01
 3.86254713e-02 9.24995587e-03 9.87299438e-01
 -3.03593177e-02 -9.24319873e-03 -9.91910279e-01
 3.85359938e-02 -1.03522602e-02 -9.87180291e-01
 -2.26106960e-03 5.80384647e-02 -9.72637027e-01
 2.47092910e-03 5.77485070e-02 -9.72904965e-01
 -1.80229223e-01 -4.90369511e-02 -6.64684039e-01
 1.80202430e-01 -4.91210631e-02 -6.64700900e-01
 -1.80201855e-01 4.91226426e-02 -6.64701525e-01
 1.80229019e-01 4.90375703e-02 -6.64684195e-01
 -9.09760171e-02 -1.84984777e-01 -5.65741940e-01
 9.13284815e-02 -1.84731724e-01 -5.66156141e-01
 -9.13284971e-02 1.84731719e-01 -5.66156130e-01
 9.09760100e-02 1.84984777e-01 -5.65741960e-01
 -1.65153548e-01 -1.85174323e-01 -1.22296404e-01
 1.65543526e-01 -1.84437578e-01 -1.31339010e-01
 -1.65543551e-01 1.84437529e-01 -1.31339580e-01
 1.65153548e-01 1.85174323e-01 -1.22296404e-01
 -9.41030310e-02 -1.60176655e-01 6.69185281e-01
 9.31511935e-02 -1.61082358e-01 6.67836256e-01
 -9.40186214e-02 1.60730679e-01 6.67246851e-01
 9.42268344e-02 1.59272247e-01 6.72352942e-01
 -9.24690324e-03 3.86275649e-02 9.87298585e-01
 1.37411950e-02 3.73196590e-02 9.87266307e-01
 -5.84464911e-02 2.88246484e-04 -9.72287403e-01
 1.02406242e-02 -3.09500268e-02 -9.91461349e-01
 -5.80728676e-02 1.68817828e-03 -9.72622781e-01
 8.92960301e-03 3.73405518e-02 -9.88137200e-01
 -4.91232523e-02 -1.80201667e-01 -6.64701621e-01
 4.90373612e-02 -1.80229068e-01 -6.64684230e-01
 -4.90377363e-02 1.80228931e-01 -6.64684378e-01
 4.91208932e-02 1.80202433e-01 -6.64701087e-01
 -1.84731717e-01 -9.13285012e-02 -5.66156127e-01
 1.84984778e-01 -9.09760082e-02 -5.65741961e-01
 -1.84984778e-01 9.09760150e-02 -5.65741944e-01
 1.84731725e-01 9.13284805e-02 -5.66156141e-01
 -1.84437578e-01 -1.65543526e-01 -1.31339010e-01
 1.85174323e-01 -1.65153548e-01 -1.22296404e-01
 -1.85174298e-01 1.65153587e-01 -1.22296186e-01
 1.84437578e-01 1.65543526e-01 -1.31339010e-01
 -1.60726759e-01 -9.40227856e-02 6.67252572e-01
 1.59528506e-01 -9.41171190e-02 6.71626368e-01
 -1.60176438e-01 9.41031611e-02 6.69185819e-01
 1.61093762e-01 9.30754434e-02 6.67961216e-01
 -3.86293725e-02 -9.24532285e-03 9.87297690e-01
 -3.73244741e-02 1.37391246e-02 9.87263856e-01
 9.50595914e-03 -2.67166417e-02 -9.93546036e-01
 -2.68706556e-02 -9.20991304e-03 -9.93524195e-01
 -2.72038831e-03 -9.33605429e-04 -9.99933821e-01
 2.59427240e-02 7.99324416e-03 -9.94087184e-01
 -6.63001698e-03 2.56233987e-02 -9.94380083e-01
 7.69455654e-03 -6.01454765e-02 -9.70140736e-01
 -4.36464909e-02 -3.77630644e-02 -9.72986617e-01
 3.80556501e-02 -4.35811321e-02 -9.72851088e-01
 -6.12243498e-02 -5.86603252e-03 -9.69265030e-01
 6.15179122e-02 4.88807461e-03 -9.69054411e-01
 -4.08098739e-02 4.08117877e-02 -9.72986760e-01
 4.14359606e-02 3.84447811e-02 -9.74105210e-01
 -6.51024606e-04 6.24753723e-02 -9.68267765e-01
 -4.68344504e-02 -7.52357992e-02 -9.35060287e-01
 5.24591948e-02 -7.29703699e-02 -9.33152575e-01
 -7.18511970e-02 -5.43021338e-02 -9.32855262e-01
 7.27293951e-02 -5.05407552e-02 -9.35145483e-01
 -7.69711943e-02 4.52083744e-02 -9.34080409e-01
 7.22801593e-02 5.22238519e-02 -9.34222653e-01
 -5.33217931e-02 7.17006236e-02 -9.33944812e-01
 5.09099905e-02 7.26150530e-02 -9.34967182e-01
 -3.65955263e-02 -1.06380581e-01 -8.93030251e-01
 -5.82679504e-04 -1.13652793e-01 -8.90686953e-01
 3.61724254e-02 -1.07124144e-01 -8.91883163e-01
 -7.55797747e-02 -7.91988207e-02 -8.99023866e-01
 7.73685597e-02 -7.84154853e-02 -8.97686962e-01
 -1.07987262e-01 -3.29443869e-02 -8.92218974e-01
 1.07217594e-01 -3.56209424e-02 -8.92058616e-01
 -1.13821042e-01 1.31178952e-03 -8.90330721e-01
 1.13687905e-01 1.41778581e-04 -8.90618124e-01
 -1.06555698e-01 3.65769593e-02 -8.92708323e-01
 1.07074359e-01 3.62505159e-02 -8.91928084e-01
 -7.87041409e-02 7.64881169e-02 -8.98489632e-01
 7.83991117e-02 7.74234480e-02 -8.97634126e-01
 -3.22232137e-02 1.08194942e-01 -8.92237806e-01
 1.19445074e-03 1.13825661e-01 -8.90323916e-01
 3.60367344e-02 1.07138183e-01 -8.91944067e-01
 -7.99864237e-02 -1.02635506e-01 -8.53867671e-01
 7.99379898e-02 -1.03582429e-01 -8.52108897e-01
 -1.08244308e-01 -7.45250316e-02 -8.50686212e-01
 1.01838685e-01 -8.05735825e-02 -8.54510667e-01
 -1.01370808e-01 8.12772649e-02 -8.54334507e-01
 1.03570471e-01 7.99442486e-02 -8.52122757e-01
 -7.18181542e-02 1.10271361e-01 -8.50245890e-01
 8.05514738e-02 1.01868504e-01 -8.54487148e-01
 -2.92042572e-02 -1.52475173e-01 -7.83820725e-01
 2.92400905e-02 -1.52465602e-01 -7.83829137e-01
 -1.11003196e-01 -1.11003214e-01 -7.78270667e-01
 1.10954324e-01 -1.11106111e-01 -7.78147236e-01
 -1.52419048e-01 -2.92655405e-02 -7.83958795e-01
 1.52476481e-01 -2.91711477e-02 -7.83836379e-01
 -1.52452529e-01 2.93378258e-02 -7.83811388e-01
 1.52470271e-01 2.92136774e-02 -7.83830366e-01
 -1.10854702e-01 1.11202485e-01 -7.78154149e-01
 1.11104896e-01 1.10955391e-01 -7.78147578e-01
 -2.91975707e-02 1.52431776e-01 -7.83959748e-01
 2.92506781e-02 1.52468297e-01 -7.83814428e-01
 -7.12969267e-02 -1.51275767e-01 -7.43315713e-01
 7.16636575e-02 -1.51207351e-01 -7.42974100e-01
 -1.51155414e-01 -7.17545460e-02 -7.43002837e-01
 1.51330245e-01 -7.12141609e-02 -7.43265230e-01
 -1.51300592e-01 7.12458850e-02 -7.43313174e-01
 1.51206901e-01 7.16637203e-02 -7.42975471e-01
 -7.17936552e-02 1.51135527e-01 -7.43007119e-01
 7.12155466e-02 1.51330927e-01 -7.43260886e-01
 1.18324336e-04 -1.84340452e-01 -6.75497845e-01
 -1.13573224e-01 -1.47591428e-01 -6.67147879e-01
 1.08017124e-01 -1.51805427e-01 -6.66782283e-01
 -1.51801888e-01 -1.08021274e-01 -6.66784416e-01
 1.47593772e-01 -1.13569174e-01 -6.67150611e-01
 -1.84340250e-01 -1.18809171e-04 -6.75498729e-01
 1.84340754e-01 1.20106124e-04 -6.75496522e-01
 -1.47592389e-01 1.13571771e-01 -6.67148433e-01
 1.51805423e-01 1.08017119e-01 -6.66782310e-01
 -1.08020329e-01 1.51802919e-01 -6.66783111e-01
 1.13569224e-01 1.47593732e-01 -6.67150617e-01
 -1.20841082e-04 1.84340645e-01 -6.75496996e-01
 -4.46222333e-02 -1.88096423e-01 -6.34080018e-01
 4.47950638e-02 -1.88075387e-01 -6.33984872e-01
 -1.88075232e-01 -4.47956361e-02 -6.33984960e-01
 1.88096005e-01 -4.46238025e-02 -6.34080237e-01
 -1.88096311e-01 4.46226030e-02 -6.34080134e-01
 1.88075344e-01 4.47953738e-02 -6.33984726e-01
 -4.47956437e-02 1.88075262e-01 -6.33984811e-01
 4.46236582e-02 1.88096033e-01 -6.34080267e-01
 -7.84927679e-02 -1.85703496e-01 -5.91311723e-01
 7.86427700e-02 -1.85633288e-01 -5.91345543e-01
 -1.85633298e-01 -7.86427746e-02 -5.91345486e-01
 1.85703500e-01 -7.84927377e-02 -5.91311763e-01
 -1.85703490e-01 7.84927683e-02 -5.91311752e-01
 1.85633286e-01 7.86427761e-02 -5.91345544e-01
 -7.86427799e-02 1.85633292e-01 -5.91345503e-01
 7.84927371e-02 1.85703502e-01 -5.91311756e-01
 -1.51651223e-01 -1.50810892e-01 -5.17810489e-01
 1.50810887e-01 -1.51651227e-01 -5.17810491e-01
 -1.50810892e-01 1.51651222e-01 -5.17810491e-01
 1.51651227e-01 1.50810887e-01 -5.17810491e-01
 -1.13613992e-01 -1.87408979e-01 -4.81160855e-01
 1.09714146e-01 -1.89709416e-01 -4.81217516e-01
 -1.89709417e-01 -1.09714145e-01 -4.81217515e-01
 1.87408979e-01 -1.13613992e-01 -4.81160855e-01
 -1.87408979e-01 1.13614000e-01 -4.81160825e-01
 1.89709416e-01 1.09714146e-01 -4.81217516e-01
 -1.09714144e-01 1.89709417e-01 -4.81217517e-01
 1.13613992e-01 1.87408979e-01 -4.81160855e-01
 3.66067999e-04 -2.22895972e-01 -4.52853205e-01
 -2.22895972e-01 -3.66064383e-04 -4.52853203e-01
 2.22895972e-01 3.66067989e-04 -4.52853205e-01
 -3.66067829e-04 2.22895972e-01 -4.52853205e-01
 -4.22726768e-02 -2.24311439e-01 -4.07870550e-01
 4.22258392e-02 -2.24298920e-01 -4.08058291e-01
 -2.24298920e-01 -4.22258369e-02 -4.08058291e-01
 2.24311439e-01 -4.22726768e-02 -4.07870550e-01
 -2.24311432e-01 4.22727580e-02 -4.07870479e-01
 2.24298920e-01 4.22258392e-02 -4.08058291e-01
 -4.22258334e-02 2.24298920e-01 -4.08058297e-01
 4.22726767e-02 2.24311439e-01 -4.07870550e-01
 -8.00613581e-02 -2.22077355e-01 -3.29164453e-01
 7.71626405e-02 -2.23173156e-01 -3.28381958e-01
 -2.23173156e-01 -7.71626405e-02 -3.28381958e-01
 2.22077355e-01 -8.00613581e-02 -3.29164453e-01
 -2.22077557e-01 8.00608744e-02 -3.29164155e-01
 2.23173156e-01 7.71626405e-02 -3.28381958e-01
 -7.71629931e-02 2.23173065e-01 -3.28381618e-01
 8.00613580e-02 2.22077355e-01 -3.29164453e-01
 -1.51781494e-01 -1.84770667e-01 -2.91813049e-01
 1.44096672e-01 -1.90818130e-01 -2.91879159e-01
 -1.90818130e-01 -1.44096672e-01 -2.91879159e-01
 1.84770667e-01 -1.51781494e-01 -2.91813049e-01
 -1.84725074e-01 1.51839957e-01 -2.91788267e-01
 1.90818130e-01 1.44096672e-01 -2.91879159e-01
 -1.44074632e-01 1.90834765e-01 -2.91879232e-01
 1.51781494e-01 1.84770667e-01 -2.91813049e-01
 -1.44718860e-01 -1.92368581e-01 2.69837893e-01
 1.51153996e-01 -1.87387120e-01 2.69474653e-01
 -1.87387119e-01 -1.51153998e-01 2.69474651e-01
 1.92368582e-01 -1.44718859e-01 2.69837893e-01
 -1.92368581e-01 1.44718860e-01 2.69837893e-01
 1.87387121e-01 1.51153995e-01 2.69474652e-01
 -1.51153998e-01 1.87387119e-01 2.69474651e-01
 1.44718857e-01 1.92368584e-01 2.69837889e-01
 -7.66437687e-02 -2.25315571e-01 3.06166657e-01
 8.09914860e-02 -2.23789900e-01 3.06162302e-01
 -2.23789901e-01 -8.09914846e-02 3.06162303e-01
 2.25315570e-01 -7.66437699e-02 3.06166659e-01
 -2.25315571e-01 7.66437686e-02 3.06166657e-01
 2.23789901e-01 8.09914842e-02 3.06162300e-01
 -8.09914846e-02 2.23789901e-01 3.06162303e-01
 7.66437693e-02 2.25315570e-01 3.06166659e-01
 -3.35580492e-02 -2.24152503e-01 4.21986025e-01
 -4.44603072e-04 -2.26027415e-01 4.27296805e-01
 3.30983195e-02 -2.24205251e-01 4.22118597e-01
 -2.24205199e-01 -3.30983087e-02 4.22119047e-01
 2.24152530e-01 -3.35580558e-02 4.21985786e-01
 -2.26027428e-01 4.44714897e-04 4.27296697e-01
 2.26027398e-01 -4.44638541e-04 4.27296947e-01
 -2.24152498e-01 3.35580824e-02 4.21986025e-01
 2.24205272e-01 3.30982327e-02 4.22118522e-01
 -3.30982946e-02 2.24205203e-01 4.22119035e-01
 4.44754305e-04 2.26027411e-01 4.27296835e-01
 3.35580799e-02 2.24152540e-01 4.21985673e-01
 -1.09225712e-01 -1.88289615e-01 4.91801011e-01
 1.11302457e-01 -1.87052136e-01 4.91906684e-01
 -1.87041629e-01 -1.11318042e-01 4.91914182e-01
 1.88289590e-01 -1.09225898e-01 4.91800505e-01
 -1.88289618e-01 1.09225705e-01 4.91801016e-01
 1.87054101e-01 1.11301818e-01 4.91897036e-01
 -1.11318107e-01 1.87041596e-01 4.91914148e-01
 1.09220012e-01 1.88293140e-01 4.91799675e-01
 -1.49983729e-01 -1.50248321e-01 5.28095798e-01
 1.50305663e-01 -1.49911251e-01 5.28163980e-01
 -1.50248341e-01 1.49983705e-01 5.28095811e-01
 1.49864724e-01 1.50349556e-01 5.28175355e-01
 -6.93258476e-02 -1.86828449e-01 6.03841801e-01
 7.35789156e-02 -1.85349180e-01 6.03083077e-01
 -1.85076406e-01 -7.41672808e-02 6.03270266e-01
 1.87037833e-01 -6.89662473e-02 6.03463415e-01
 -1.86827541e-01 6.93283793e-02 6.03841644e-01
 1.85382501e-01 7.35264421e-02 6.03021600e-01
 -7.41667839e-02 1.85075978e-01 6.03273346e-01
 6.89323557e-02 1.87075072e-01 6.03340671e-01
 -2.87584876e-02 -1.88396266e-01 6.47206877e-01
 4.16694680e-03 -1.90106406e-01 6.49211101e-01
 3.41176534e-02 -1.87680658e-01 6.46367777e-01
 -1.17877994e-01 -1.50166237e-01 6.45660963e-01
 1.17735471e-01 -1.50300430e-01 6.45577440e-01
 -1.48036428e-01 -1.20424750e-01 6.46010471e-01
 1.54935455e-01 -1.11444611e-01 6.45911491e-01
 -1.87665740e-01 -3.42285546e-02 6.46343265e-01
 1.88315106e-01 -2.89573788e-02 6.47442861e-01
 -1.90110072e-01 -4.20855881e-03 6.49189633e-01
 1.90105579e-01 4.10201947e-03 6.49221594e-01
 -1.88396966e-01 2.87529554e-02 6.47207548e-01
 1.87680916e-01 3.41085649e-02 6.46374249e-01
 -1.50166094e-01 1.17878136e-01 6.45661076e-01
 1.50785651e-01 1.17135081e-01 6.45514498e-01
 -1.20423852e-01 1.48037118e-01 6.46010621e-01
 1.09628049e-01 1.56165575e-01 6.46145545e-01
 -3.41948605e-02 1.87672318e-01 6.46341243e-01
 -4.11268523e-03 1.90107446e-01 6.49211763e-01
 2.89952922e-02 1.88306653e-01 6.47455049e-01
 -6.56263581e-02 -1.51389145e-01 7.51260358e-01
 7.43512738e-02 -1.46758891e-01 7.52953820e-01
 -1.11392577e-01 -1.19069347e-01 7.58041523e-01
 1.21539356e-01 -1.08887710e-01 7.57592519e-01
 -1.46922324e-01 -7.41027989e-02 7.52835769e-01
 1.48988563e-01 -7.04486110e-02 7.51951075e-01
 -1.51390961e-01 6.56213180e-02 7.51261547e-01
 1.47014973e-01 7.38753577e-02 7.52904023e-01
 -1.19069453e-01 1.11392425e-01 7.58041615e-01
 1.10839652e-01 1.19662397e-01 7.57844124e-01
 -7.41055310e-02 1.46919855e-01 7.52839175e-01
 6.55650936e-02 1.51431361e-01 7.51209814e-01
 -2.93384147e-02 -1.48577079e-01 7.95629149e-01
 9.14641148e-04 -1.52287436e-01 7.93046785e-01
 3.10209162e-02 -1.48413513e-01 7.95096291e-01
 -1.48400945e-01 -3.09163349e-02 7.95198990e-01
 1.48393537e-01 -3.02931362e-02 7.95604766e-01
 -1.52292312e-01 -8.49675845e-04 7.93032962e-01
 1.52263996e-01 1.07309882e-04 7.93127119e-01
 -1.48576878e-01 2.93355618e-02 7.95631434e-01
 1.48476336e-01 3.06756149e-02 7.95122976e-01
 -3.09141389e-02 1.48402831e-01 7.95194727e-01
 -8.32554332e-04 1.52290767e-01 7.93037998e-01
 2.93489220e-02 1.48573251e-01 7.95634387e-01
 -8.45284573e-02 -1.10090766e-01 8.31720752e-01
 8.46844969e-02 -1.10087704e-01 8.31473232e-01
 -1.09884056e-01 -8.52185466e-02 8.31031104e-01
 1.10260628e-01 -8.45159953e-02 8.31380928e-01
 -1.10090798e-01 8.45284560e-02 8.31720688e-01
 1.09900417e-01 8.52153318e-02 8.31001763e-01
 -8.52186749e-02 1.09883994e-01 8.31031025e-01
 8.45838118e-02 1.10051365e-01 8.31714142e-01
 -4.31756740e-02 -1.14886551e-01 8.71200933e-01
 4.34281450e-02 -1.14921383e-01 8.70926604e-01
 -1.14939916e-01 -4.34406915e-02 8.70877462e-01
 1.14856108e-01 -4.31748612e-02 8.71265799e-01
 -1.14885741e-01 4.31796316e-02 8.71199504e-01
 1.14939303e-01 4.34404400e-02 8.70878956e-01
 -4.34419233e-02 1.14940145e-01 8.70875995e-01
 4.31723451e-02 1.14883215e-01 8.71210610e-01
 -7.75714122e-04 -1.05672268e-01 9.06269452e-01
 -7.42583320e-02 -7.58379295e-02 9.05399877e-01
 7.57954143e-02 -7.42890361e-02 9.05416539e-01
 -1.05675342e-01 7.95965410e-04 9.06263437e-01
 1.05676697e-01 -7.60440824e-04 9.06261396e-01
 -7.58401555e-02 7.42578090e-02 9.05397580e-01
 7.42813087e-02 7.58100407e-02 9.05407090e-01
 7.87064712e-04 1.05677644e-01 9.06259266e-01
 -2.91449677e-02 -7.38404467e-02 9.48246038e-01
 1.46073996e-03 -7.55433354e-02 9.53235087e-01
 3.22368735e-02 -7.30225730e-02 9.47658063e-01
 -7.29498974e-02 -3.23083087e-02 9.47708695e-01
 7.38147532e-02 -2.92166327e-02 9.48242759e-01
 -7.56112160e-02 -1.41165201e-03 9.53150156e-01
 7.56063485e-02 1.32790828e-03 9.53158259e-01
 -7.38324418e-02 2.91575996e-02 9.48249798e-01
 7.29579587e-02 3.22592517e-02 9.47725504e-01
 -3.23528451e-02 7.29329606e-02 9.47705243e-01
 -1.44598373e-03 7.56101531e-02 9.53150682e-01
 2.91205658e-02 7.38502833e-02 9.48245777e-01
 -3.01472997e-02 -2.83200156e-02 9.86217964e-01
 -1.43004130e-03 -2.68776038e-02 9.94187503e-01
 2.83522677e-02 -3.01666635e-02 9.86193663e-01
 -2.68987756e-02 1.43352614e-03 9.94178261e-01
 2.68896145e-02 -1.42884216e-03 9.94182334e-01
 -2.83288765e-02 3.01422317e-02 9.86216371e-01
 1.42053886e-03 2.68653877e-02 9.94193003e-01
 3.01229447e-02 2.83602946e-02 9.86211352e-01
 -2.35099581e-06 1.45029678e-06 1.00000000e+00
