 8.22680681e-03 -6.45166119e-03 -9.99125840e-01
 -3.88973243e-02 -3.19504063e-02 -9.79521375e-01
 4.07718904e-02 -2.72307708e-02 -9.80582091e-01
 -6.61212013e-02 -1.34241325e-02 -9.62895135e-01
 -4.40371793e-02 2.10997816e-02 -9.80740141e-01
 4.41055475e-02 3.04329150e-02 -9.76759707e-01
 -1.28451741e-02 4.61667494e-02 -9.81458667e-01
 -5.21027602e-03 -8.81127899e-02 -9.35599235e-01
 1.60428014e-02 -7.11216221e-02 -9.56531311e-01
 -6.07603128e-02 -5.00314795e-02 -9.49148499e-01
 6.50831572e-02 -4.28227975e-02 -9.50204509e-01
 -7.24213338e-02 -3.18165664e-02 -9.48624236e-01
 7.57235203e-02 -2.41602566e-02 -9.48112859e-01
 -8.77776182e-02 6.29855292e-03 -9.35996107e-01
 8.74646272e-02 1.50368820e-02 -9.34870777e-01
 -7.91040026e-02 4.34289635e-02 -9.32580125e-01
 7.69675802e-02 3.31898121e-02 -9.42121573e-01
 -6.49617239e-02 4.21111106e-02 -9.50846161e-01
 6.33929202e-02 4.96141688e-02 -9.46741050e-01
 -1.02755171e-02 7.88707716e-02 -9.48041854e-01
 9.70280269e-03 8.48672797e-02 -9.39817334e-01
 -5.95103214e-02 -8.17854243e-02 -9.14503364e-01
 6.78733723e-02 -7.43067274e-02 -9.15395588e-01
 -8.91772310e-02 -4.82361253e-02 -9.14074836e-01
 9.51426040e-02 -3.72962998e-02 -9.12639830e-01
 -9.50430118e-02 -1.14299574e-02 -9.23786047e-01
 8.98253229e-02 -2.21301259e-02 -9.29014887e-01
 -1.00439108e-01 8.39788201e-03 -9.15131154e-01
 9.66362285e-02 -2.74823015e-03 -9.22206111e-01
 -9.11107296e-02 2.53902109e-02 -9.25672010e-01
 9.94446904e-02 1.57771536e-02 -9.15309341e-01
 -1.02418627e-01 4.79170616e-02 -8.91869649e-01
 9.39484641e-02 4.81737987e-02 -9.06448587e-01
 -6.34029870e-02 7.59275333e-02 -9.18391478e-01
 6.35229727e-02 7.96061008e-02 -9.13260602e-01
 -3.31969432e-02 -1.11548984e-01 -8.85029741e-01
 4.83354991e-02 -1.01512351e-01 -8.93165232e-01
 -1.01152132e-01 -6.41528295e-02 -8.77749265e-01
 9.57982529e-02 -6.97089311e-02 -8.80576627e-01
 -8.83978591e-02 -6.54098491e-02 -8.98064155e-01
 9.54958245e-02 -5.38324072e-02 -8.98734270e-01
 -1.10909932e-01 -2.73837168e-02 -8.89487059e-01
 1.12879441e-01 -1.38732105e-02 -8.90535647e-01
 -1.17607274e-01 -7.14027999e-03 -8.81976184e-01
 1.19944420e-01 5.94866638e-04 -8.77387542e-01
 -1.11543260e-01 1.07985053e-02 -8.93904525e-01
 1.15052613e-01 2.11023202e-02 -8.83788650e-01
 -8.99179459e-02 6.12642006e-02 -9.00324974e-01
 9.32750009e-02 6.40809919e-02 -8.91681278e-01
 -9.50508724e-02 7.00621866e-02 -8.81423114e-01
 1.02722356e-01 6.61103718e-02 -8.72491779e-01
 -3.70879615e-02 1.10984438e-01 -8.83692464e-01
 3.77516460e-02 1.07483592e-01 -8.90142996e-01
 -6.90912974e-02 -1.07202749e-01 -8.60084119e-01
 6.34557180e-02 -1.12041256e-01 -8.57159931e-01
 -8.68509384e-02 -7.97808942e-02 -8.81743756e-01
 9.68618469e-02 -8.17351374e-02 -8.61971878e-01
 1.17587812e-01 -4.16740979e-02 -8.66592897e-01
 -1.21435274e-01 -2.50249694e-02 -8.68352904e-01
 1.20108069e-01 -2.29115752e-02 -8.72230974e-01
 -1.27113526e-01 -4.25141170e-03 -8.60921793e-01
 1.26378895e-01 1.20002310e-02 -8.61481890e-01
 -1.21231163e-01 1.38798473e-02 -8.72792569e-01
 1.20575693e-01 3.17483694e-02 -8.66751349e-01
 1.24319301e-01 4.64848321e-02 -8.47433193e-01
 -9.20645858e-02 8.42302662e-02 -8.66528262e-01
 8.86476374e-02 8.18866776e-02 -8.75773983e-01
 -6.72072077e-02 1.06341952e-01 -8.64172655e-01
 6.40069046e-02 1.10434036e-01 -8.59837194e-01
 -8.78664726e-02 -9.95404560e-02 -8.47313285e-01
 9.63762774e-02 -9.34944774e-02 -8.43520774e-01
 -1.12474993e-01 -7.44249065e-02 -8.42001268e-01
 1.24006135e-01 -6.51944052e-02 -8.28224194e-01
 -1.23671916e-01 -5.88923860e-02 -8.36535815e-01
 1.22500303e-01 -5.27102308e-02 -8.45840326e-01
 -1.39413679e-01 -2.02623231e-02 -8.26107233e-01
 1.36319213e-01 -1.81672134e-02 -8.35100683e-01
 -1.43420967e-01 6.17904934e-04 -8.19073620e-01
 1.42890414e-01 -1.67446604e-04 -8.20559342e-01
 -1.37795589e-01 1.95633297e-02 -8.30707750e-01
 1.39682306e-01 2.17458611e-02 -8.24776577e-01
 -1.19422679e-01 5.49956009e-02 -8.50541242e-01
 1.23926459e-01 6.29664618e-02 -8.31168029e-01
 -1.27309055e-01 5.80010271e-02 -8.28766243e-01
 1.10795533e-01 8.15389204e-02 -8.34992865e-01
 -9.08056796e-02 1.04239094e-01 -8.33197242e-01
 8.84938989e-02 1.11471875e-01 -8.22123121e-01
 -3.73699798e-02 1.31927221e-01 -8.36169847e-01
 3.85656682e-02 1.27869557e-01 -8.45336746e-01
 -6.04409824e-02 -1.34084476e-01 -8.08636321e-01
 5.74621666e-02 -1.40450245e-01 -7.94701236e-01
 -9.02319458e-02 -1.08156654e-01 -8.26175779e-01
 9.52054114e-02 -1.04908933e-01 -8.23942718e-01
 -1.19260081e-01 -7.85251751e-02 -8.20837381e-01
 1.22069586e-01 -8.05306390e-02 -8.11062367e-01
 -1.40825001e-01 -3.96168390e-02 -8.10914304e-01
 1.42209740e-01 -4.19640317e-02 -8.05138111e-01
 -1.46990638e-01 -1.88432740e-02 -8.05369326e-01
 1.43114069e-01 -2.24025958e-02 -8.15024221e-01
 -1.50498422e-01 2.36853540e-03 -7.98445124e-01
 1.49878923e-01 -2.66615327e-03 -8.00292438e-01
 -1.45180182e-01 2.17849815e-02 -8.09426293e-01
 1.47370934e-01 1.84907637e-02 -8.04387476e-01
 -1.44482381e-01 4.25429185e-02 -7.98147792e-01
 1.42111778e-01 3.95573710e-02 -8.07361215e-01
 -1.22176695e-01 7.75218220e-02 -8.15482913e-01
 1.21562684e-01 7.88626915e-02 -8.14893805e-01
 -9.71714317e-02 1.08771742e-01 -8.12172042e-01
 1.00783919e-01 1.09846732e-01 -8.02758710e-01
 -6.17089657e-02 1.33542954e-01 -8.08537725e-01
 6.12479226e-02 1.34648972e-01 -8.06160247e-01
 -5.24845434e-03 -1.56631404e-01 -7.79118522e-01
 -9.54578921e-02 -1.23323265e-01 -7.81580064e-01
 9.15590618e-02 -1.26200082e-01 -7.81695859e-01
 -1.16240440e-01 -9.40050990e-02 -8.01510959e-01
 1.21573855e-01 -9.34358675e-02 -7.89831298e-01
 -1.39537234e-01 -7.27034483e-02 -7.77108666e-01
 1.42284094e-01 -6.00210948e-02 -7.86412132e-01
 -1.48815207e-01 -3.70108352e-02 -7.89777523e-01
 1.49330135e-01 -4.20740505e-02 -7.84146312e-01
 -1.54189830e-01 -1.66974368e-02 -7.84313615e-01
 1.50419468e-01 -2.27830046e-02 -7.93523538e-01
 -1.56942532e-01 4.88218652e-03 -7.78154265e-01
 1.56718808e-01 -6.12137943e-03 -7.78735321e-01
 -1.51961734e-01 2.39634681e-02 -7.88248021e-01
 1.54648466e-01 1.50276560e-02 -7.83408644e-01
 -1.51358833e-01 4.40668402e-02 -7.76130582e-01
 1.50056699e-01 3.58118505e-02 -7.86898188e-01
 -1.41781836e-01 6.18818123e-02 -7.85555601e-01
 1.41063287e-01 7.26992106e-02 -7.72694173e-01
 -1.13461270e-01 1.06352727e-01 -7.82975797e-01
 1.12465447e-01 1.07363698e-01 -7.83066872e-01
 -8.72274168e-02 1.30474332e-01 -7.78386808e-01
 8.67535619e-02 1.34367036e-01 -7.68576503e-01
 -4.32718017e-02 -1.58357910e-01 -7.54192151e-01
 3.42782740e-02 -1.56212087e-01 -7.68612595e-01
 -1.23092345e-01 -1.01718912e-01 -7.69431866e-01
 1.21478844e-01 -1.03480653e-01 -7.69775959e-01
 -1.49145573e-01 -6.72636197e-02 -7.56108407e-01
 1.46076041e-01 -6.71138303e-02 -7.65846660e-01
 -1.49382570e-01 -5.32259771e-02 -7.73065527e-01
 1.53514685e-01 -4.95009456e-02 -7.64020379e-01
 -1.63952391e-01 -2.77134453e-02 -7.46743547e-01
 1.67671069e-01 -1.88947656e-02 -7.37882800e-01
 -1.62906844e-01 7.98180663e-03 -7.57867564e-01
 1.62834175e-01 -1.18200417e-02 -7.57314837e-01
 -1.66034980e-01 2.15234344e-02 -7.42634851e-01
 1.64724258e-01 2.60945023e-02 -7.44956776e-01
 -1.50232575e-01 6.03105728e-02 -7.62027332e-01
 1.50954235e-01 5.20048782e-02 -7.69502259e-01
 -1.39271499e-01 7.73086323e-02 -7.70733417e-01
 1.50434766e-01 6.68076951e-02 -7.52660901e-01
 -1.20061734e-01 1.08842068e-01 -7.61457896e-01
 1.21818011e-01 1.06427126e-01 -7.62455761e-01
 -9.27970741e-02 1.35095865e-01 -7.55119699e-01
 9.71997730e-02 1.33459556e-01 -7.50901294e-01
 -3.99056866e-02 1.53524791e-01 -7.72918888e-01
 3.73965589e-02 1.60986642e-01 -7.50304855e-01
 -6.14043847e-02 -1.62604424e-01 -7.18769360e-01
 6.34709511e-02 -1.58131418e-01 -7.31747797e-01
 -1.12501008e-01 -1.31761951e-01 -7.20914459e-01
 1.16321205e-01 -1.25481595e-01 -7.29095746e-01
 -1.38073935e-01 -9.76715520e-02 -7.36433615e-01
 1.39549755e-01 -9.60863816e-02 -7.35318236e-01
 -1.48036994e-01 -7.92833722e-02 -7.40802121e-01
 1.46097623e-01 -7.80269710e-02 -7.49050808e-01
 -1.65889218e-01 -4.18098585e-02 -7.29193975e-01
 1.65527990e-01 -4.28568801e-02 -7.29534793e-01
 -1.70677234e-01 -1.94115669e-02 -7.26553648e-01
 1.71828817e-01 -2.60057690e-02 -7.18872458e-01
 -1.67291225e-01 -4.86535710e-03 -7.42859445e-01
 1.67714286e-01 4.08549892e-03 -7.41406984e-01
 -1.71005083e-01 2.58955179e-02 -7.22071792e-01
 1.71459217e-01 1.86122908e-02 -7.23937677e-01
 -1.65154720e-01 4.31531607e-02 -7.30608180e-01
 1.66868826e-01 4.03716936e-02 -7.26910806e-01
 -1.46266036e-01 7.83040568e-02 -7.48061694e-01
 1.49086931e-01 7.91493639e-02 -7.37655815e-01
 -1.40692409e-01 9.54021785e-02 -7.33256970e-01
 -1.16444116e-01 1.26614333e-01 -7.25640323e-01
 1.12844005e-01 1.31933088e-01 -7.19554667e-01
 -6.58866449e-02 1.58242503e-01 -7.27937366e-01
 6.11396588e-02 1.62769527e-01 -7.18532563e-01
 -8.07546251e-02 -1.57651216e-01 -7.05689167e-01
 9.37559980e-02 -1.51661801e-01 -7.00954184e-01
 -1.13114521e-01 -1.38642276e-01 -6.98380566e-01
 1.22814097e-01 -1.27122885e-01 -7.07180391e-01
 -1.39717329e-01 -1.05276704e-01 -7.14377195e-01
 1.46179196e-01 -9.62184493e-02 -7.14128171e-01
 -1.60770243e-01 -7.32650980e-02 -7.07504833e-01
 1.68069545e-01 -6.27635531e-02 -6.96429802e-01
 -1.67813311e-01 -5.27548397e-02 -7.10556476e-01
 1.72458403e-01 -4.12548968e-02 -7.04910313e-01
 -1.73624467e-01 -3.12130319e-02 -7.08579736e-01
 1.77431298e-01 -1.63186577e-02 -7.01448378e-01
 -1.71986319e-01 4.72074424e-03 -7.25517340e-01
 1.73192573e-01 -3.61193187e-03 -7.21014073e-01
 -1.76600269e-01 1.57327079e-02 -7.05009026e-01
 1.74712412e-01 2.96656226e-02 -7.05357318e-01
 -1.72213885e-01 4.06789631e-02 -7.06400782e-01
 1.68895075e-01 5.09854458e-02 -7.08519275e-01
 -1.68529540e-01 6.22136655e-02 -6.95439930e-01
 1.61848021e-01 7.22785535e-02 -7.05192908e-01
 -1.46697927e-01 9.66060786e-02 -7.11584413e-01
 1.40627182e-01 1.05587602e-01 -7.10777500e-01
 -1.23143280e-01 1.28052717e-01 -7.03571114e-01
 1.11760825e-01 1.39928848e-01 -6.97761831e-01
 -9.43648554e-02 1.52522030e-01 -6.96647321e-01
 7.84090639e-02 1.59256424e-01 -7.04152806e-01
 -2.78019067e-02 -1.79054360e-01 -6.88960154e-01
 4.05386412e-02 -1.76073947e-01 -6.91139612e-01
 -8.08282429e-02 -1.63764169e-01 -6.82912910e-01
 8.18085089e-02 -1.62131540e-01 -6.87264405e-01
 -1.40870751e-01 -1.20930764e-01 -6.69701026e-01
 1.44675501e-01 -1.13911391e-01 -6.76381336e-01
 -1.41165359e-01 -1.12677055e-01 -6.91389997e-01
 1.52000616e-01 -9.75145078e-02 -6.91511609e-01
 -1.71101799e-01 -7.15000689e-02 -6.70664783e-01
 1.73883367e-01 -6.31487750e-02 -6.72628754e-01
 -1.70061767e-01 -6.18667543e-02 -6.89945365e-01
 1.76263736e-01 -4.65255784e-02 -6.84298266e-01
 -1.83121328e-01 -3.19207232e-02 -6.68702422e-01
 1.85986997e-01 -1.57599796e-02 -6.65257689e-01
 -1.85500005e-01 -8.67909285e-03 -6.69500770e-01
 1.86945598e-01 6.18317925e-03 -6.63483453e-01
 -1.84976214e-01 1.47537913e-02 -6.70118259e-01
 1.84407722e-01 3.01349483e-02 -6.64357864e-01
 -1.76295542e-01 4.56408587e-02 -6.85119983e-01
 1.70951767e-01 6.01630471e-02 -6.88835956e-01
 -1.74593174e-01 6.16757987e-02 -6.71873249e-01
 1.72024720e-01 6.94036615e-02 -6.70410834e-01
 -1.53019357e-01 9.69561740e-02 -6.89168933e-01
 1.41474791e-01 1.13345232e-01 -6.88624994e-01
 -1.46266480e-01 1.12927153e-01 -6.73541231e-01
 1.39096077e-01 1.23108354e-01 -6.69287922e-01
 -8.11781030e-02 1.63455742e-01 -6.83430996e-01
 7.77332263e-02 1.65500410e-01 -6.81964158e-01
 -3.96748231e-02 1.76141941e-01 -6.91664237e-01
 -5.92952766e-02 -1.79765636e-01 -6.53218689e-01
 6.50695571e-02 -1.77779294e-01 -6.53121723e-01
 -1.14015344e-01 -1.51792098e-01 -6.50657458e-01
 1.08939155e-01 -1.53500349e-01 -6.58117742e-01
 -1.41398369e-01 -1.28051631e-01 -6.46335055e-01
 1.36334232e-01 -1.28610617e-01 -6.61783302e-01
 -1.63574846e-01 -9.96034661e-02 -6.42774696e-01
 1.62450374e-01 -9.97082699e-02 -6.47063095e-01
 -1.65420878e-01 -8.85646943e-02 -6.60814709e-01
 1.69021102e-01 -8.15413372e-02 -6.60701571e-01
 -1.85254932e-01 -4.54063062e-02 -6.46453767e-01
 1.86867056e-01 -4.45265033e-02 -6.39976640e-01
 -1.88435382e-01 -2.20508234e-02 -6.51225267e-01
 1.88675764e-01 -2.49899459e-02 -6.48407164e-01
 -1.89899113e-01 1.62405457e-03 -6.50362660e-01
 1.91613152e-01 -4.03919928e-03 -6.42097962e-01
 -1.88375362e-01 2.27252347e-02 -6.51132233e-01
 1.89658124e-01 1.96373161e-02 -6.46766648e-01
 -1.87754471e-01 3.98440426e-02 -6.40758853e-01
 1.85306339e-01 4.62414835e-02 -6.45269644e-01
 -1.70507940e-01 7.92745209e-02 -6.59000757e-01
 1.66172764e-01 8.70986511e-02 -6.60914155e-01
 -1.64658090e-01 9.69420673e-02 -6.44856298e-01
 1.61325268e-01 1.01539317e-01 -6.47011162e-01
 -1.38284135e-01 1.27330172e-01 -6.59266970e-01
 1.38580966e-01 1.31319579e-01 -6.45606933e-01
 -1.13028340e-01 1.51326269e-01 -6.55133466e-01
 1.11150860e-01 1.53945845e-01 -6.50491487e-01
 -6.36320244e-02 1.78611112e-01 -6.51755311e-01
 5.64901245e-02 1.81031991e-01 -6.51598866e-01
 -5.99990143e-02 -1.84612395e-01 -6.30154466e-01
 6.08282328e-02 -1.83936858e-01 -6.32040338e-01
 -1.13504216e-01 -1.58560274e-01 -6.25785397e-01
 1.15020473e-01 -1.55195622e-01 -6.34786839e-01
 -1.43141169e-01 -1.33279675e-01 -6.22860056e-01
 1.42328271e-01 -1.29792933e-01 -6.37451025e-01
 -1.67768991e-01 -1.00861456e-01 -6.22003997e-01
 1.68026725e-01 -9.80195591e-02 -6.28130144e-01
 -1.73911890e-01 -8.26274689e-02 -6.37838775e-01
 1.74593736e-01 -8.00329077e-02 -6.40147414e-01
 -1.90687757e-01 -4.54444517e-02 -6.20619207e-01
 1.91342168e-01 -4.54458457e-02 -6.17386502e-01
 -1.91640800e-01 -2.92109671e-02 -6.31449832e-01
 1.92990372e-01 -2.48541787e-02 -6.27847273e-01
 -1.93438381e-01 -8.07949481e-03 -6.32662218e-01
 1.94733538e-01 1.14417667e-02 -6.25433852e-01
 -1.93232296e-01 1.71252345e-02 -6.30784006e-01
 1.91178468e-01 3.25136645e-02 -6.31109388e-01
 -1.92480255e-01 3.83318377e-02 -6.19445540e-01
 1.89557833e-01 5.02966796e-02 -6.20169128e-01
 -1.76493948e-01 7.64134430e-02 -6.38885331e-01
 1.72614432e-01 8.51965062e-02 -6.38070207e-01
 -1.70756167e-01 9.40928221e-02 -6.25957233e-01
 1.65582503e-01 1.03459249e-01 -6.24546559e-01
 -1.45338926e-01 1.27177546e-01 -6.35011796e-01
 1.40999165e-01 1.35522407e-01 -6.22934264e-01
 -1.16701182e-01 1.54339878e-01 -6.33214882e-01
 1.10325053e-01 1.60793482e-01 -6.25765033e-01
 -6.36479604e-02 1.83401591e-01 -6.30083456e-01
 5.58015204e-02 1.86153966e-01 -6.29068179e-01
 -8.14222887e-02 -1.83348646e-01 -5.96707079e-01
 7.99049749e-02 -1.83997646e-01 -5.96792610e-01
 -1.16600116e-01 -1.62227093e-01 -6.01156371e-01
 1.16815882e-01 -1.59267574e-01 -6.13030736e-01
 -1.46585054e-01 -1.35920770e-01 -6.00511663e-01
 1.46415914e-01 -1.32373374e-01 -6.13706097e-01
 -1.71706536e-01 -1.01990592e-01 -6.01528831e-01
 1.69577497e-01 -1.03005015e-01 -6.08387567e-01
 -1.87971295e-01 -6.41427252e-02 -6.07322392e-01
 1.87735143e-01 -6.55224679e-02 -6.06133357e-01
 -1.95512189e-01 -4.28441580e-02 -5.99191277e-01
 1.95175630e-01 -4.81809001e-02 -5.94442323e-01
 -1.96652460e-01 -2.24672603e-02 -6.10875505e-01
 1.97094281e-01 -2.78099528e-02 -6.05051814e-01
 -1.96963911e-01 -6.22321476e-05 -6.15860271e-01
 1.96601051e-01 -7.65598695e-03 -6.16953129e-01
 -1.97489949e-01 2.00388214e-02 -6.07897326e-01
 1.95795206e-01 3.01064395e-02 -6.10021234e-01
 -1.96502950e-01 4.02469363e-02 -5.96882609e-01
 1.94148963e-01 4.96722942e-02 -5.97847777e-01
 -1.89747601e-01 5.88707706e-02 -6.07026957e-01
 1.86324836e-01 6.91151963e-02 -6.06711475e-01
 -1.72834238e-01 9.82477958e-02 -6.06309755e-01
 1.69440107e-01 1.05305809e-01 -6.02670904e-01
 -1.49380733e-01 1.29463342e-01 -6.12204749e-01
 1.44468592e-01 1.38074150e-01 -6.00857798e-01
 -1.19339405e-01 1.57708120e-01 -6.11702957e-01
 1.13824989e-01 1.64054902e-01 -6.01729365e-01
 -8.50696285e-02 1.81953950e-01 -5.95394887e-01
 7.76980057e-02 1.85155983e-01 -5.95722154e-01
 -8.27832045e-02 -1.87008866e-01 -5.75147231e-01
 7.86316648e-02 -1.88789933e-01 -5.75158410e-01
 -1.37365118e-01 -1.53118097e-01 -5.68305509e-01
 1.35245545e-01 -1.52631274e-01 -5.78444159e-01
 -1.66156336e-01 -1.21615861e-01 -5.67121403e-01
 1.63073353e-01 -1.22534802e-01 -5.78167200e-01
 -1.75406690e-01 -1.03282071e-01 -5.80555943e-01
 1.72963094e-01 -1.05217091e-01 -5.86694581e-01
 1.90891441e-01 -6.88335980e-02 -5.84087956e-01
 -1.99720498e-01 -4.26066272e-02 -5.76838624e-01
 2.00999249e-01 -3.02431766e-02 -5.82198333e-01
 -2.00860301e-01 -2.27004689e-02 -5.88419649e-01
 2.01036414e-01 -9.84460402e-03 -5.93126972e-01
 -2.00657753e-01 -1.97865643e-03 -5.96423658e-01
 1.99303769e-01 1.00827794e-02 -6.02347097e-01
 -2.01534553e-01 1.93642846e-02 -5.86636152e-01
 2.00009311e-01 2.93876972e-02 -5.88321907e-01
 -2.00358192e-01 4.04818016e-02 -5.75747747e-01
 1.98496882e-01 4.87823821e-02 -5.75767934e-01
 -1.93167998e-01 6.12881053e-02 -5.85558415e-01
 1.90724346e-01 6.88845549e-02 -5.84864685e-01
 -1.76511943e-01 9.98302224e-02 -5.84841643e-01
 1.73275352e-01 1.06800902e-01 -5.80609923e-01
 -1.66697690e-01 1.17731303e-01 -5.77598350e-01
 -1.38013480e-01 1.50082112e-01 -5.78655831e-01
 1.33238728e-01 1.56679379e-01 -5.68493313e-01
 -8.39580313e-02 1.86597045e-01 -5.74562331e-01
 8.13080052e-02 1.87773787e-01 -5.74526374e-01
 -4.06097608e-02 -2.03883473e-01 -5.55444337e-01
 4.07584049e-02 -2.03988957e-01 -5.54649950e-01
 -1.11983784e-01 -1.77490003e-01 -5.43425629e-01
 -1.40047920e-01 -1.55828849e-01 -5.45585540e-01
 1.43075990e-01 -1.51339645e-01 -5.53181414e-01
 -1.65269475e-01 -1.29568337e-01 -5.42558053e-01
 1.66674527e-01 -1.24378101e-01 -5.54973373e-01
 -1.86891442e-01 -9.69417428e-02 -5.39242685e-01
 1.87853203e-01 -9.05131819e-02 -5.51631241e-01
 -1.92430626e-01 -8.00995415e-02 -5.52152788e-01
 1.94231245e-01 -7.11034067e-02 -5.61691101e-01
 -1.96874465e-01 -6.18387911e-02 -5.64502399e-01
 1.98644500e-01 -5.09370382e-02 -5.71955360e-01
 -2.08638217e-01 -2.21933082e-02 -5.43729014e-01
 2.08759829e-01 -1.36175080e-02 -5.47487696e-01
 -2.08040374e-01 -1.79260405e-03 -5.54487354e-01
 2.07448817e-01 7.31017369e-03 -5.57301737e-01
 -2.08990715e-01 1.85658419e-02 -5.43738400e-01
 2.08015172e-01 2.66306498e-02 -5.44360505e-01
 -1.97151522e-01 6.08841580e-02 -5.64615537e-01
 1.95229943e-01 6.76020337e-02 -5.63066747e-01
 -1.92133226e-01 8.02415745e-02 -5.53478191e-01
 1.90316391e-01 8.56263878e-02 -5.50604272e-01
 -1.87823203e-01 9.51750611e-02 -5.39098255e-01
 1.84904063e-01 1.01445998e-01 -5.36942839e-01
 -1.67903909e-01 1.22225733e-01 -5.56692672e-01
 1.60304564e-01 1.34160329e-01 -5.48503189e-01
 -1.41168053e-01 1.52263625e-01 -5.56954445e-01
 1.35619642e-01 1.59816999e-01 -5.45026481e-01
 -1.14969421e-01 1.74423346e-01 -5.49305898e-01
 1.05789648e-01 1.81690287e-01 -5.41068835e-01
 -4.52614346e-02 2.03080822e-01 -5.54394946e-01
 3.18944000e-02 2.05527636e-01 -5.54850173e-01
 -5.70368026e-02 -2.05439191e-01 -5.22173455e-01
 6.06239815e-02 -2.04932084e-01 -5.18884954e-01
 -1.12059620e-01 -1.81661367e-01 -5.20642930e-01
 1.14289290e-01 -1.78922447e-01 -5.28011250e-01
 -1.41519981e-01 -1.59811199e-01 -5.20499829e-01
 1.45681421e-01 -1.54082436e-01 -5.29687518e-01
 -1.68092197e-01 -1.31827488e-01 -5.19485140e-01
 1.70861882e-01 -1.25284764e-01 -5.30810293e-01
 -1.90203809e-01 -9.80275505e-02 -5.17117141e-01
 1.91095700e-01 -9.21766011e-02 -5.28937541e-01
 -1.96783663e-01 -7.92321205e-02 -5.29127400e-01
 1.97493082e-01 -7.30156992e-02 -5.39113585e-01
 -2.07670822e-01 -4.16765276e-02 -5.31201263e-01
 2.08051908e-01 -3.44650239e-02 -5.37052568e-01
 -2.12206672e-01 -2.23579218e-02 -5.21052417e-01
 2.12212597e-01 -1.54300458e-02 -5.25018130e-01
 2.11130518e-01 5.67163859e-03 -5.35040361e-01
 -2.12550041e-01 1.80103613e-02 -5.21507539e-01
 2.11709606e-01 2.52012748e-02 -5.22210115e-01
 -2.08087639e-01 3.82717109e-02 -5.32688816e-01
 2.06878311e-01 4.55877460e-02 -5.31008818e-01
 -1.97514981e-01 7.66395727e-02 -5.30874541e-01
 1.95550461e-01 8.26913542e-02 -5.27972495e-01
 -1.91870857e-01 9.47188607e-02 -5.17129544e-01
 1.89768321e-01 9.96379694e-02 -5.14747107e-01
 -1.69474254e-01 1.26919411e-01 -5.31713769e-01
 1.64430001e-01 1.34505294e-01 -5.27198273e-01
 -1.46381900e-01 1.52843375e-01 -5.32334782e-01
 1.38800948e-01 1.62236660e-01 -5.20209052e-01
 -1.16272767e-01 1.77766982e-01 -5.27326392e-01
 1.08920446e-01 1.84155080e-01 -5.17273910e-01
 -6.28390000e-02 2.04347702e-01 -5.18355930e-01
 5.41967416e-02 2.06192394e-01 -5.22263315e-01
 -5.65384611e-02 -2.09136773e-01 -4.99042922e-01
 6.16004128e-02 -2.08198586e-01 -4.95721890e-01
 -1.11026839e-01 -1.86397030e-01 -4.96857507e-01
 1.15926344e-01 -1.81840577e-01 -5.05887123e-01
 -1.58349301e-01 -1.50743684e-01 -4.85004968e-01
 1.62857882e-01 -1.43572761e-01 -4.95809595e-01
 -1.69045794e-01 -1.35775458e-01 -4.97812332e-01
 1.73974009e-01 -1.27082217e-01 -5.07277910e-01
 -1.94406923e-01 -9.65330902e-02 -4.96182788e-01
 1.94328351e-01 -9.35276298e-02 -5.05792040e-01
 -2.00615968e-01 -7.86853018e-02 -5.06941943e-01
 2.00637000e-01 -7.47220136e-02 -5.16316801e-01
 -2.11293452e-01 -4.19475561e-02 -5.07472268e-01
 2.11293072e-01 -3.63267287e-02 -5.14363782e-01
 -2.15511996e-01 -2.26109556e-02 -4.98691841e-01
 2.15434425e-01 -1.72264041e-02 -5.02653486e-01
 -2.14984008e-01 -2.22601804e-03 -5.10324527e-01
 2.14565205e-01 4.08875390e-03 -5.12953461e-01
 -2.15929922e-01 1.79485599e-02 -4.98832926e-01
 2.15133128e-01 2.39737701e-02 -5.00288204e-01
 -2.11802676e-01 3.73919290e-02 -5.09768527e-01
 2.10789996e-01 4.41597739e-02 -5.07819150e-01
 -2.01786835e-01 7.47077350e-02 -5.09130333e-01
 1.99839896e-01 8.13896788e-02 -5.05011088e-01
 -1.96081615e-01 9.26774957e-02 -4.97399755e-01
 1.93741024e-01 9.91298822e-02 -4.92141568e-01
 -1.73796459e-01 1.27380177e-01 -5.07055909e-01
 1.68353524e-01 1.34585808e-01 -5.06656063e-01
 -1.63084315e-01 1.43409828e-01 -4.95373013e-01
 1.59273037e-01 1.49494230e-01 -4.86351261e-01
 -1.17789845e-01 1.80795138e-01 -5.04994129e-01
 1.11316738e-01 1.86726716e-01 -4.93829801e-01
 -6.30632845e-02 2.07917955e-01 -4.94662250e-01
 5.62209290e-02 2.09081020e-01 -4.99989744e-01
 -7.73236827e-02 -2.07307699e-01 -4.65524869e-01
 1.00817931e-01 -1.95852336e-01 -4.72908093e-01
 -1.30728266e-01 -1.79141371e-01 -4.61623452e-01
 1.35527875e-01 -1.73659571e-01 -4.72856362e-01
 -1.59927409e-01 -1.53683095e-01 -4.61384957e-01
 1.65095562e-01 -1.45792521e-01 -4.73083830e-01
 -1.86356466e-01 -1.20066438e-01 -4.62261132e-01
 1.88897690e-01 -1.13501818e-01 -4.72186798e-01
 -1.88793395e-01 -1.10603708e-01 -4.83717381e-01
 1.97262086e-01 -9.50096491e-02 -4.82673545e-01
 -2.11563837e-01 -6.18621121e-02 -4.71827833e-01
 2.11413086e-01 -5.80796603e-02 -4.80521112e-01
 2.14320140e-01 -3.83041913e-02 -4.91523207e-01
 -2.18492707e-01 -2.28740433e-02 -4.77287896e-01
 2.18383697e-01 -1.94364059e-02 -4.80513238e-01
 -2.18169725e-01 -2.08597272e-03 -4.88223598e-01
 2.17748821e-01 2.53095025e-03 -4.91187408e-01
 -2.18985018e-01 1.90297066e-02 -4.76377281e-01
 2.18199004e-01 2.30738145e-02 -4.79279643e-01
 2.14392147e-01 4.33223836e-02 -4.84300788e-01
 -2.12479219e-01 5.71957279e-02 -4.74657869e-01
 2.11438966e-01 6.23846469e-02 -4.71622583e-01
 -1.97837850e-01 9.55197754e-02 -4.77261820e-01
 1.85602875e-01 1.16994598e-01 -4.79397331e-01
 -1.88968811e-01 1.13553552e-01 -4.71532037e-01
 1.86933414e-01 1.20066539e-01 -4.58518407e-01
 -1.65682435e-01 1.45182632e-01 -4.72801962e-01
 1.61017732e-01 1.52354539e-01 -4.62366243e-01
 -1.39042427e-01 1.71782820e-01 -4.67467876e-01
 1.31534971e-01 1.78638496e-01 -4.61074591e-01
 -1.00372805e-01 1.96401381e-01 -4.70775043e-01
 7.74390923e-02 2.06984707e-01 -4.67513252e-01
 -7.93852443e-02 -2.09494780e-01 -4.43800696e-01
 8.31004207e-02 -2.05581780e-01 -4.61830670e-01
 -1.32935468e-01 -1.81178300e-01 -4.38225669e-01
 1.37624845e-01 -1.75688171e-01 -4.50654467e-01
 -1.63076654e-01 -1.54423837e-01 -4.39259472e-01
 1.67164940e-01 -1.47901101e-01 -4.50442803e-01
 -1.88281963e-01 -1.22306630e-01 -4.39836556e-01
 1.91100400e-01 -1.15581838e-01 -4.49381765e-01
 -1.97854540e-01 -1.03358335e-01 -4.50256009e-01
 1.99739352e-01 -9.68917950e-02 -4.59846825e-01
 -2.13953357e-01 -6.41819738e-02 -4.49081836e-01
 2.14359087e-01 -5.90796231e-02 -4.57117940e-01
 -2.17806281e-01 -4.31449642e-02 -4.59546855e-01
 2.17354750e-01 -3.95926604e-02 -4.68006119e-01
 -2.21111501e-01 -2.21270992e-02 -4.58172359e-01
 2.21332433e-01 -2.02081888e-02 -4.57883877e-01
 -2.21074310e-01 -6.75176506e-04 -4.66916985e-01
 2.20640055e-01 1.62338974e-04 -4.70199314e-01
 -2.21949764e-01 1.92701724e-02 -4.53730901e-01
 2.20844920e-01 2.16275437e-02 -4.60604714e-01
 -2.18182543e-01 3.86968066e-02 -4.63015513e-01
 2.17680514e-01 4.30651155e-02 -4.60618894e-01
 -2.15191106e-01 5.85250786e-02 -4.51975634e-01
 2.13907862e-01 6.42582542e-02 -4.49254017e-01
 -2.00138079e-01 9.72610353e-02 -4.55808055e-01
 1.98319396e-01 1.02995369e-01 -4.48310463e-01
 -1.91286861e-01 1.15619303e-01 -4.47956015e-01
 1.88696733e-01 1.22293282e-01 -4.37043100e-01
 -1.68305399e-01 1.46881134e-01 -4.48985519e-01
 1.63090923e-01 1.54456600e-01 -4.38990348e-01
 -1.38598371e-01 1.75423245e-01 -4.47521092e-01
 1.33457196e-01 1.80818775e-01 -4.38064285e-01
 -8.32467250e-02 2.05776582e-01 -4.60017452e-01
 7.94992739e-02 2.09277315e-01 -4.45113779e-01
 -8.19640241e-02 -2.11347874e-01 -4.21691733e-01
 8.57242239e-02 -2.07535699e-01 -4.39641891e-01
 -1.35434872e-01 -1.82713218e-01 -4.15177994e-01
 1.39814304e-01 -1.77451315e-01 -4.28261852e-01
 1.69110083e-01 -1.49899851e-01 -4.27679076e-01
 -1.89925013e-01 -1.24676251e-01 -4.17312232e-01
 1.92908843e-01 -1.17957752e-01 -4.26561495e-01
 -1.99558659e-01 -1.05896074e-01 -4.28250095e-01
 2.01824133e-01 -9.91367431e-02 -4.37061964e-01
 -2.15469116e-01 -6.85483630e-02 -4.26599648e-01
 2.16564996e-01 -6.15994122e-02 -4.34605729e-01
 -2.19947415e-01 -4.76219582e-02 -4.35528336e-01
 2.20405997e-01 -3.99197631e-02 -4.44119347e-01
 -2.22931601e-01 -2.74614409e-02 -4.39042432e-01
 2.24287469e-01 -1.47173815e-02 -4.37786252e-01
 -2.23737645e-01 -3.88961577e-03 -4.45894358e-01
 2.23332072e-01 3.07617076e-03 -4.49236617e-01
 -2.24835470e-01 1.37726443e-02 -4.33762066e-01
 2.22716051e-01 2.67968074e-02 -4.41443306e-01
 -2.21135278e-01 3.90341632e-02 -4.39555017e-01
 2.19892198e-01 4.72577934e-02 -4.36607777e-01
 -2.17267053e-01 6.10919329e-02 -4.30122253e-01
 2.15687449e-01 6.79111761e-02 -4.26464881e-01
 -2.02218525e-01 9.92560930e-02 -4.33698829e-01
 1.99997538e-01 1.05503615e-01 -4.26520669e-01
 -1.93311149e-01 1.17750924e-01 -4.24557045e-01
 1.90307387e-01 1.24540393e-01 -4.15168593e-01
 -1.69682522e-01 1.49529989e-01 -4.26120108e-01
 1.65026052e-01 1.56388048e-01 -4.15869267e-01
 -1.40350681e-01 1.77371240e-01 -4.25979345e-01
 1.35471077e-01 1.82722783e-01 -4.14921566e-01
 -8.63512894e-02 2.07458645e-01 -4.38258100e-01
 8.20576755e-02 2.11203623e-01 -4.22555796e-01
 1.08509005e-01 -2.01043903e-01 -4.06096873e-01
 -1.37694477e-01 -1.84232860e-01 -3.91887875e-01
 1.41999128e-01 -1.79038301e-01 -4.05592042e-01
 -1.66884963e-01 -1.58028482e-01 -3.93475395e-01
 1.70881442e-01 -1.51871708e-01 -4.04663600e-01
 -1.91351519e-01 -1.27107272e-01 -3.94529800e-01
 1.94511582e-01 -1.20392265e-01 -4.03404890e-01
 -2.10555709e-01 -9.19572292e-02 -3.94161044e-01
 2.12146791e-01 -8.62485051e-02 -4.01097664e-01
 -2.17146661e-01 -7.16955181e-02 -4.04120822e-01
 2.18127266e-01 -6.63331800e-02 -4.10276565e-01
 -2.21931843e-01 -5.10641605e-02 -4.12576897e-01
 2.21968704e-01 -4.75084033e-02 -4.19005926e-01
 2.24400739e-01 -2.94510897e-02 -4.24772297e-01
 -2.30259242e-01 6.47639061e-03 -3.88613102e-01
 2.29817573e-01 -7.95983680e-03 -3.92337514e-01
 2.24938892e-01 2.96994436e-02 -4.19913508e-01
 -2.22655451e-01 4.65649649e-02 -4.14849974e-01
 2.22011319e-01 5.02994603e-02 -4.13394944e-01
 -2.18782842e-01 6.56817617e-02 -4.06349559e-01
 2.17456637e-01 7.08505704e-02 -4.03838173e-01
 -2.12724453e-01 8.58311418e-02 -3.97619833e-01
 2.11043396e-01 9.10961678e-02 -3.93185849e-01
 -1.94901123e-01 1.20208614e-01 -4.01267266e-01
 1.91801153e-01 1.26752039e-01 -3.92861493e-01
 1.66842343e-01 1.58184153e-01 -3.92763100e-01
 -1.42211306e-01 1.79126954e-01 -4.03772214e-01
 1.37526766e-01 1.84396874e-01 -3.91595780e-01
 1.04706400e-01 2.05106873e-01 -3.89209732e-01
 -3.69488840e-02 -2.30373201e-01 -3.59176702e-01
 3.59972644e-02 -2.29129704e-01 -3.73176594e-01
 -1.07056256e-01 -2.06589476e-01 -3.65727083e-01
 1.11273177e-01 -2.02313830e-01 -3.83404065e-01
 -1.39899830e-01 -1.85591589e-01 -3.68430654e-01
 1.43881188e-01 -1.80706428e-01 -3.82484784e-01
 -1.68829865e-01 -1.59481218e-01 -3.70129486e-01
 1.72404538e-01 -1.53899718e-01 -3.81398982e-01
 -1.92957232e-01 -1.29040876e-01 -3.71289249e-01
 1.95947823e-01 -1.22827034e-01 -3.79852446e-01
 2.13862737e-01 -8.86154393e-02 -3.77572382e-01
 -2.18682604e-01 -7.45605905e-02 -3.81966668e-01
 2.19748059e-01 -6.93411512e-02 -3.87868404e-01
 -2.23796978e-01 -5.38282874e-02 -3.90229660e-01
 2.24548878e-01 -4.78115014e-02 -3.95815729e-01
 -2.30706705e-01 -1.51331305e-02 -3.80429773e-01
 2.29587745e-01 -2.76798223e-02 -3.79964401e-01
 -2.32552513e-01 3.63656964e-03 -3.66739599e-01
 2.32169642e-01 -5.54452457e-03 -3.70222274e-01
 -2.30128981e-01 2.63199139e-02 -3.76253698e-01
 2.30468070e-01 1.34382833e-02 -3.83747885e-01
 -2.25186544e-01 4.67447648e-02 -3.92040120e-01
 2.23974614e-01 5.28626104e-02 -3.90710913e-01
 -2.20378753e-01 6.85558924e-02 -3.84360608e-01
 2.19112985e-01 7.34384350e-02 -3.81498470e-01
 -2.14405424e-01 8.81141165e-02 -3.74512787e-01
 2.12500701e-01 9.35549194e-02 -3.70749521e-01
 -1.96355122e-01 1.22584418e-01 -3.77735337e-01
 -1.72799916e-01 1.53691778e-01 -3.79874681e-01
 1.68718987e-01 1.59691647e-01 -3.69486195e-01
 -1.44068746e-01 1.80742044e-01 -3.81083337e-01
 1.39613655e-01 1.85844991e-01 -3.68123641e-01
 -1.10804154e-01 2.02741305e-01 -3.81961767e-01
 1.06648402e-01 2.06803571e-01 -3.65697645e-01
 -3.53067510e-02 2.29194126e-01 -3.73598880e-01
 3.65586019e-02 2.30443680e-01 -3.59092279e-01
 -5.54174894e-02 -2.27670112e-01 -3.48602877e-01
 5.99727564e-02 -2.26345555e-01 -3.50336514e-01
 -1.08850424e-01 -2.08141626e-01 -3.42430608e-01
 1.13204656e-01 -2.03914380e-01 -3.60081209e-01
 -1.57939192e-01 -1.74845305e-01 -3.34289745e-01
 1.60461158e-01 -1.70982304e-01 -3.46809227e-01
 -1.84616337e-01 -1.46230755e-01 -3.35461376e-01
 1.86807773e-01 -1.41906327e-01 -3.45611839e-01
 -1.94903389e-01 -1.30217946e-01 -3.47700514e-01
 1.97412099e-01 -1.24860578e-01 -3.56389022e-01
 -2.13378232e-01 -9.68163170e-02 -3.48628281e-01
 2.15626477e-01 -9.04277490e-02 -3.53905440e-01
 -2.19756063e-01 -7.80159964e-02 -3.60461945e-01
 2.21502757e-01 -7.16642135e-02 -3.64434719e-01
 -2.30935483e-01 -3.97851859e-02 -3.48389699e-01
 2.32422380e-01 -3.63307187e-02 -3.38465693e-01
 -2.32715564e-01 -1.82419146e-02 -3.58010434e-01
 2.32992058e-01 -1.89984137e-02 -3.54486394e-01
 -2.34869262e-01 -1.38940062e-03 -3.42567347e-01
 2.34601673e-01 2.06804161e-04 -3.45532334e-01
 -2.33375885e-01 1.79379849e-02 -3.51316433e-01
 2.32561716e-01 1.58801910e-02 -3.61394798e-01
 -2.32843807e-01 3.54885694e-02 -3.35245481e-01
 2.31043226e-01 3.69868021e-02 -3.52159657e-01
 -2.22051685e-01 7.09620995e-02 -3.61274449e-01
 2.20648121e-01 7.57369363e-02 -3.59518429e-01
 -2.16131289e-01 8.99015021e-02 -3.51112686e-01
 2.13605644e-01 9.63491716e-02 -3.48470698e-01
 -1.97855159e-01 1.24520680e-01 -3.54354799e-01
 1.95001150e-01 1.30189485e-01 -3.46993297e-01
 -1.87270536e-01 1.41552082e-01 -3.43925006e-01
 1.84602378e-01 1.46340942e-01 -3.34814859e-01
 -1.60912304e-01 1.70708329e-01 -3.45622178e-01
 1.57681096e-01 1.75122552e-01 -3.33916990e-01
 -1.13109901e-01 2.04066680e-01 -3.59176012e-01
 1.08323948e-01 2.08427720e-01 -3.42317490e-01
 -5.76948820e-02 2.27357810e-01 -3.45942091e-01
 5.48211880e-02 2.27829313e-01 -3.48447225e-01
 -5.44103127e-02 -2.30053873e-01 -3.25324557e-01
 5.85854870e-02 -2.28540411e-01 -3.30745604e-01
 -1.10362180e-01 -2.09642975e-01 -3.19249940e-01
 1.13927222e-01 -2.06036303e-01 -3.36324901e-01
 -1.59971226e-01 -1.75666853e-01 -3.11136855e-01
 1.61175181e-01 -1.73157982e-01 -3.23453743e-01
 -1.86837152e-01 -1.46647577e-01 -3.12061219e-01
 1.87946317e-01 -1.43801141e-01 -3.22426649e-01
 -1.97104131e-01 -1.30707192e-01 -3.24113891e-01
 1.98798836e-01 -1.26666513e-01 -3.33097899e-01
 -2.15678328e-01 -9.68306524e-02 -3.25126589e-01
 2.17290830e-01 -9.20203087e-02 -3.30260003e-01
 -2.21542590e-01 -7.92887411e-02 -3.37809432e-01
 2.23278830e-01 -7.36012274e-02 -3.40104602e-01
 -2.33136822e-01 -3.98688835e-02 -3.23919028e-01
 2.34808124e-01 -3.38479036e-02 -3.15454785e-01
 -2.34576080e-01 -2.12683350e-02 -3.35183353e-01
 2.35388391e-01 -1.67117495e-02 -3.30164750e-01
 -2.36960088e-01 -3.27769605e-03 -3.18476341e-01
 2.36724402e-01 2.64266548e-03 -3.21362091e-01
 -2.35709965e-01 1.58423434e-02 -3.27166200e-01
 2.34401513e-01 2.03187380e-02 -3.38067475e-01
 -2.35208319e-01 3.28669767e-02 -3.12328716e-01
 2.32633987e-01 4.07634243e-02 -3.27897433e-01
 -2.23762044e-01 7.29933147e-02 -3.37106428e-01
 2.21508583e-01 7.92569094e-02 -3.38285413e-01
 -2.17763047e-01 9.14889011e-02 -3.27635350e-01
 2.15550300e-01 9.71581854e-02 -3.24921612e-01
 -1.99275004e-01 1.26238868e-01 -3.31137239e-01
 1.97161012e-01 1.30718468e-01 -3.23486967e-01
 -1.88469411e-01 1.43346085e-01 -3.20779079e-01
 1.86833406e-01 1.46723603e-01 -3.11524848e-01
 -1.61767943e-01 1.72735087e-01 -3.22335061e-01
 1.59705129e-01 1.75939236e-01 -3.10861437e-01
 -1.14322130e-01 2.05882962e-01 -3.35682688e-01
 1.09725495e-01 2.09988485e-01 -3.19128116e-01
 -6.20824248e-02 2.28015854e-01 -3.26302108e-01
 5.36601718e-02 2.30253783e-01 -3.25055119e-01
 -5.33399816e-02 -2.32211493e-01 -3.02858049e-01
 5.66351352e-02 -2.30922801e-01 -3.08989083e-01
 -1.29910601e-01 -2.01194080e-01 -2.86892228e-01
 1.30108259e-01 -1.99807818e-01 -3.00631253e-01
 -1.62021613e-01 -1.76229790e-01 -2.88224289e-01
 1.61537361e-01 -1.75408104e-01 -3.00338414e-01
 -1.89138543e-01 -1.46657460e-01 -2.88949016e-01
 1.88813647e-01 -1.45736149e-01 -2.99610440e-01
 -2.10904936e-01 -1.12984628e-01 -2.89926930e-01
 2.11174830e-01 -1.11200319e-01 -2.97716590e-01
 -2.18331184e-01 -9.54682453e-02 -3.02452076e-01
 2.19210028e-01 -9.24023489e-02 -3.07474575e-01
 -2.24241360e-01 -7.73053881e-02 -3.15967333e-01
 2.25440406e-01 -7.34414596e-02 -3.17061387e-01
 -2.35762708e-01 -3.63181824e-02 -2.99251146e-01
 2.36794375e-01 -3.24987071e-02 -2.93183216e-01
 -2.36548021e-01 -2.14534851e-02 -3.12020673e-01
 2.37690562e-01 -1.25417170e-02 -3.05834421e-01
 -2.38786366e-01 -1.07239794e-02 -2.93014103e-01
 2.38537042e-01 9.95027627e-03 -2.96677145e-01
 -2.37994948e-01 1.15003592e-02 -3.02685640e-01
 2.36201791e-01 2.18293758e-02 -3.15777529e-01
 -2.37151640e-01 3.15836325e-02 -2.90147297e-01
 2.35550431e-01 3.58799529e-02 -3.02751149e-01
 -2.25913165e-01 7.27394903e-02 -3.14254118e-01
 2.23701705e-01 7.90111409e-02 -3.15336235e-01
 -2.19691727e-01 9.17680167e-02 -3.05003471e-01
 2.18142075e-01 9.61213999e-02 -3.01323308e-01
 -2.11680712e-01 1.10595826e-01 -2.95563388e-01
 2.10965792e-01 1.13039819e-01 -2.88872393e-01
 -1.89398105e-01 1.45188288e-01 -2.97959421e-01
 1.89194625e-01 1.46639353e-01 -2.88508249e-01
 -1.62301751e-01 1.74822127e-01 -2.99209243e-01
 1.61728357e-01 1.76511542e-01 -2.88100904e-01
 -1.31092848e-01 1.99228641e-01 -2.99936915e-01
 1.29305465e-01 2.01590556e-01 -2.86813192e-01
 -5.70599458e-02 2.31002430e-01 -3.06778282e-01
 5.24186449e-02 2.32450024e-01 -3.02503951e-01
 -7.28274337e-02 -2.29328294e-01 -2.71432096e-01
 7.36983408e-02 -2.28804309e-01 -2.74726265e-01
 -1.31842847e-01 -2.01845342e-01 -2.64603557e-01
 1.29181557e-01 -2.02464608e-01 -2.77711370e-01
 -1.63962174e-01 -1.76660158e-01 -2.65559422e-01
 -1.91398040e-01 -1.46417399e-01 -2.66195540e-01
 1.89473321e-01 -1.47653800e-01 -2.77077163e-01
 -2.13268167e-01 -1.12058334e-01 -2.67122056e-01
 2.12043518e-01 -1.13041206e-01 -2.75949271e-01
 -2.20739420e-01 -9.42552351e-02 -2.79716382e-01
 2.20980189e-01 -9.26255652e-02 -2.85328621e-01
 -2.35262495e-01 -5.23001843e-02 -2.65819896e-01
 2.34014541e-01 -5.26719692e-02 -2.81790710e-01
 -2.33222334e-01 -5.47412860e-02 -2.85958092e-01
 2.38538398e-01 -3.17969609e-02 -2.70950936e-01
 -2.38000721e-01 -3.13836643e-02 -2.79162640e-01
 2.39477359e-01 -1.09887443e-02 -2.83685943e-01
 -2.40494995e-01 -1.05052314e-02 -2.69868582e-01
 2.40308330e-01 9.43698804e-03 -2.73140804e-01
 -2.39752882e-01 1.01856527e-02 -2.80423208e-01
 2.37921913e-01 2.99002982e-02 -2.82818700e-01
 -2.38858874e-01 3.09940988e-02 -2.67905031e-01
 2.33276148e-01 5.39316661e-02 -2.87711808e-01
 -2.34411688e-01 5.18469986e-02 -2.78942751e-01
 2.35630301e-01 4.96563480e-02 -2.68704301e-01
 -2.21463766e-01 9.19210497e-02 -2.82965341e-01
 2.21037524e-01 9.37327186e-02 -2.78757524e-01
 -2.12578323e-01 1.12354282e-01 -2.73846367e-01
 2.13875517e-01 1.11027441e-01 -2.66238566e-01
 -1.90098570e-01 1.47042887e-01 -2.75417988e-01
 1.91398938e-01 1.46437221e-01 -2.66010661e-01
 -1.62543355e-01 1.76938964e-01 -2.76326759e-01
 1.63666905e-01 1.76930902e-01 -2.65589712e-01
 -1.30600557e-01 2.01620191e-01 -2.76920559e-01
 1.31237831e-01 2.02238111e-01 -2.64617356e-01
 -7.44508952e-02 2.28741084e-01 -2.72311483e-01
 7.18336636e-02 2.29657568e-01 -2.71214702e-01
 -7.80054649e-02 -2.29023655e-01 -2.51819881e-01
 6.92977450e-02 -2.31476371e-01 -2.56640766e-01
 -1.33708385e-01 -2.02384625e-01 -2.42076034e-01
 1.28860393e-01 -2.04497088e-01 -2.55372885e-01
 -1.65642039e-01 -1.77120719e-01 -2.43013888e-01
 1.61957195e-01 -1.79451227e-01 -2.55096600e-01
 -1.93193227e-01 -1.46501734e-01 -2.43758458e-01
 1.90006776e-01 -1.49486857e-01 -2.54593735e-01
 -2.15448985e-01 -1.11129152e-01 -2.44362421e-01
 2.12504048e-01 -1.15388867e-01 -2.53849015e-01
 -2.22929531e-01 -9.31666342e-02 -2.56824337e-01
 2.21411891e-01 -9.54413850e-02 -2.64355317e-01
 -2.36925877e-01 -5.10871504e-02 -2.45153033e-01
 2.34319307e-01 -6.29698423e-02 -2.40974173e-01
 -2.39604857e-01 -3.08861418e-02 -2.57233815e-01
 2.35718011e-01 -5.23656510e-02 -2.59071179e-01
 -2.42027311e-01 -1.11398098e-02 -2.46534531e-01
 2.40288585e-01 -2.99243433e-02 -2.48706872e-01
 -2.41366781e-01 9.52423734e-03 -2.57724923e-01
 2.41119464e-01 -1.04216716e-02 -2.60854299e-01
 -2.40585825e-01 2.90688841e-02 -2.45714481e-01
 2.41875659e-01 1.01844906e-02 -2.49558368e-01
 -2.36084750e-01 5.15716101e-02 -2.56261407e-01
 2.39584745e-01 2.94938602e-02 -2.60131699e-01
 -2.34694798e-01 6.22084189e-02 -2.38276739e-01
 2.37004278e-01 5.01518985e-02 -2.47023160e-01
 -2.21902953e-01 9.46963896e-02 -2.62043973e-01
 2.23873889e-01 9.10865598e-02 -2.55616424e-01
 -2.13019764e-01 1.14717647e-01 -2.51792291e-01
 2.15598113e-01 1.10854782e-01 -2.44251885e-01
 -1.90608212e-01 1.48895937e-01 -2.52935658e-01
 1.93185769e-01 1.46505600e-01 -2.43815820e-01
 -1.62699023e-01 1.78897554e-01 -2.53762451e-01
 1.65384134e-01 1.77346547e-01 -2.43189092e-01
 -1.29766027e-01 2.04000560e-01 -2.54387630e-01
 1.33166728e-01 2.02732275e-01 -2.42198779e-01
 -7.33353692e-02 2.30527815e-01 -2.52312919e-01
 7.69834054e-02 2.29384272e-01 -2.51600519e-01
 -8.19733213e-02 -2.29166548e-01 -2.28493874e-01
 -1.35127235e-01 -2.03063600e-01 -2.19301575e-01
 1.29430343e-01 -2.05798417e-01 -2.33060153e-01
 -1.66858475e-01 -1.77822620e-01 -2.20449835e-01
 1.62512645e-01 -1.80849838e-01 -2.32654044e-01
 -1.94362882e-01 -1.47170219e-01 -2.21414145e-01
 1.90614359e-01 -1.51002629e-01 -2.32013470e-01
 -2.16622799e-01 -1.11757898e-01 -2.22162118e-01
 2.13043713e-01 -1.17356053e-01 -2.31169289e-01
 -2.25070984e-01 -9.18294706e-02 -2.33595031e-01
 2.21688215e-01 -9.84320652e-02 -2.42172925e-01
 -2.38061775e-01 -5.21030430e-02 -2.23137025e-01
 2.35702378e-01 -6.28965823e-02 -2.18666097e-01
 -2.40988351e-01 -3.14959934e-02 -2.34354832e-01
 2.38938704e-01 -4.45897758e-02 -2.33925512e-01
 -2.43375915e-01 -1.27652872e-02 -2.22898367e-01
 2.42323948e-01 -2.54306172e-02 -2.23871738e-01
 -2.42903876e-01 7.86438202e-03 -2.34465391e-01
 2.42686366e-01 -8.72535929e-03 -2.37561393e-01
 -2.42584052e-01 2.45783896e-02 -2.20867445e-01
 2.43214921e-01 1.22276048e-02 -2.26168305e-01
 -2.39259610e-01 4.37828329e-02 -2.31099154e-01
 2.40860745e-01 3.10633880e-02 -2.37358319e-01
 -2.36047892e-01 6.21663434e-02 -2.16028075e-01
 2.37538823e-01 5.35820469e-02 -2.26425698e-01
 2.24520218e-01 9.34008350e-02 -2.32102542e-01
 -2.13493854e-01 1.16782695e-01 -2.29161799e-01
 2.16295826e-01 1.12486648e-01 -2.21373435e-01
 -1.91130939e-01 1.50504929e-01 -2.30382256e-01
 1.94334866e-01 1.47196223e-01 -2.21530996e-01
 -1.63048651e-01 1.80469070e-01 -2.31380883e-01
 1.66695322e-01 1.77951356e-01 -2.20762400e-01
 -1.29797134e-01 2.05628693e-01 -2.32191688e-01
 1.34689867e-01 2.03337905e-01 -2.19539687e-01
 -7.10828326e-02 2.32459483e-01 -2.33575235e-01
 8.10526646e-02 2.29504199e-01 -2.28326445e-01
 -8.20535276e-02 -2.30471686e-01 -2.05914158e-01
 7.50483763e-02 -2.32231602e-01 -2.16748341e-01
 -1.35964141e-01 -2.03968620e-01 -1.96390355e-01
 1.30849752e-01 -2.06432522e-01 -2.10294047e-01
 -1.67585839e-01 -1.78801830e-01 -1.97784134e-01
 1.63436346e-01 -1.81739889e-01 -2.10112006e-01
 -1.94905985e-01 -1.48450617e-01 -1.98960854e-01
 1.91440108e-01 -1.52027560e-01 -2.09316006e-01
 -2.16836779e-01 -1.14020795e-01 -1.99242053e-01
 2.13825318e-01 -1.18624550e-01 -2.08114168e-01
 -2.25332636e-01 -9.47105204e-02 -2.09957677e-01
 2.22253395e-01 -1.00540936e-01 -2.18905254e-01
 -2.38512264e-01 -5.53172508e-02 -2.02066044e-01
 2.37052473e-01 -6.24352876e-02 -1.96284640e-01
 -2.42055223e-01 -3.35133935e-02 -2.11135625e-01
 2.40543717e-01 -4.34003905e-02 -2.09957983e-01
 -2.44512388e-01 -1.54978691e-02 -1.98938283e-01
 2.43807486e-01 -2.37155717e-02 -1.99819984e-01
 -2.44380440e-01 4.80256787e-03 -2.09958330e-01
 2.44185610e-01 -5.53519811e-03 -2.13270523e-01
 -2.44046272e-01 2.28599197e-02 -1.96727671e-01
 2.44340514e-01 1.51199245e-02 -2.02745952e-01
 -2.40841073e-01 4.25859516e-02 -2.07153465e-01
 2.41771416e-01 3.39278130e-02 -2.15239508e-01
 -2.37355687e-01 6.17743084e-02 -1.93751642e-01
 2.38393341e-01 5.52206548e-02 -2.04716815e-01
 -2.22638852e-01 9.99818284e-02 -2.16724571e-01
 2.25381907e-01 9.47163476e-02 -2.09067557e-01
 -2.14179200e-01 1.18197807e-01 -2.06167625e-01
 2.17005322e-01 1.13771127e-01 -1.98588560e-01
 -1.91834064e-01 1.51667030e-01 -2.07723752e-01
 1.95001846e-01 1.48322388e-01 -1.98988113e-01
 -1.63842170e-01 1.81457387e-01 -2.08958477e-01
 1.67530956e-01 1.78821519e-01 -1.98242706e-01
 -1.30801399e-01 2.06484239e-01 -2.09962649e-01
 1.35644558e-01 2.04159468e-01 -1.96753002e-01
 -7.47520069e-02 2.32456484e-01 -2.14518424e-01
 8.12421488e-02 2.30766132e-01 -2.05785309e-01
 -8.16628903e-02 -2.31790397e-01 -1.83495068e-01
 7.63718652e-02 -2.33004860e-01 -1.94980624e-01
 -1.36098211e-01 -2.05164139e-01 -1.73665016e-01
 1.32207506e-01 -2.06938558e-01 -1.87515392e-01
 -1.67925698e-01 -1.79962446e-01 -1.75019828e-01
 1.64628731e-01 -1.82213597e-01 -1.87429076e-01
 -1.95098483e-01 -1.49990991e-01 -1.76150063e-01
 1.92495730e-01 -1.52545224e-01 -1.86563312e-01
 2.15052858e-01 -1.18761546e-01 -1.85385307e-01
 -2.25736947e-01 -9.67394275e-02 -1.86947348e-01
 2.23509693e-01 -1.00689373e-01 -1.96166720e-01
 -2.39107604e-01 -5.73775531e-02 -1.80461024e-01
 2.38304746e-01 -6.18392171e-02 -1.73748196e-01
 -2.42804671e-01 -3.65506736e-02 -1.88040810e-01
 2.41892723e-01 -4.25709763e-02 -1.86575102e-01
 -2.45450355e-01 -1.81226312e-02 -1.75531707e-01
 2.45054770e-01 -2.24826017e-02 -1.76304803e-01
 -2.45626106e-01 2.68513128e-03 -1.85930126e-01
 2.45443237e-01 -3.53097206e-03 -1.89532860e-01
 -2.45277998e-01 2.15255962e-02 -1.73222213e-01
 2.45376712e-01 1.68052931e-02 -1.79237063e-01
 -2.42157564e-01 4.18022247e-02 -1.83839379e-01
 2.42688814e-01 3.58789177e-02 -1.92452004e-01
 -2.38523881e-01 6.14028527e-02 -1.71397343e-01
 2.39162688e-01 5.67252760e-02 -1.82580122e-01
 -2.23806515e-01 1.00281904e-01 -1.94080493e-01
 2.26121014e-01 9.59146943e-02 -1.86319133e-01
 -2.15275630e-01 1.18540394e-01 -1.83503521e-01
 2.17583087e-01 1.14993455e-01 -1.75914672e-01
 -1.92751738e-01 1.52342443e-01 -1.84978517e-01
 1.95482993e-01 1.49470104e-01 -1.76413382e-01
 -1.64940291e-01 1.82000658e-01 -1.86353581e-01
 1.67968347e-01 1.79882434e-01 -1.75679800e-01
 -1.32643785e-01 2.06671235e-01 -1.87302752e-01
 1.35896019e-01 2.05273577e-01 -1.74128625e-01
 -7.65035625e-02 2.33027693e-01 -1.93713797e-01
 -8.11231222e-02 -2.33018309e-01 -1.61072631e-01
 7.76907461e-02 -2.33658219e-01 -1.72881542e-01
 -1.35962245e-01 -2.06369243e-01 -1.51050764e-01
 1.33557582e-01 -2.07280433e-01 -1.64788943e-01
 -1.68001627e-01 -1.81182019e-01 -1.52239144e-01
 1.65893832e-01 -1.82436522e-01 -1.64738318e-01
 -1.95265246e-01 -1.51342931e-01 -1.53196307e-01
 1.93741487e-01 -1.52594639e-01 -1.63908760e-01
 -2.17131492e-01 -1.17826047e-01 -1.53412205e-01
 2.16331685e-01 -1.18506183e-01 -1.62820364e-01
 2.24815647e-01 -1.00368774e-01 -1.73622671e-01
 -2.39582179e-01 -5.92957945e-02 -1.59218249e-01
 2.39451495e-01 -6.11185848e-02 -1.51130015e-01
 -2.43511932e-01 -3.89322668e-02 -1.64255284e-01
 2.43083112e-01 -4.17237100e-02 -1.63450352e-01
 -2.46223154e-01 -2.05183435e-02 -1.52481919e-01
 2.46125257e-01 -2.14679820e-02 -1.52918391e-01
 -2.46677073e-01 7.40724963e-04 -1.62475380e-01
 2.46522999e-01 -2.25179253e-03 -1.65957066e-01
 -2.46302487e-01 2.05705049e-02 -1.50304002e-01
 2.46293237e-01 1.79955456e-02 -1.55734149e-01
 -2.43279918e-01 4.11768446e-02 -1.60965415e-01
 2.43537661e-01 3.72949639e-02 -1.69635423e-01
 -2.39491567e-01 6.12780796e-02 -1.49066645e-01
 2.39859078e-01 5.79694485e-02 -1.60358745e-01
 2.26698402e-01 9.71190684e-02 -1.63743134e-01
 -2.16401084e-01 1.18538146e-01 -1.60961928e-01
 2.18003693e-01 1.16210930e-01 -1.53332435e-01
 -1.93830765e-01 1.52589446e-01 -1.62289291e-01
 1.95785682e-01 1.50626500e-01 -1.53864440e-01
 -1.66131511e-01 1.82287162e-01 -1.63547154e-01
 1.68135080e-01 1.81007393e-01 -1.53202383e-01
 -1.34188575e-01 2.06893185e-01 -1.64372962e-01
 1.35878137e-01 2.06400178e-01 -1.51584482e-01
 -7.83153879e-02 2.33471847e-01 -1.72400134e-01
 8.08667451e-02 2.33108071e-01 -1.61057228e-01
 -9.95228573e-02 -2.27105588e-01 -1.27641345e-01
 9.88676540e-02 -2.26896650e-01 -1.41031325e-01
 -1.35763344e-01 -2.07451911e-01 -1.28501266e-01
 1.34916301e-01 -2.07448824e-01 -1.42132048e-01
 -1.68022433e-01 -1.82264729e-01 -1.29494284e-01
 1.67141286e-01 -1.82488499e-01 -1.42084795e-01
 -1.95468781e-01 -1.52420013e-01 -1.30237521e-01
 1.94958742e-01 -1.52455416e-01 -1.41333796e-01
 -2.17501847e-01 -1.18875021e-01 -1.30334628e-01
 2.17521750e-01 -1.18124625e-01 -1.40335509e-01
 -2.33894788e-01 -8.21538882e-02 -1.29243050e-01
 2.34121922e-01 -8.04194855e-02 -1.39693892e-01
 -2.39342238e-01 -6.31948618e-02 -1.39812507e-01
 2.40469767e-01 -6.03546722e-02 -1.28475468e-01
 -2.43947467e-01 -4.20707812e-02 -1.39696786e-01
 2.44130490e-01 -4.08475199e-02 -1.40388139e-01
 -2.46892314e-01 -2.17448167e-02 -1.30926533e-01
 2.47050745e-01 -2.04260317e-02 -1.29536057e-01
 -2.47555339e-01 -2.87803739e-04 -1.39501221e-01
 2.47449862e-01 -1.17183274e-03 -1.42391634e-01
 -2.47028252e-01 2.13329392e-02 -1.27872880e-01
 2.47080772e-01 1.89962658e-02 -1.32075908e-01
 -2.44134582e-01 4.12355977e-02 -1.38445631e-01
 2.44290823e-01 3.83631577e-02 -1.46984585e-01
 -2.40416246e-01 6.08344226e-02 -1.26441679e-01
 2.40442781e-01 5.90951663e-02 -1.38277822e-01
 -2.34081554e-01 8.07529091e-02 -1.37684321e-01
 2.34761146e-01 7.96728776e-02 -1.28962236e-01
 -2.17422018e-01 1.18445029e-01 -1.38475043e-01
 2.18248973e-01 1.17463392e-01 -1.30828436e-01
 -1.94858520e-01 1.52681454e-01 -1.39630830e-01
 1.96000782e-01 1.51676847e-01 -1.31322210e-01
 -1.67191752e-01 1.82509608e-01 -1.40694224e-01
 1.68195569e-01 1.82045367e-01 -1.30828251e-01
 -1.35362107e-01 2.07192598e-01 -1.41327757e-01
 1.35791913e-01 2.07411422e-01 -1.29062804e-01
 -1.00355170e-01 2.26244802e-01 -1.40976516e-01
 9.96198864e-02 2.27059162e-01 -1.27751764e-01
 -9.91772629e-02 -2.27972275e-01 -1.05263761e-01
 -1.35615363e-01 -2.08341446e-01 -1.06006193e-01
 1.36111861e-01 -2.07561543e-01 -1.19451082e-01
 -1.82674546e-01 -1.68986023e-01 -9.58124525e-02
 1.83189409e-01 -1.67963850e-01 -1.08059435e-01
 -1.95756432e-01 -1.53162170e-01 -1.07389896e-01
 1.96030379e-01 -1.52282142e-01 -1.18811247e-01
 -2.18099163e-01 -1.19205400e-01 -1.07543141e-01
 2.18549727e-01 -1.17759554e-01 -1.17896291e-01
 -2.34988155e-01 -8.09239268e-02 -1.08214657e-01
 2.35084994e-01 -7.98495639e-02 -1.17242276e-01
 -2.40784836e-01 -6.01423084e-02 -1.20371320e-01
 2.41308301e-01 -5.97450507e-02 -1.05894214e-01
 -2.45085397e-01 -4.01815000e-02 -1.14445608e-01
 2.45043309e-01 -3.99088087e-02 -1.17376700e-01
 -2.47893892e-01 -1.60874440e-02 -1.12415676e-01
 2.47842472e-01 -1.92304185e-02 -1.06155834e-01
 -2.48261465e-01 2.27782049e-03 -1.17376410e-01
 2.48232767e-01 -1.65251258e-05 -1.18693628e-01
 -2.47832382e-01 2.01077560e-02 -1.03908039e-01
 2.47720721e-01 2.01246398e-02 -1.08034225e-01
 -2.44998320e-01 4.05544680e-02 -1.15320415e-01
 2.44915542e-01 3.92983239e-02 -1.24709927e-01
 -2.41154643e-01 6.05769317e-02 -1.03914587e-01
 2.40861473e-01 6.03140525e-02 -1.16480555e-01
 -2.34921141e-01 8.05081743e-02 -1.15274133e-01
 2.34860180e-01 8.13893923e-02 -1.07068670e-01
 -2.18285836e-01 1.18363922e-01 -1.16020192e-01
 2.18495678e-01 1.18440920e-01 -1.08178013e-01
 -1.95721077e-01 1.52766356e-01 -1.17010598e-01
 1.96244203e-01 1.52475503e-01 -1.08771400e-01
 -1.82799025e-01 1.68464901e-01 -1.06140349e-01
 1.83055576e-01 1.68496172e-01 -9.79561408e-02
 -1.36088540e-01 2.07616964e-01 -1.18329953e-01
 1.35742273e-01 2.08242176e-01 -1.06526878e-01
 -1.00646016e-01 2.26929784e-01 -1.18204632e-01
 9.94955741e-02 2.27833056e-01 -1.05280268e-01
 1.01485984e-01 -2.27205841e-01 -9.61764285e-02
 -1.35574565e-01 -2.09005164e-01 -8.35603077e-02
 1.36981316e-01 -2.07729065e-01 -9.67282673e-02
 -1.82956443e-01 -1.69386021e-01 -7.32483880e-02
 1.83903306e-01 -1.67989746e-01 -8.57005017e-02
 -1.96132589e-01 -1.53568284e-01 -8.47402523e-02
 1.96888485e-01 -1.52167749e-01 -9.63258965e-02
 -2.18781944e-01 -1.19082648e-01 -8.52103894e-02
 2.19368288e-01 -1.17506506e-01 -9.54812438e-02
 -2.35492449e-01 -8.11052752e-02 -8.62792741e-02
 2.35851419e-01 -7.94495024e-02 -9.48178106e-02
 -2.41166066e-01 -6.10279728e-02 -9.91589051e-02
 2.41947209e-01 -5.93907538e-02 -8.33597162e-02
 -2.45236343e-01 -4.31669100e-02 -8.90640681e-02
 2.45761028e-01 -3.92757760e-02 -9.45682198e-02
 -2.47605257e-01 -2.47748744e-02 -9.61548271e-02
 2.48435559e-01 -1.86545219e-02 -8.31189848e-02
 -2.48920203e-01 -1.10340728e-03 -9.27388126e-02
 2.48868751e-01 1.55903864e-03 -9.48202342e-02
 -2.48401772e-01 1.95965962e-02 -8.12452077e-02
 2.45371291e-01 4.03374444e-02 -1.03215103e-01
 -2.45643353e-01 4.02974006e-02 -9.25616892e-02
 2.45292228e-01 4.35213389e-02 -8.36788315e-02
 -2.41713406e-01 6.05019054e-02 -8.14041855e-02
 2.40846194e-01 6.26589900e-02 -9.52454719e-02
 -2.35580058e-01 8.03930800e-02 -9.28659475e-02
 2.35161414e-01 8.21770081e-02 -8.44812604e-02
 -2.18961762e-01 1.18356598e-01 -9.35931029e-02
 2.18860222e-01 1.18930288e-01 -8.53986289e-02
 -1.96376044e-01 1.52901927e-01 -9.44429354e-02
 1.96597039e-01 1.52921375e-01 -8.62252866e-02
 1.83393470e-01 1.68836085e-01 -7.60239933e-02
 -1.36357476e-01 2.08172419e-01 -9.55740775e-02
 1.35805255e-01 2.08845853e-01 -8.39389621e-02
 -1.00010506e-01 2.27859691e-01 -9.61562525e-02
 9.95549753e-02 2.28386565e-01 -8.27913382e-02
 -9.90046177e-02 -2.29061003e-01 -6.05519746e-02
 1.01852279e-01 -2.27571141e-01 -7.34854511e-02
 -1.35654897e-01 -2.09437351e-01 -6.11570077e-02
 1.37430726e-01 -2.08015323e-01 -7.40203546e-02
 -1.83260948e-01 -1.69570418e-01 -5.08038935e-02
 1.84331601e-01 -1.68135117e-01 -6.35558717e-02
 -1.96525434e-01 -1.53738065e-01 -6.22739395e-02
 1.97497729e-01 -1.52163313e-01 -7.38636360e-02
 -2.19219217e-01 -1.19147480e-01 -6.28432090e-02
 2.19949339e-01 -1.17424680e-01 -7.30751983e-02
 -2.35825633e-01 -8.14398622e-02 -6.37290058e-02
 2.36401351e-01 -7.92889037e-02 -7.24085312e-02
 -2.41450156e-01 -6.19816479e-02 -7.59068460e-02
 2.42374381e-01 -5.93583931e-02 -6.08284749e-02
 -2.46010094e-01 -4.12814991e-02 -6.63190347e-02
 2.46279248e-01 -3.90404910e-02 -7.18207061e-02
 -2.48405609e-01 -2.06649937e-02 -7.66942268e-02
 2.48848135e-01 -1.86850792e-02 -6.00652487e-02
 -2.49404139e-01 -1.21443167e-04 -6.90018603e-02
 2.49352390e-01 1.85860611e-03 -7.15482305e-02
 -2.48759958e-01 2.01862624e-02 -5.81054081e-02
 2.48126764e-01 2.23317952e-02 -8.33705568e-02
 -2.46125314e-01 4.02026586e-02 -6.99819549e-02
 2.46120455e-01 4.08481571e-02 -6.40205130e-02
 -2.42102854e-01 6.05742857e-02 -5.89209669e-02
 2.41262185e-01 6.29382600e-02 -7.28123703e-02
 -2.36054628e-01 8.04239611e-02 -7.04517547e-02
 2.35710881e-01 8.18645950e-02 -6.17850516e-02
 -2.19439693e-01 1.18446176e-01 -7.11888484e-02
 2.19479368e-01 1.18673301e-01 -6.26702875e-02
 -1.96813979e-01 1.53103938e-01 -7.19397997e-02
 1.97097998e-01 1.52966498e-01 -6.37051261e-02
 -1.83580326e-01 1.69013304e-01 -6.10289826e-02
 1.83854703e-01 1.68853722e-01 -5.45356464e-02
 -1.36339599e-01 2.08752549e-01 -7.30921668e-02
 1.36094970e-01 2.09150172e-01 -6.12381106e-02
 -9.99908691e-02 2.28387797e-01 -7.38492241e-02
 9.98688649e-02 2.28689654e-01 -6.03016193e-02
 -9.91740778e-02 -2.29288930e-01 -3.81796064e-02
 1.01382034e-01 -2.28164383e-01 -5.10239618e-02
 -1.35835509e-01 -2.09653807e-01 -3.87838507e-02
 1.37438652e-01 -2.08435699e-01 -5.14110455e-02
 -1.83527257e-01 -1.69609351e-01 -2.84058155e-02
 1.84486365e-01 -1.68391196e-01 -4.17998166e-02
 -1.96838277e-01 -1.53803118e-01 -3.98617880e-02
 1.97852333e-01 -1.52280631e-01 -5.13935084e-02
 -2.19547119e-01 -1.19150589e-01 -4.04407606e-02
 2.20280217e-01 -1.17542396e-01 -5.06639937e-02
 -2.36254519e-01 -8.10942867e-02 -4.14796592e-02
 2.36720517e-01 -7.94177967e-02 -4.99962456e-02
 -2.41999946e-01 -6.12897391e-02 -5.36075025e-02
 2.42611267e-01 -5.95662195e-02 -3.82945897e-02
 -2.46365028e-01 -4.10619171e-02 -4.34895222e-02
 2.46605599e-01 -3.91850941e-02 -4.90262430e-02
 -2.48769190e-01 -2.06130632e-02 -5.49919772e-02
 2.49083898e-01 -1.93233854e-02 -3.66247650e-02
 -2.49737644e-01 -4.08420715e-05 -4.58038207e-02
 2.49714928e-01 8.74550354e-04 -4.76163691e-02
 -2.49012505e-01 2.03833666e-02 -3.51698947e-02
 2.48704636e-01 2.07672524e-02 -5.86165493e-02
 -2.46399710e-01 4.05975612e-02 -4.71656871e-02
 2.46482230e-01 4.04239557e-02 -4.24131688e-02
 -2.42306606e-01 6.08694992e-02 -3.63162217e-02
 2.42063984e-01 6.11548319e-02 -5.14011966e-02
 -2.36356692e-01 8.05687936e-02 -4.80333088e-02
 2.36356916e-01 8.08525055e-02 -3.96579763e-02
 -2.19729060e-01 1.18618226e-01 -4.88054431e-02
 2.20011899e-01 1.18304656e-01 -3.97574564e-02
 -1.97051138e-01 1.53354857e-01 -4.95020741e-02
 1.98431754e-01 1.51713696e-01 -4.15330607e-02
 -1.83681523e-01 1.69316232e-01 -3.86012163e-02
 1.85992726e-01 1.66831403e-01 -3.44107304e-02
 -1.36325169e-01 2.09177408e-01 -5.06401810e-02
 1.36951521e-01 2.08931176e-01 -3.83791076e-02
 -1.00002774e-01 2.28767948e-01 -5.13323277e-02
 1.00056884e-01 2.28906921e-01 -3.80015920e-02
 -9.94463569e-02 -2.29335720e-01 -1.57812939e-02
 1.00668368e-01 -2.28722758e-01 -2.87878689e-02
 -1.36072582e-01 -2.09684074e-01 -1.64232293e-02
 1.36673190e-01 -2.09207097e-01 -2.90784854e-02
 -1.83747514e-01 -1.69512823e-01 -6.02694391e-03
 1.84513282e-01 -1.68605900e-01 -2.07508847e-02
 -1.97088646e-01 -1.53743272e-01 -1.74759279e-02
 1.97990231e-01 -1.52472634e-01 -2.88394490e-02
 -2.19824963e-01 -1.18981124e-01 -1.81080771e-02
 2.20276468e-01 -1.18019409e-01 -2.82028377e-02
 -2.36485187e-01 -8.09439808e-02 -1.91184164e-02
 2.36862336e-01 -7.96774400e-02 -2.76421184e-02
 -2.42280294e-01 -6.11529327e-02 -3.11369708e-02
 2.42677238e-01 -5.99358613e-02 -1.57311664e-02
 -2.46577055e-01 -4.08996569e-02 -2.07809688e-02
 2.46754055e-01 -3.96231234e-02 -2.60648306e-02
 -2.49024063e-01 -2.04986955e-02 -3.27011997e-02
 2.49197576e-01 -1.97422313e-02 -1.31635475e-02
 -2.49935004e-01 4.27719090e-05 -2.28066793e-02
 2.49928573e-01 3.68342692e-04 -2.38630313e-02
 -2.49136708e-01 2.05274228e-02 -1.23561496e-02
 2.49023363e-01 2.03200592e-02 -3.45202160e-02
 -2.46569621e-01 4.08189266e-02 -2.44143597e-02
 2.46691501e-01 4.02268907e-02 -2.00467587e-02
 -2.42398609e-01 6.10830262e-02 -1.37374263e-02
 2.42419214e-01 6.06532033e-02 -2.94292291e-02
 -2.36490138e-01 8.08182154e-02 -2.55646961e-02
 2.36656477e-01 8.04659128e-02 -1.74196225e-02
 -2.19850678e-01 1.18836014e-01 -2.64416302e-02
 2.20122616e-01 1.18441595e-01 -1.67995008e-02
 -1.97121636e-01 1.53613562e-01 -2.71147025e-02
 1.98708940e-01 1.51637367e-01 -1.82806335e-02
 -1.83651995e-01 1.69574558e-01 -1.62137502e-02
 1.85808853e-01 1.67224764e-01 -1.32447993e-02
 -1.36226201e-01 2.09505910e-01 -2.82028253e-02
 1.36702686e-01 2.09274866e-01 -1.62094801e-02
 -9.97015608e-02 2.29144611e-01 -2.89447804e-02
 1.00115567e-01 2.29044736e-01 -1.56963327e-02
 1.29058169e-04 -2.49999859e-01 -1.06643541e-03
 -9.97538094e-02 -2.29230106e-01 6.63603081e-03
 1.00272446e-01 -2.29003919e-01 -6.52163023e-03
 -1.36318863e-01 -2.09559007e-01 5.94154337e-03
 1.36643684e-01 -2.09346919e-01 -6.18067882e-03
 -1.97268941e-01 -1.53569157e-01 4.89108699e-03
 1.97208860e-01 -1.53644277e-01 -5.81878781e-03
 -2.09275129e-01 -1.36752419e-01 -6.58791961e-03
 2.09712579e-01 -1.36084896e-01 4.98228474e-03
 -2.19972765e-01 -1.18789193e-01 4.24541886e-03
 2.20290941e-01 -1.18193321e-01 -6.00855394e-03
 -2.36592514e-01 -8.07670566e-02 3.30152980e-03
 2.36837218e-01 -8.00399697e-02 -5.29380903e-03
 -2.42432315e-01 -6.10077252e-02 -8.62216774e-03
 2.42614604e-01 -6.02938515e-02 6.71913138e-03
 -2.46656039e-01 -4.07503055e-02 1.90894951e-03
 2.46785204e-01 -3.99556491e-02 -3.16389578e-03
 -2.49153330e-01 -2.04010913e-02 -1.01429238e-02
 2.49182285e-01 -2.00382650e-02 1.03340391e-02
 -2.49133455e-01 2.06361800e-02 1.03431428e-02
 2.49177392e-01 2.00826374e-02 -1.08314819e-02
 -2.46616185e-01 4.09913568e-02 -1.70973839e-03
 2.46773693e-01 4.00289134e-02 2.67514132e-03
 -2.42369920e-01 6.12535217e-02 8.80373736e-03
 2.42599068e-01 6.03530155e-02 -7.18007980e-03
 -2.36504718e-01 8.10242259e-02 -3.12270752e-03
 2.36793810e-01 8.01700141e-02 4.86025107e-03
 -2.19826395e-01 1.19060181e-01 -4.09020511e-03
 2.20145041e-01 1.18466161e-01 5.57966286e-03
 1.96949537e-01 1.53977444e-01 5.42732030e-03
 -1.97059831e-01 1.53837664e-01 -4.75389239e-03
 1.81514801e-01 1.71905137e-01 4.03604056e-03
 -1.36015895e-01 2.09755997e-01 -5.81588002e-03
 1.35661103e-01 2.09983130e-01 7.12048481e-03
 -9.94414478e-02 2.29366004e-01 -6.51256534e-03
 1.00120819e-01 2.29069919e-01 6.70562238e-03
 -1.00038690e-01 -2.28996860e-01 2.90419573e-02
 9.99738595e-02 -2.29106341e-01 1.57624444e-02
 -1.36546931e-01 -2.09296033e-01 2.83188737e-02
 1.36512514e-01 -2.09398582e-01 1.62893258e-02
 -1.83895321e-01 -1.69309828e-01 1.63509188e-02
 1.87188567e-01 -1.65680853e-01 1.28450278e-02
 -1.97338502e-01 -1.53333149e-01 2.72696521e-02
 1.99103628e-01 -1.51120896e-01 1.79954889e-02
 -2.20001191e-01 -1.18554613e-01 2.66220012e-02
 2.20138830e-01 -1.18414780e-01 1.64205602e-02
 -2.36579195e-01 -8.05530967e-02 2.57680912e-02
 2.36662401e-01 -8.04542137e-02 1.69911079e-02
 -2.42461106e-01 -6.08316279e-02 1.39378819e-02
 2.42408624e-01 -6.07098523e-02 2.89520617e-02
 -2.46608742e-01 -4.05738431e-02 2.46279191e-02
 2.46695256e-01 -4.02191655e-02 1.95490998e-02
 -2.49155470e-01 -2.02904772e-02 1.25635084e-02
 2.49025627e-01 -2.03471477e-02 3.39997019e-02
 -2.49933746e-01 1.91412702e-04 2.30140234e-02
 2.49931574e-01 -3.36833079e-04 2.33622690e-02
 -2.49003122e-01 2.07322838e-02 3.28958766e-02
 2.49194088e-01 1.98064311e-02 1.26673721e-02
 -2.46536512e-01 4.11373941e-02 2.09683532e-02
 2.46744336e-01 3.97038972e-02 2.55654722e-02
 -2.42217911e-01 6.13943256e-02 3.13015960e-02
 2.42651014e-01 6.00495607e-02 1.52588077e-02
 -2.36398369e-01 8.11948810e-02 1.92743698e-02
 2.36813905e-01 7.98311879e-02 2.71798789e-02
 -2.19681529e-01 1.19244495e-01 1.82394341e-02
 2.20172557e-01 1.18219206e-01 2.77935414e-02
 -1.96884850e-01 1.54003310e-01 1.75966297e-02
 1.97962388e-01 1.52509622e-01 2.87683537e-02
 -1.83512630e-01 1.69766795e-01 6.15266837e-03
 1.84473796e-01 1.68635491e-01 2.24509593e-02
 -1.35783722e-01 2.09870568e-01 1.65610543e-02
 1.36106890e-01 2.09567367e-01 3.00535450e-02
 -9.91560740e-02 2.29460709e-01 1.59359282e-02
 1.00219525e-01 2.28915949e-01 2.92717592e-02
 -1.00368102e-01 -2.28606860e-01 5.14065014e-02
 9.97019137e-02 -2.29061066e-01 3.80678244e-02
 -1.36665761e-01 -2.08953384e-01 5.07495095e-02
 1.36387085e-01 -2.09298207e-01 3.85413612e-02
 -1.83935849e-01 -1.69037763e-01 3.87513922e-02
 1.83555973e-01 -1.69549468e-01 3.10343340e-02
 -1.97277785e-01 -1.53059652e-01 4.96765769e-02
 1.97054604e-01 -1.53529043e-01 3.96650193e-02
 -2.19884719e-01 -1.18324059e-01 4.90132364e-02
 2.19846585e-01 -1.18621382e-01 3.92866083e-02
 -2.36447122e-01 -8.02943721e-02 4.82640161e-02
 2.36304245e-01 -8.10208806e-02 3.91790083e-02
 -2.42369189e-01 -6.06114857e-02 3.65383219e-02
 2.42019482e-01 -6.13584300e-02 5.08691576e-02
 -2.46437934e-01 -4.03479672e-02 4.73966678e-02
 2.46471346e-01 -4.05247033e-02 4.18835536e-02
 -2.49030038e-01 -2.01443126e-02 3.53866238e-02
 2.48701494e-01 -2.09037843e-02 5.80506068e-02
 -2.49735074e-01 2.75193772e-04 4.60146089e-02
 2.49721066e-01 -9.14235463e-04 4.70864079e-02
 -2.48747203e-01 2.08454132e-02 5.51816474e-02
 2.49086152e-01 1.93547240e-02 3.61110680e-02
 -2.46323731e-01 4.12972148e-02 4.36671960e-02
 2.46606815e-01 3.92178982e-02 4.85058950e-02
 -2.41937484e-01 6.15277300e-02 5.37562958e-02
 2.42592726e-01 5.96613348e-02 3.78017031e-02
 -2.36168302e-01 8.13407693e-02 4.16131731e-02
 2.36701856e-01 7.94914337e-02 4.95353360e-02
 -2.19404858e-01 1.19410065e-01 4.05484620e-02
 2.20268877e-01 1.17572132e-01 5.03479000e-02
 -1.96636619e-01 1.54059156e-01 3.99665862e-02
 1.97982079e-01 1.52107610e-01 5.15966341e-02
 -1.83297471e-01 1.69856445e-01 2.85213110e-02
 1.84646649e-01 1.68192907e-01 4.32252803e-02
 -1.35556270e-01 2.09832691e-01 3.89369811e-02
 1.37063605e-01 2.08667862e-01 5.23539765e-02
 -9.89023661e-02 2.29404272e-01 3.83704696e-02
 1.01022857e-01 2.28315578e-01 5.15979702e-02
 -1.00382330e-01 -2.28214887e-01 7.39048091e-02
 9.94917105e-02 -2.28852791e-01 6.03742515e-02
 -1.36700691e-01 -2.08513971e-01 7.31968914e-02
 1.35922240e-01 -2.09265324e-01 6.10816462e-02
 -1.83847986e-01 -1.68718380e-01 6.11938715e-02
 1.83297166e-01 -1.69505643e-01 5.21538603e-02
 -1.97052125e-01 -1.52791520e-01 7.21363557e-02
 1.96582767e-01 -1.53666486e-01 6.22053915e-02
 -2.19601367e-01 -1.18137171e-01 7.14271831e-02
 2.19016457e-01 -1.19557942e-01 6.16710573e-02
 -2.36146822e-01 -8.01384448e-02 7.07134622e-02
 2.35589464e-01 -8.22416532e-02 6.11794717e-02
 -2.42165393e-01 -6.03086495e-02 5.91682863e-02
 2.41179081e-01 -6.33017383e-02 7.21730959e-02
 -2.46162360e-01 -3.99475240e-02 7.02343283e-02
 2.46091809e-01 -4.10765082e-02 6.34420767e-02
 -2.48776052e-01 -1.99452507e-02 5.83341847e-02
 2.48115737e-01 -2.25996056e-02 8.27385665e-02
 -2.49400177e-01 3.55116301e-04 6.92177751e-02
 2.49361658e-01 -1.99965980e-03 7.09682243e-02
 -2.48382932e-01 2.08937395e-02 7.68775067e-02
 2.48859537e-01 1.86424026e-02 5.95191145e-02
 -2.45968000e-01 4.15145735e-02 6.64891219e-02
 2.46297250e-01 3.89888012e-02 7.12801677e-02
 -2.41386849e-01 6.22176222e-02 7.60394580e-02
 2.42378602e-01 5.93730143e-02 6.03290161e-02
 -2.35739207e-01 8.16843473e-02 6.38386228e-02
 2.36420412e-01 7.92568487e-02 7.19729659e-02
 -2.19075904e-01 1.19408058e-01 6.29260593e-02
 2.20006493e-01 1.17325731e-01 7.28650617e-02
 -1.96322422e-01 1.53994975e-01 6.23629103e-02
 1.97634791e-01 1.51975963e-01 7.41687789e-02
 -1.83032162e-01 1.69815355e-01 5.09100096e-02
 1.84457460e-01 1.67970093e-01 6.46849546e-02
 -1.35379024e-01 2.09612638e-01 6.13290266e-02
 1.37159206e-01 2.08174504e-01 7.49128252e-02
 -9.87452775e-02 2.29169066e-01 6.07849203e-02
 1.01565277e-01 2.27686968e-01 7.40980177e-02
 9.93243853e-02 -2.28487620e-01 8.27613696e-02
 -1.36741640e-01 -2.07917427e-01 9.56731807e-02
 1.35743827e-01 -2.08894763e-01 8.35806797e-02
 -1.83583965e-01 -1.68401016e-01 8.37178608e-02
 1.82981121e-01 -1.69338413e-01 7.40191749e-02
 -1.96627088e-01 -1.52570364e-01 9.46648331e-02
 1.96190711e-01 -1.53491614e-01 8.48100531e-02
 -2.19130264e-01 -1.18030801e-01 9.38657816e-02
 2.18544539e-01 -1.19554299e-01 8.43869340e-02
 -2.35674375e-01 -8.00946274e-02 9.31627518e-02
 2.34982515e-01 -8.27377876e-02 8.36846262e-02
 -2.41776373e-01 -6.02263576e-02 8.16811222e-02
 2.40739911e-01 -6.31375152e-02 9.44854365e-02
 -2.45680036e-01 -4.00328217e-02 9.28404917e-02
 2.45241981e-01 -4.38801654e-02 8.30344296e-02
 -2.48415911e-01 -1.93523071e-02 8.14900433e-02
 2.45323007e-01 -4.07440203e-02 1.02493820e-01
 -2.48913857e-01 1.33878405e-03 9.29614854e-02
 2.48882514e-01 -1.78768657e-03 9.41754861e-02
 -2.47577432e-01 2.50108430e-02 9.63236436e-02
 2.48457689e-01 1.85221604e-02 8.25321719e-02
 -2.45191272e-01 4.34011514e-02 8.92279714e-02
 2.45795997e-01 3.91408950e-02 9.40071850e-02
 -2.41102266e-01 6.12680149e-02 9.92727987e-02
 2.41976770e-01 5.93137547e-02 8.28625424e-02
 -2.35405005e-01 8.13533450e-02 8.63604441e-02
 2.35900574e-01 7.93337749e-02 9.44107994e-02
 -2.18636514e-01 1.19346912e-01 8.52672025e-02
 2.19453715e-01 1.17354238e-01 9.53365562e-02
 -1.95923883e-01 1.53831997e-01 8.48118507e-02
 1.97017651e-01 1.51987510e-01 9.66527126e-02
 1.84007283e-01 1.67847249e-01 8.65921409e-02
 -1.35294391e-01 2.09181768e-01 8.37550897e-02
 1.36783170e-01 2.07835475e-01 9.75538788e-02
 -9.87408919e-02 2.28730707e-01 8.31880923e-02
 1.01251057e-01 2.27293947e-01 9.68052293e-02
 -1.01079641e-01 -2.26736348e-01 1.18223737e-01
 -1.36497230e-01 -2.07345206e-01 1.18422292e-01
 1.35691898e-01 -2.08289355e-01 1.06076994e-01
 -1.83098859e-01 -1.68130996e-01 1.06342341e-01
 1.82745120e-01 -1.68892902e-01 9.62850583e-02
 -1.95986305e-01 -1.52413885e-01 1.17261636e-01
 1.95917653e-01 -1.52952635e-01 1.07464020e-01
 -2.18462128e-01 -1.18019065e-01 1.16331634e-01
 2.18223154e-01 -1.19000498e-01 1.07148813e-01
 -2.35017946e-01 -8.01948613e-02 1.15610811e-01
 2.34704308e-01 -8.19077848e-02 1.06208898e-01
 -2.41218224e-01 -6.02897671e-02 1.04225081e-01
 2.40768518e-01 -6.07821715e-02 1.15659124e-01
 -2.45034609e-01 -4.02795692e-02 1.15627908e-01
 2.44871477e-01 -3.97259240e-02 1.23924285e-01
 -2.47845988e-01 -1.98519851e-02 1.04175334e-01
 2.47711920e-01 -2.04705481e-02 1.07314881e-01
 -2.48256213e-01 -2.03107848e-03 1.17626330e-01
 2.48253799e-01 -2.77301240e-04 1.17982535e-01
 -2.47872457e-01 1.63360497e-02 1.12598153e-01
 2.47875131e-01 1.90249711e-02 1.05526193e-01
 -2.45042858e-01 4.04114637e-02 1.14607406e-01
 2.45092473e-01 3.97135713e-02 1.16792385e-01
 -2.40724971e-01 6.03708189e-02 1.20456834e-01
 2.41358510e-01 5.95969682e-02 1.05397343e-01
 -2.34901861e-01 8.11700015e-02 1.08263540e-01
 2.35152648e-01 7.96860395e-02 1.16850939e-01
 -2.17949621e-01 1.19477128e-01 1.07569236e-01
 2.18647448e-01 1.17584843e-01 1.17787279e-01
 -1.95537545e-01 1.53439283e-01 1.07440945e-01
 1.96149269e-01 1.52113880e-01 1.19120036e-01
 -1.82431857e-01 1.69244933e-01 9.58988955e-02
 1.83279709e-01 1.67836706e-01 1.08768025e-01
 -1.35323076e-01 2.08524373e-01 1.06227532e-01
 1.35970072e-01 2.07627301e-01 1.20203900e-01
 -9.89126724e-02 2.28077539e-01 1.05598184e-01
 1.00200890e-01 2.27088428e-01 1.19374740e-01
 -1.00809652e-01 -2.26042972e-01 1.40968548e-01
 9.95019412e-02 -2.27117792e-01 1.27554804e-01
 -1.35794106e-01 -2.06906101e-01 1.41412559e-01
 1.35733472e-01 -2.07468414e-01 1.28579858e-01
 -1.67561195e-01 -1.82161400e-01 1.40882258e-01
 1.68063331e-01 -1.82222956e-01 1.29585691e-01
 -1.95139357e-01 -1.52306068e-01 1.39914862e-01
 1.95726483e-01 -1.52094689e-01 1.30130220e-01
 -2.17607490e-01 -1.18077870e-01 1.38830216e-01
 2.18008848e-01 -1.17979116e-01 1.29805295e-01
 -2.34181334e-01 -8.04221141e-02 1.38066849e-01
 2.34619476e-01 -8.01794129e-02 1.28061235e-01
 -2.40480515e-01 -6.05342538e-02 1.26790726e-01
 2.40354464e-01 -5.95789085e-02 1.37410438e-01
 -2.44169709e-01 -4.09542457e-02 1.38790264e-01
 2.44251941e-01 -3.88110350e-02 1.46134731e-01
 -2.47040942e-01 -2.10742884e-02 1.28166537e-01
 2.47077674e-01 -1.93743210e-02 1.31287607e-01
 -2.47545330e-01 5.19097289e-04 1.39774432e-01
 2.47478774e-01 8.42690095e-04 1.41622861e-01
 -2.46866103e-01 2.19644452e-02 1.31130591e-01
 2.47094063e-01 2.01672576e-02 1.28861079e-01
 -2.43904854e-01 4.22882648e-02 1.39836569e-01
 2.44191357e-01 4.06147711e-02 1.39773491e-01
 -2.39278769e-01 6.34283607e-02 1.39858914e-01
 2.40534226e-01 6.01647229e-02 1.27969301e-01
 -2.33808190e-01 8.23992127e-02 1.29251286e-01
 2.34200213e-01 8.02333867e-02 1.39305769e-01
 -2.17346768e-01 1.19159200e-01 1.30321833e-01
 2.17623123e-01 1.17944698e-01 1.40242193e-01
 -1.95237749e-01 1.52714384e-01 1.30264721e-01
 1.95070026e-01 1.52296986e-01 1.41609630e-01
 -1.67732483e-01 1.82526150e-01 1.29617052e-01
 1.67164817e-01 1.82433181e-01 1.42776806e-01
 -1.35452521e-01 2.07645266e-01 1.28752497e-01
 1.34821608e-01 2.07481239e-01 1.42811038e-01
 -9.92403197e-02 2.27215412e-01 1.28033273e-01
 9.87122840e-02 2.26940458e-01 1.41643557e-01
 -7.88027062e-02 -2.33313727e-01 1.72272084e-01
 8.07463039e-02 -2.33159543e-01 1.60831810e-01
 -1.34641770e-01 -2.06594791e-01 1.64448393e-01
 1.35806255e-01 -2.06469571e-01 1.51102356e-01
 -1.66521351e-01 -1.81919614e-01 1.63751597e-01
 1.67995877e-01 -1.81189505e-01 1.52198103e-01
 -1.94128871e-01 -1.52188642e-01 1.62609547e-01
 1.95543059e-01 -1.51009739e-01 1.52786817e-01
 -2.16597768e-01 -1.18143926e-01 1.61366032e-01
 2.17783770e-01 -1.16704329e-01 1.52333660e-01
 -2.25120674e-01 -9.98477830e-02 1.72098601e-01
 2.26520194e-01 -9.76338877e-02 1.62787859e-01
 -2.39556102e-01 -6.09646625e-02 1.49463126e-01
 2.39775720e-01 -5.84694451e-02 1.59446289e-01
 -2.43312996e-01 -4.08850558e-02 1.61355051e-01
 2.43505432e-01 -3.77622239e-02 1.68719248e-01
 -2.46311225e-01 -2.03142412e-02 1.50632199e-01
 2.46297262e-01 -1.83953840e-02 1.54882521e-01
 -2.46665599e-01 -4.95159746e-04 1.62768784e-01
 2.46560606e-01 1.90626883e-03 1.65130361e-01
 -2.46195737e-01 2.07453161e-02 1.52698697e-01
 2.46177870e-01 2.11825894e-02 1.52198428e-01
 -2.43471854e-01 3.91385050e-02 1.64421581e-01
 2.43152438e-01 4.14777067e-02 1.62800985e-01
 -2.39525941e-01 5.95156765e-02 1.59259415e-01
 2.39525700e-01 6.09086213e-02 1.50603932e-01
 2.24906353e-01 1.00191554e-01 1.73380640e-01
 -2.16973887e-01 1.18120856e-01 1.53352644e-01
 2.16432447e-01 1.18329624e-01 1.62732362e-01
 -1.95023162e-01 1.51654812e-01 1.53195430e-01
 1.93850214e-01 1.52440180e-01 1.64151332e-01
 -1.67693860e-01 1.81460349e-01 1.52364243e-01
 1.65941812e-01 1.82360958e-01 1.65302798e-01
 -1.35628988e-01 2.06575445e-01 1.51334379e-01
 1.33507224e-01 2.07282782e-01 1.65393443e-01
 -8.08359991e-02 2.33093243e-01 1.61646488e-01
 7.75493780e-02 2.33678844e-01 1.73450114e-01
 -7.70136472e-02 -2.32869426e-01 1.93524956e-01
 8.09459559e-02 -2.32058498e-01 1.83155622e-01
 -1.33115264e-01 -2.06364178e-01 1.87367895e-01
 1.35809246e-01 -2.05355387e-01 1.73667815e-01
 -1.65346921e-01 -1.81617194e-01 1.86573674e-01
 1.67820250e-01 -1.80071472e-01 1.74843767e-01
 -1.93068522e-01 -1.51913543e-01 1.85335996e-01
 1.95258298e-01 -1.49834531e-01 1.75445845e-01
 2.17374016e-01 -1.15479420e-01 1.74954096e-01
 -2.23970155e-01 -9.98527386e-02 1.94599862e-01
 2.25948119e-01 -9.64345884e-02 1.85378983e-01
 -2.38589926e-01 -6.10663996e-02 1.71849217e-01
 2.39084217e-01 -5.72463853e-02 1.81619635e-01
 -2.42192212e-01 -4.14787589e-02 1.84280824e-01
 2.42664477e-01 -3.63713916e-02 1.91461379e-01
 -2.45285956e-01 -2.12493138e-02 1.73587323e-01
 2.45389774e-01 -1.72213799e-02 1.78316648e-01
 -2.45613379e-01 -2.42558104e-03 1.86255914e-01
 2.45491113e-01 3.18253579e-03 1.88637387e-01
 -2.45422137e-01 1.83519957e-02 1.75781537e-01
 2.45115490e-01 2.21938051e-02 1.75538065e-01
 -2.42764144e-01 3.67547019e-02 1.88241612e-01
 2.41966908e-01 4.23364737e-02 1.85888480e-01
 -2.39055363e-01 5.75875482e-02 1.80498155e-01
 2.38383927e-01 6.16308099e-02 1.73194204e-01
 -2.25626224e-01 9.70157330e-02 1.86794976e-01
 2.23598026e-01 1.00522167e-01 1.95927978e-01
 -2.16763974e-01 1.16489095e-01 1.76349141e-01
 2.15152040e-01 1.18589989e-01 1.85301169e-01
 -1.94849168e-01 1.50317198e-01 1.76116321e-01
 1.92609506e-01 1.52384836e-01 1.86781511e-01
 -1.67603531e-01 1.80254843e-01 1.75146389e-01
 1.64707850e-01 1.82111600e-01 1.87902396e-01
 -1.35741818e-01 2.05383357e-01 1.73981787e-01
 1.32204738e-01 2.06910347e-01 1.88043960e-01
 -8.13430606e-02 2.31870492e-01 1.84147762e-01
 -7.52740647e-02 -2.32302533e-01 2.14265732e-01
 8.11643644e-02 -2.30809314e-01 2.05501364e-01
 -1.31285479e-01 -2.06173162e-01 2.10019673e-01
 1.35540602e-01 -2.04254104e-01 1.96327281e-01
 -1.64260791e-01 -1.81061746e-01 2.09190980e-01
 1.67373169e-01 -1.79018178e-01 1.97534080e-01
 -1.92165107e-01 -1.51213794e-01 2.08114519e-01
 1.94787467e-01 -1.48675899e-01 1.98124705e-01
 -2.14405358e-01 -1.17730501e-01 2.06683962e-01
 2.16803854e-01 -1.14253676e-01 1.97674642e-01
 -2.22814984e-01 -9.95087154e-02 2.17311532e-01
 2.25213865e-01 -9.52409083e-02 2.08150038e-01
 -2.37426553e-01 -6.14003785e-02 1.94263496e-01
 2.38320115e-01 -5.57676089e-02 2.03706197e-01
 -2.40877863e-01 -4.22228956e-02 2.07657516e-01
 2.41756468e-01 -3.44553825e-02 2.14164572e-01
 -2.44053752e-01 -2.25536089e-02 1.97144449e-01
 2.44365134e-01 -1.55572554e-02 2.01739313e-01
 -2.44365963e-01 -4.51227546e-03 2.10330633e-01
 2.44247326e-01 5.19222447e-03 2.12275474e-01
 -2.44482394e-01 1.57315134e-02 1.99234457e-01
 2.43875199e-01 2.34488403e-02 1.98999868e-01
 -2.42013939e-01 3.37153858e-02 2.11378159e-01
 2.40618584e-01 4.32022754e-02 2.09237894e-01
 -2.38460223e-01 5.55353320e-02 2.02091671e-01
 2.37132115e-01 6.22474194e-02 1.95699267e-01
 -2.25220759e-01 9.50081026e-02 2.09727016e-01
 2.22341159e-01 1.00377241e-01 2.18681113e-01
 -2.16679184e-01 1.14340189e-01 1.99056582e-01
 2.13926820e-01 1.18449322e-01 2.08042044e-01
 -1.94655051e-01 1.48785202e-01 1.98892616e-01
 1.91570409e-01 1.51845473e-01 2.09523225e-01
 -1.67257422e-01 1.79100481e-01 1.97908700e-01
 1.63549493e-01 1.81608611e-01 2.10519108e-01
 -1.35589941e-01 2.04196630e-01 1.96738321e-01
 1.30899795e-01 2.06371905e-01 2.10747160e-01
 -8.17032103e-02 2.30555363e-01 2.06642867e-01
 7.49630277e-02 2.32231863e-01 2.17215929e-01
 -7.15801918e-02 -2.32326828e-01 2.33256545e-01
 -1.30284306e-01 -2.05317070e-01 2.32238388e-01
 1.34568927e-01 -2.03443711e-01 2.19157614e-01
 -1.63472687e-01 -1.80065617e-01 2.31622856e-01
 1.66528252e-01 -1.78154694e-01 2.20155008e-01
 -1.91466484e-01 -1.50037602e-01 2.30801106e-01
 1.94125838e-01 -1.47543589e-01 2.20764682e-01
 -2.13725812e-01 -1.16287283e-01 2.29732503e-01
 2.16100462e-01 -1.12966875e-01 2.20511891e-01
 -2.22315079e-01 -9.72566386e-02 2.40571678e-01
 2.24357531e-01 -9.39284638e-02 2.31211099e-01
 -2.36124063e-01 -6.17507209e-02 2.16602687e-01
 2.37473012e-01 -5.41486964e-02 2.25370906e-01
 -2.39296779e-01 -4.33853995e-02 2.31681927e-01
 2.40861352e-01 -3.16064809e-02 2.36198484e-01
 -2.42590601e-01 -2.42406098e-02 2.21349115e-01
 2.43255908e-01 -1.26982690e-02 2.25045256e-01
 -2.42890348e-01 -7.50911745e-03 2.34875603e-01
 2.42769961e-01 8.36422631e-03 2.36399767e-01
 -2.43340018e-01 1.30427411e-02 2.23268132e-01
 2.42397879e-01 2.52122182e-02 2.22984618e-01
 -2.40936156e-01 3.17462881e-02 2.34672938e-01
 2.39010118e-01 4.44455148e-02 2.33196352e-01
 -2.38015543e-01 5.23171004e-02 2.23124748e-01
 2.35779615e-01 6.27397227e-02 2.18053940e-01
 2.21791272e-01 9.82290566e-02 2.41981924e-01
 -2.16464471e-01 1.12096028e-01 2.21905522e-01
 2.13158861e-01 1.17151959e-01 2.31127245e-01
 -1.94110918e-01 1.47511853e-01 2.21313242e-01
 1.90764602e-01 1.50793219e-01 2.32216802e-01
 -1.66531791e-01 1.78119192e-01 2.20571408e-01
 1.62660832e-01 1.80687789e-01 2.33011386e-01
 -1.34756214e-01 2.03284789e-01 2.19675264e-01
 1.29529669e-01 2.05708755e-01 2.33443417e-01
 -8.16144539e-02 2.29244988e-01 2.29288955e-01
 7.35821493e-02 2.31386986e-01 2.38184609e-01
 -7.38288407e-02 -2.30392794e-01 2.51983358e-01
 7.68818318e-02 -2.29436908e-01 2.51329407e-01
 -1.30241034e-01 -2.03695087e-01 2.54420177e-01
 1.33037266e-01 -2.02842434e-01 2.41861147e-01
 -1.63120652e-01 -1.78491089e-01 2.54011093e-01
 1.65213280e-01 -1.77550251e-01 2.42668449e-01
 -1.90938478e-01 -1.48424524e-01 2.53382764e-01
 1.92978285e-01 -1.46848776e-01 2.43140638e-01
 -2.13239747e-01 -1.14222503e-01 2.52413892e-01
 2.15406676e-01 -1.11336562e-01 2.43446895e-01
 -2.22051734e-01 -9.42215598e-02 2.62765060e-01
 2.23716989e-01 -9.16225919e-02 2.54747674e-01
 -2.34775004e-01 -6.17516668e-02 2.38912622e-01
 2.36954130e-01 -5.07222755e-02 2.45927117e-01
 -2.36130769e-01 -5.11421102e-02 2.56959257e-01
 2.39600827e-01 -3.00417009e-02 2.58888681e-01
 -2.40596890e-01 -2.86820063e-02 2.46267933e-01
 2.41935870e-01 -1.06578974e-02 2.48305072e-01
 -2.41358231e-01 -9.07210475e-03 2.58113731e-01
 2.41227320e-01 1.00902733e-02 2.59463560e-01
 -2.41979870e-01 1.15147765e-02 2.47003531e-01
 2.40379431e-01 2.97013963e-02 2.47727935e-01
 -2.39530591e-01 3.12332030e-02 2.57669604e-01
 2.35796446e-01 5.22238238e-02 2.58386296e-01
 -2.36871201e-01 5.13635699e-02 2.45074240e-01
 2.34397568e-01 6.28273854e-02 2.40350509e-01
 -2.22819247e-01 9.35049764e-02 2.56387873e-01
 2.21500798e-01 9.52636271e-02 2.64189474e-01
 -2.15286618e-01 1.11488468e-01 2.44033099e-01
 2.12616112e-01 1.15184333e-01 2.53833866e-01
 -1.92938037e-01 1.46851193e-01 2.43627864e-01
 1.90152607e-01 1.49278009e-01 2.54812262e-01
 -1.65322648e-01 1.77408213e-01 2.43138355e-01
 1.62156484e-01 1.79242644e-01 2.55417059e-01
 -1.33375616e-01 2.02573779e-01 2.42481439e-01
 1.29022140e-01 2.04370702e-01 2.55684819e-01
 -7.77016194e-02 2.29068078e-01 2.52674958e-01
 6.93102483e-02 2.31453454e-01 2.56917292e-01
 -7.49407857e-02 -2.28606627e-01 2.71967779e-01
 -1.31032583e-01 -2.01338415e-01 2.76935339e-01
 1.31105479e-01 -2.02347903e-01 2.64323967e-01
 -1.62953218e-01 -1.76537470e-01 2.76573008e-01
 1.63497638e-01 -1.77128677e-01 2.65148183e-01
 -1.90435051e-01 -1.46550386e-01 2.75898372e-01
 1.91202662e-01 -1.46759669e-01 2.65425226e-01
 -2.12776174e-01 -1.11873560e-01 2.74535953e-01
 2.13690391e-01 -1.11493334e-01 2.65500843e-01
 -2.21581132e-01 -9.14795345e-02 2.83783366e-01
 2.20872983e-01 -9.42638680e-02 2.77977504e-01
 -2.34431517e-01 -5.14963178e-02 2.79714423e-01
 2.35588362e-01 -5.02247792e-02 2.67600058e-01
 -2.38874054e-01 -3.05538880e-02 2.68496889e-01
 2.33212669e-01 -5.45713924e-02 2.86603010e-01
 -2.39759556e-01 -9.58411709e-03 2.80671047e-01
 2.37944711e-01 -3.04849007e-02 2.81510242e-01
 -2.40429187e-01 1.10314481e-02 2.70470166e-01
 2.40388337e-01 -9.92399419e-03 2.71734591e-01
 -2.37888860e-01 3.18819343e-02 2.79784125e-01
 2.39619605e-01 1.06530337e-02 2.81963761e-01
 -2.33223657e-01 5.48494883e-02 2.85608864e-01
 2.38637768e-01 3.16321522e-02 2.69857369e-01
 -2.35205069e-01 5.26247729e-02 2.65607917e-01
 2.34082212e-01 5.26104040e-02 2.81074520e-01
 -2.20642411e-01 9.45889360e-02 2.79138062e-01
 2.21013250e-01 9.25706285e-02 2.85204138e-01
 -2.13102301e-01 1.12434278e-01 2.66712160e-01
 2.12116906e-01 1.12900705e-01 2.75967145e-01
 -1.91119990e-01 1.46798251e-01 2.66035834e-01
 1.89589776e-01 1.47474498e-01 2.77330365e-01
 -1.63704826e-01 1.76883332e-01 2.65722729e-01
 1.61893909e-01 1.77376218e-01 2.77936926e-01
 -1.31584451e-01 2.01977544e-01 2.65047099e-01
 1.29513252e-01 2.02234349e-01 2.77923833e-01
 -7.26024376e-02 2.29330976e-01 2.72358655e-01
 7.36286446e-02 2.28810228e-01 2.74946299e-01
 -5.73784258e-02 -2.30962005e-01 3.06314505e-01
 5.24982316e-02 -2.32462381e-01 3.02130983e-01
 -1.31420526e-01 -1.99013330e-01 2.99929603e-01
 1.29123111e-01 -2.01728830e-01 2.86572006e-01
 -1.62675467e-01 -1.74452804e-01 2.99410927e-01
 1.61549527e-01 -1.76714530e-01 2.87714971e-01
 -1.89781211e-01 -1.44622678e-01 2.98459839e-01
 1.89043357e-01 -1.46895779e-01 2.88007177e-01
 -2.11915760e-01 -1.10009974e-01 2.96365563e-01
 2.10797714e-01 -1.13453585e-01 2.88239560e-01
 -2.19858662e-01 -9.11543939e-02 3.06021293e-01
 2.17999229e-01 -9.65781896e-02 3.00639627e-01
 -2.25988818e-01 -7.21643730e-02 3.15502837e-01
 2.23608149e-01 -7.94748720e-02 3.14532359e-01
 -2.37145236e-01 -3.13223016e-02 2.90683814e-01
 2.35560569e-01 -3.65155089e-02 3.01406135e-01
 -2.38037318e-01 -1.11485429e-02 3.02362972e-01
 2.36256335e-01 -2.25688971e-02 3.14289351e-01
 -2.38686932e-01 1.15498129e-02 2.93807063e-01
 2.38635020e-01 -1.05330028e-02 2.95090340e-01
 -2.36261864e-01 2.31015776e-02 3.13602848e-01
 2.37892482e-01 1.21888271e-02 3.03542159e-01
 -2.35605540e-01 3.67383151e-02 3.00408906e-01
 2.36899000e-01 3.24235422e-02 2.91961490e-01
 -2.23739399e-01 7.91475995e-02 3.14359326e-01
 2.25515892e-01 7.32689617e-02 3.16840959e-01
 -2.17982581e-01 9.64517549e-02 3.01481018e-01
 2.19278327e-01 9.22502687e-02 3.07426020e-01
 -2.10613879e-01 1.13618424e-01 2.89348737e-01
 2.11236687e-01 1.11068990e-01 2.97798853e-01
 -1.88983031e-01 1.46864548e-01 2.88894126e-01
 1.88910397e-01 1.45574384e-01 2.99892784e-01
 -1.61881910e-01 1.76337395e-01 2.88427183e-01
 1.61596952e-01 1.75312241e-01 3.00720818e-01
 -1.29749434e-01 2.01255589e-01 2.87368515e-01
 1.30245782e-01 1.99683668e-01 3.00998055e-01
 -5.33318976e-02 2.32121023e-01 3.03988369e-01
 5.64989366e-02 2.30963220e-01 3.08904607e-01
 -6.23577682e-02 -2.27977711e-01 3.25888228e-01
 5.34126192e-02 -2.30313793e-01 3.25027269e-01
 -1.14355196e-01 -2.05884231e-01 3.35489975e-01
 1.09163546e-01 -2.10287852e-01 3.19057590e-01
 -1.62074923e-01 -1.72433516e-01 3.22451175e-01
 1.59546116e-01 -1.76127643e-01 3.10460557e-01
 -1.88840696e-01 -1.42797279e-01 3.21201464e-01
 1.86745754e-01 -1.46893257e-01 3.11086219e-01
 -1.99630879e-01 -1.25579071e-01 3.31721073e-01
 1.97104361e-01 -1.30864420e-01 3.23094927e-01
 -2.18133086e-01 -9.03015165e-02 3.28964763e-01
 2.15493033e-01 -9.73992365e-02 3.24374223e-01
 -2.24108626e-01 -7.13811468e-02 3.38941329e-01
 2.21515668e-01 -7.94068647e-02 3.37647917e-01
 -2.35140611e-01 -3.30466818e-02 3.12840631e-01
 2.32640087e-01 -4.13239450e-02 3.26703450e-01
 -2.35860762e-01 -1.55437574e-02 3.25652970e-01
 2.34469187e-01 -2.10792183e-02 3.36568311e-01
 -2.36952043e-01 4.10261341e-03 3.18419207e-01
 2.36875715e-01 -3.39916425e-03 3.19458740e-01
 -2.34495320e-01 2.13144682e-02 3.36039542e-01
 2.35720648e-01 1.63915212e-02 3.26609686e-01
 -2.32674737e-01 4.13754961e-02 3.26203883e-01
 2.34888903e-01 3.41209246e-02 3.14018716e-01
 -2.21674385e-01 7.89326858e-02 3.37760200e-01
 2.23661656e-01 7.23906941e-02 3.40236903e-01
 -2.15645767e-01 9.69185564e-02 3.25053094e-01
 2.17565682e-01 9.13468911e-02 3.30355925e-01
 -1.97255888e-01 1.30478374e-01 3.24111838e-01
 1.98867914e-01 1.26545383e-01 3.33174764e-01
 -1.86883530e-01 1.46586744e-01 3.12074181e-01
 1.87976322e-01 1.43731401e-01 3.22644245e-01
 -1.59979713e-01 1.75636575e-01 3.11340463e-01
 1.61083333e-01 1.73200569e-01 3.23820770e-01
 -1.10353268e-01 2.09581744e-01 3.19941732e-01
 1.13682381e-01 2.06110136e-01 3.36926125e-01
 -5.45833732e-02 2.29903856e-01 3.26555186e-01
 6.14758959e-02 2.28003877e-01 3.28267455e-01
 -5.71548644e-02 -2.27540334e-01 3.45455904e-01
 5.25156110e-02 -2.28289820e-01 3.49305385e-01
 -1.12937976e-01 -2.04199690e-01 3.58831938e-01
 1.07832058e-01 -2.08710087e-01 3.42049530e-01
 -1.61117391e-01 -1.70514508e-01 3.45624308e-01
 1.57575650e-01 -1.75273445e-01 3.33446352e-01
 -1.87566471e-01 -1.41111706e-01 3.44240065e-01
 1.84592636e-01 -1.46410791e-01 3.34411967e-01
 -1.98110703e-01 -1.24026948e-01 3.54840513e-01
 1.95018434e-01 -1.30213518e-01 3.46693460e-01
 -2.16335894e-01 -8.91348293e-02 3.52222301e-01
 2.13637452e-01 -9.63946986e-02 3.47956875e-01
 -2.22131827e-01 -7.02853133e-02 3.62600569e-01
 2.20780654e-01 -7.55766757e-02 3.58755377e-01
 -2.32777356e-01 -3.53160246e-02 3.36273840e-01
 2.31189546e-01 -3.66344998e-02 3.51211127e-01
 -2.33725436e-01 -1.68955553e-02 3.48413228e-01
 2.32763580e-01 -1.48042347e-02 3.60043717e-01
 -2.34870696e-01 1.68629912e-03 3.42530329e-01
 2.34806331e-01 -1.22598200e-03 3.43266907e-01
 -2.32791885e-01 1.48524932e-02 3.59718985e-01
 2.33610312e-01 1.75407896e-02 3.49137648e-01
 -2.31231460e-01 3.64948054e-02 3.51002281e-01
 2.32544375e-01 3.62294098e-02 3.37296756e-01
 -2.20931702e-01 7.50502311e-02 3.59035734e-01
 2.21738345e-01 7.11353011e-02 3.63799882e-01
 -2.13847263e-01 9.57780817e-02 3.48618537e-01
 2.15801571e-01 9.00875628e-02 3.53585840e-01
 -1.95315268e-01 1.29606763e-01 3.47656278e-01
 1.97380343e-01 1.24924770e-01 3.56310500e-01
 -1.84882914e-01 1.45898229e-01 3.35428953e-01
 1.86738619e-01 1.41980963e-01 3.45719310e-01
 -1.58106913e-01 1.74675275e-01 3.34443385e-01
 1.60211269e-01 1.71177768e-01 3.47114786e-01
 -1.08999070e-01 2.07987803e-01 3.43168709e-01
 1.12421787e-01 2.04293250e-01 3.60569167e-01
 -5.57570621e-02 2.27458272e-01 3.49946509e-01
 5.69964345e-02 2.27358895e-01 3.47778277e-01
 -3.40950442e-02 -2.29447856e-01 3.72907067e-01
 3.24588372e-02 -2.30968395e-01 3.60000977e-01
 -1.10469111e-01 -2.02988093e-01 3.81416954e-01
 1.06321739e-01 -2.07016815e-01 3.65288873e-01
 -1.43975349e-01 -1.80858207e-01 3.80766158e-01
 1.39509084e-01 -1.85999004e-01 3.67512880e-01
 -1.72862163e-01 -1.53627617e-01 3.79836800e-01
 1.68810666e-01 -1.59680833e-01 3.68890490e-01
 -1.96480797e-01 -1.22300712e-01 3.78160907e-01
 1.93298396e-01 -1.28753035e-01 3.70046660e-01
 2.12595152e-01 -9.34839183e-02 3.70169242e-01
 -2.20161496e-01 -6.87276231e-02 3.85859095e-01
 2.19242112e-01 -7.33316889e-02 3.80639051e-01
 -2.24535007e-01 -4.83714487e-02 3.94851966e-01
 2.24160079e-01 -5.26390387e-02 3.89490161e-01
 -2.29449117e-01 -2.81946115e-02 3.80697958e-01
 2.30748680e-01 -1.22666119e-02 3.81672028e-01
 -2.32373172e-01 -7.44654182e-03 3.67636172e-01
 2.32314928e-01 7.78387077e-03 3.68113001e-01
 -2.30751209e-01 1.23043408e-02 3.81628144e-01
 2.29330551e-01 2.86430905e-02 3.81304881e-01
 -2.24239584e-01 5.21641172e-02 3.89780154e-01
 2.24335832e-01 4.89270808e-02 3.95567360e-01
 -2.19401453e-01 7.27111250e-02 3.81074607e-01
 2.19825009e-01 6.94343514e-02 3.86902759e-01
 -2.12820638e-01 9.27972103e-02 3.70860087e-01
 2.13913404e-01 8.86530739e-02 3.76971312e-01
 -1.93674893e-01 1.28017539e-01 3.70978548e-01
 -1.69334356e-01 1.58973378e-01 3.69937568e-01
 1.72056754e-01 1.54276375e-01 3.81477031e-01
 -1.40252244e-01 1.85298903e-01 3.68643925e-01
 1.43221939e-01 1.81211505e-01 3.82620203e-01
 -1.07376000e-01 2.06331181e-01 3.66559368e-01
 1.09981628e-01 2.03014225e-01 3.83443089e-01
 -3.75283214e-02 2.30127708e-01 3.60730110e-01
 3.44194207e-02 2.29150544e-01 3.75347380e-01
 -1.41971990e-01 -1.79378105e-01 4.03335505e-01
 1.37470040e-01 -1.84536725e-01 3.90859708e-01
 -1.71210593e-01 -1.51790359e-01 4.02922162e-01
 1.67011565e-01 -1.58123314e-01 3.92003602e-01
 -1.94885309e-01 -1.20154294e-01 4.01650282e-01
 1.91899591e-01 -1.26594204e-01 3.92906629e-01
 -2.12469757e-01 -8.60164364e-02 3.99155094e-01
 2.11087977e-01 -9.11499620e-02 3.92603038e-01
 -2.18151992e-01 -6.68152560e-02 4.08812031e-01
 2.17527247e-01 -7.09880231e-02 4.02842277e-01
 -2.21985538e-01 -4.80303039e-02 4.17909818e-01
 2.22149027e-01 -5.04716733e-02 4.11872641e-01
 2.25145762e-01 -2.99672007e-02 4.17830096e-01
 -2.29989942e-01 -8.18642934e-03 3.90643191e-01
 2.29959786e-01 8.41652505e-03 3.90848946e-01
 2.24351582e-01 3.00892130e-02 4.24472090e-01
 -2.22217756e-01 4.98827662e-02 4.12426982e-01
 2.21807718e-01 4.86152480e-02 4.18338071e-01
 -2.17692132e-01 7.02625929e-02 4.03451617e-01
 2.17820092e-01 6.75633589e-02 4.09675469e-01
 -2.11340125e-01 9.03594505e-02 3.93355671e-01
 2.12004353e-01 8.68127849e-02 4.00354214e-01
 -1.92323733e-01 1.25771776e-01 3.93813440e-01
 1.94216857e-01 1.20919325e-01 4.03154586e-01
 -1.67580675e-01 1.57357684e-01 3.93045514e-01
 1.70431297e-01 1.52375484e-01 4.04670868e-01
 -1.38215700e-01 1.83825510e-01 3.92012743e-01
 1.41203727e-01 1.79693646e-01 4.05398022e-01
 -8.59490368e-02 -2.07743207e-01 4.37365614e-01
 8.25340832e-02 -2.10978602e-01 4.22869733e-01
 -1.40002420e-01 -1.77720311e-01 4.25484836e-01
 1.35408865e-01 -1.82890215e-01 4.14065320e-01
 -1.69416937e-01 -1.49878173e-01 4.25853627e-01
 1.65232328e-01 -1.56340236e-01 4.14845132e-01
 -1.93135861e-01 -1.17972417e-01 4.24849542e-01
 1.90356184e-01 -1.24362659e-01 4.15662824e-01
 -2.01774293e-01 -9.96527920e-02 4.35549821e-01
 1.99859462e-01 -1.05700727e-01 4.26775308e-01
 -2.16550160e-01 -6.22912530e-02 4.33143802e-01
 2.15670033e-01 -6.83845813e-02 4.25394080e-01
 -2.20470514e-01 -4.05250310e-02 4.42727713e-01
 2.20019789e-01 -4.76618208e-02 4.34873174e-01
 -2.24492096e-01 -1.46271724e-02 4.36153450e-01
 2.22948809e-01 -2.71803300e-02 4.39182482e-01
 -2.23547005e-01 3.02129960e-03 4.47528884e-01
 2.23658484e-01 -3.10631212e-03 4.46627460e-01
 -2.22889963e-01 2.67518506e-02 4.40080417e-01
 2.24536131e-01 1.47031619e-02 4.35749683e-01
 -2.20054070e-01 4.70341776e-02 4.35688276e-01
 2.20374744e-01 4.10501381e-02 4.42716565e-01
 -2.15821421e-01 6.75934782e-02 4.26187900e-01
 2.16260263e-01 6.30195290e-02 4.33775179e-01
 -2.00226514e-01 1.04777649e-01 4.27663578e-01
 2.01240210e-01 1.00358075e-01 4.36910189e-01
 -1.90809020e-01 1.23484279e-01 4.16529901e-01
 1.92492209e-01 1.18678776e-01 4.26372988e-01
 -1.65818792e-01 1.55546937e-01 4.15871152e-01
 1.68619592e-01 1.50450180e-01 4.27685842e-01
 -1.36138647e-01 1.82186813e-01 4.15196461e-01
 1.39134762e-01 1.78065992e-01 4.27720306e-01
 -8.30245276e-02 2.10669431e-01 4.23798808e-01
 8.50580889e-02 2.07782235e-01 4.39848775e-01
 -8.29654088e-02 -2.06017899e-01 4.59101535e-01
 8.01545734e-02 -2.08930462e-01 4.45839946e-01
 -1.38191962e-01 -1.75818517e-01 4.47049885e-01
 1.33164316e-01 -1.81178246e-01 4.37112921e-01
 -1.67841311e-01 -1.47471201e-01 4.48670286e-01
 1.63240851e-01 -1.54556798e-01 4.37532033e-01
 -1.90993523e-01 -1.16081796e-01 4.48044884e-01
 1.88574767e-01 -1.22196199e-01 4.38318031e-01
 -1.99530541e-01 -9.77272987e-02 4.58466338e-01
 1.97844387e-01 -1.03701501e-01 4.49063319e-01
 -2.14335552e-01 -5.99845862e-02 4.55405599e-01
 2.13946410e-01 -6.46790624e-02 4.47992364e-01
 -2.17488136e-01 -4.03107516e-02 4.66029660e-01
 2.17888816e-01 -4.33436737e-02 4.58620706e-01
 -2.21555068e-01 -2.06271226e-02 4.55857753e-01
 2.21185276e-01 -2.16516449e-02 4.57965979e-01
 -2.20896826e-01 -2.43588260e-04 4.68265830e-01
 2.21056195e-01 2.20017497e-04 4.67061138e-01
 -2.21052159e-01 2.14480743e-02 4.59146098e-01
 2.21630205e-01 2.09039273e-02 4.55070930e-01
 -2.17840983e-01 4.28280748e-02 4.59757898e-01
 2.17454256e-01 4.07967230e-02 4.65605794e-01
 -2.14054350e-01 6.38844009e-02 4.48990675e-01
 2.14079470e-01 6.06968093e-02 4.55822740e-01
 -1.98186578e-01 1.02794289e-01 4.49985487e-01
 1.99025466e-01 9.83535464e-02 4.59834173e-01
 -1.89031022e-01 1.21307294e-01 4.39123412e-01
 1.90371099e-01 1.16736665e-01 4.49558333e-01
 -1.63818947e-01 1.53763972e-01 4.38543328e-01
 1.66991050e-01 1.48078254e-01 4.50543574e-01
 -1.33874204e-01 1.80492369e-01 4.38182171e-01
 1.37139492e-01 1.76262690e-01 4.49430631e-01
 -8.07164149e-02 2.08623275e-01 4.46519184e-01
 8.17010589e-02 2.06174656e-01 4.61596714e-01
 -1.00117715e-01 -1.96644517e-01 4.70019589e-01
 7.82731219e-02 -2.06502407e-01 4.68701989e-01
 -1.38554515e-01 -1.72220799e-01 4.67207272e-01
 1.31381931e-01 -1.78840498e-01 4.60519489e-01
 -1.65020973e-01 -1.46003327e-01 4.72459607e-01
 1.60235321e-01 -1.53634687e-01 4.59931317e-01
 -1.88625341e-01 -1.14239486e-01 4.71081217e-01
 1.86172304e-01 -1.20607030e-01 4.61195609e-01
 -1.96941084e-01 -9.60747676e-02 4.81395839e-01
 1.86869046e-01 -1.14005847e-01 4.83034691e-01
 -2.11414729e-01 -5.91701123e-02 4.78376151e-01
 2.11512865e-01 -6.27625129e-02 4.70288360e-01
 2.14709073e-01 -4.33345178e-02 4.82031674e-01
 -2.18642456e-01 -2.00264911e-02 4.78237425e-01
 2.18603353e-01 -2.29254027e-02 4.76437060e-01
 -2.18038200e-01 1.86389417e-03 4.89177131e-01
 2.18252133e-01 -2.15988621e-03 4.87628760e-01
 -2.18448107e-01 2.25688863e-02 4.77846631e-01
 2.18787849e-01 2.01312680e-02 4.77101787e-01
 2.14589855e-01 3.95293741e-02 4.88076172e-01
 -2.11559755e-01 6.19938294e-02 4.71580435e-01
 2.11208972e-01 5.98377305e-02 4.78501648e-01
 -1.87248874e-01 1.13282642e-01 4.83403475e-01
 1.96514788e-01 9.65025429e-02 4.82812115e-01
 -1.86578259e-01 1.19806432e-01 4.61908927e-01
 1.88056771e-01 1.14797803e-01 4.72544413e-01
 -1.60771999e-01 1.52881346e-01 4.60950056e-01
 1.64117655e-01 1.46648227e-01 4.74294682e-01
 -1.32112072e-01 1.78139625e-01 4.61522657e-01
 1.37347160e-01 1.72764360e-01 4.69693616e-01
 -7.90415028e-02 2.06152364e-01 4.69104100e-01
 9.87643596e-02 1.96946085e-01 4.72573625e-01
 -6.29137754e-02 -2.08138396e-01 4.93482156e-01
 5.75413238e-02 -2.08687408e-01 5.00217312e-01
 -1.17619789e-01 -1.80994014e-01 5.04488237e-01
 1.11910783e-01 -1.86287032e-01 4.94338222e-01
 -1.62701981e-01 -1.43831050e-01 4.95430619e-01
 1.59497137e-01 -1.49739009e-01 4.83965510e-01
 -1.73610776e-01 -1.27659599e-01 5.06949319e-01
 1.68635674e-01 -1.35822362e-01 4.99829094e-01
 -1.93974690e-01 -9.46568174e-02 5.04601730e-01
 1.93763635e-01 -9.83763604e-02 4.94413112e-01
 -2.00484377e-01 -7.59237912e-02 5.14456893e-01
 2.00239516e-01 -8.04227946e-02 5.04956816e-01
 -2.11554223e-01 -3.74357918e-02 5.11365187e-01
 2.11281572e-01 -4.34634056e-02 5.05506588e-01
 -2.15732502e-01 -1.80831766e-02 5.00120150e-01
 2.15606914e-01 -2.37127539e-02 4.97214437e-01
 -2.14885394e-01 3.00771542e-03 5.10924582e-01
 2.15163432e-01 -3.78799665e-03 5.08965599e-01
 -2.15436933e-01 2.30414088e-02 4.98895485e-01
 2.15979642e-01 1.79178102e-02 4.98506080e-01
 -2.11179911e-01 4.27485141e-02 5.07158937e-01
 2.11793407e-01 3.74216905e-02 5.09795152e-01
 -2.00326986e-01 7.96697544e-02 5.06309874e-01
 2.00105260e-01 7.59179069e-02 5.16826992e-01
 -1.93968502e-01 9.76872096e-02 4.95313296e-01
 1.93729118e-01 9.46546357e-02 5.06115457e-01
 -1.68892245e-01 1.35240025e-01 5.00968181e-01
 1.72993870e-01 1.28170934e-01 5.08257521e-01
 -1.59961643e-01 1.49024374e-01 4.85040700e-01
 1.61741625e-01 1.44550160e-01 4.97110394e-01
 -1.13031400e-01 1.85449544e-01 4.95296178e-01
 1.15690356e-01 1.81695064e-01 5.07585146e-01
 -5.86100815e-02 2.08161069e-01 5.01738615e-01
 6.07805369e-02 2.08405583e-01 4.95949420e-01
 -6.28398503e-02 -2.04545083e-01 5.17107187e-01
 5.57085133e-02 -2.05881069e-01 5.21682951e-01
 -1.16006964e-01 -1.78024473e-01 5.26873013e-01
 1.09908975e-01 -1.83520989e-01 5.17533961e-01
 -1.46031010e-01 -1.53243874e-01 5.32034404e-01
 1.40830127e-01 -1.60603036e-01 5.19593197e-01
 -1.70782635e-01 -1.25251764e-01 5.31342660e-01
 1.67979686e-01 -1.31755826e-01 5.20357592e-01
 -1.90979488e-01 -9.28109211e-02 5.27833231e-01
 1.89775308e-01 -9.92395792e-02 5.15935843e-01
 -1.97401713e-01 -7.40151927e-02 5.37465806e-01
 1.96559274e-01 -8.05681062e-02 5.27230633e-01
 -2.08374211e-01 -3.58163866e-02 5.33627614e-01
 2.07658224e-01 -4.33780469e-02 5.29096381e-01
 -2.12542882e-01 -1.66352507e-02 5.22284485e-01
 2.12271224e-01 -2.42757187e-02 5.19255523e-01
 2.11748144e-01 -5.03513688e-03 5.31223471e-01
 -2.12079655e-01 2.35470130e-02 5.21041778e-01
 2.12972860e-01 1.55187203e-02 5.20027028e-01
 -2.07475675e-01 4.29595953e-02 5.30785751e-01
 2.09056071e-01 3.43253143e-02 5.30921628e-01
 -1.96502561e-01 8.00632114e-02 5.28797174e-01
 1.97185141e-01 7.29084652e-02 5.41145470e-01
 -1.90018244e-01 9.84841898e-02 5.16820366e-01
 1.90985271e-01 9.22027693e-02 5.29502400e-01
 -1.67670205e-01 1.31860990e-01 5.21527067e-01
 1.70044126e-01 1.26122792e-01 5.31835509e-01
 -1.40892900e-01 1.60221346e-01 5.21203829e-01
 1.43925101e-01 1.54972261e-01 5.33204518e-01
 -1.11378830e-01 1.82404142e-01 5.18821904e-01
 1.13450731e-01 1.78866934e-01 5.31196097e-01
 -5.69893016e-02 2.05149837e-01 5.24073119e-01
 6.00199675e-02 2.05029825e-01 5.19390440e-01
 -4.52501802e-02 -2.03377859e-01 5.52664756e-01
 3.28700558e-02 -2.05695943e-01 5.52937886e-01
 -1.14608816e-01 -1.74728025e-01 5.48962203e-01
 1.08196634e-01 -1.80416440e-01 5.40272852e-01
 -1.40875417e-01 -1.52657385e-01 5.56415106e-01
 1.39860490e-01 -1.56547758e-01 5.43056077e-01
 -1.68000770e-01 -1.22603431e-01 5.54893370e-01
 1.65562678e-01 -1.29047646e-01 5.43113003e-01
 -1.88174091e-01 -8.99562840e-02 5.51338855e-01
 1.86597646e-01 -9.77981604e-02 5.38395634e-01
 -1.94317864e-01 -7.12396686e-02 5.60935089e-01
 1.93001823e-01 -7.96071643e-02 5.50098573e-01
 -1.98963298e-01 -5.28411287e-02 5.67400443e-01
 1.96751735e-01 -6.28860858e-02 5.63334691e-01
 -2.09074899e-01 -1.55020380e-02 5.44755394e-01
 2.08595733e-01 -2.48041790e-02 5.42182273e-01
 -2.07763965e-01 3.81821993e-03 5.55979615e-01
 2.08070628e-01 -5.46347940e-03 5.53921191e-01
 -2.08473900e-01 2.36696130e-02 5.43741248e-01
 2.09546929e-01 1.42023473e-02 5.42415438e-01
 -1.96594922e-01 6.29500172e-02 5.64095863e-01
 1.99516362e-01 5.50241568e-02 5.60936195e-01
 -1.92002325e-01 8.11451714e-02 5.52095565e-01
 1.92614768e-01 7.35965635e-02 5.65446787e-01
 -1.86584582e-01 9.75018284e-02 5.39327257e-01
 1.87614951e-01 9.07875491e-02 5.52206883e-01
 -1.64801569e-01 1.29808357e-01 5.43915638e-01
 1.66377960e-01 1.24838071e-01 5.54744743e-01
 -1.39410005e-01 1.56406763e-01 5.45553655e-01
 1.39712448e-01 1.53573218e-01 5.57074131e-01
 -3.50509086e-02 2.04703249e-01 5.56676500e-01
 4.17065714e-02 2.03611628e-01 5.55739435e-01
 -5.48965521e-03 -2.04263717e-01 5.76142013e-01
 -8.36452950e-02 -1.86867612e-01 5.73884810e-01
 9.01982905e-02 -1.83593337e-01 5.74912692e-01
 -1.37246620e-01 -1.50895951e-01 5.78187506e-01
 1.37916759e-01 -1.53063256e-01 5.66401088e-01
 -1.65175039e-01 -1.19844655e-01 5.77643367e-01
 1.64295226e-01 -1.23997759e-01 5.67544256e-01
 -1.75442004e-01 -1.01150452e-01 5.86361152e-01
 1.75088773e-01 -1.04525210e-01 5.78528048e-01
 -1.92996901e-01 -6.18849204e-02 5.85456649e-01
 1.92238084e-01 -6.40185823e-02 5.85780402e-01
 -2.00387455e-01 -3.69569814e-02 5.79366177e-01
 -2.01079182e-01 -1.77570142e-02 5.89940717e-01
 2.00742023e-01 -2.48993347e-02 5.87641963e-01
 -2.03923759e-01 3.32371239e-03 5.78329745e-01
 2.04231386e-01 -5.17430172e-03 5.76372054e-01
 -2.00823392e-01 2.33458456e-02 5.88217154e-01
 2.01860390e-01 1.58207942e-02 5.86543955e-01
 -1.99619432e-01 4.36564882e-02 5.76141933e-01
 2.01523927e-01 3.56450564e-02 5.74352700e-01
 1.95305341e-01 5.61720839e-02 5.82416315e-01
 -1.75036745e-01 1.03435777e-01 5.81903053e-01
 1.71928723e-01 1.07300336e-01 5.85521099e-01
 -1.65859472e-01 1.21768513e-01 5.67987026e-01
 1.62765378e-01 1.22977380e-01 5.78052302e-01
 -1.37136916e-01 1.53281783e-01 5.68481291e-01
 1.37162569e-01 1.50496213e-01 5.80170226e-01
 -8.47940140e-02 1.85937447e-01 5.76017519e-01
 8.00417448e-02 1.88013020e-01 5.76117307e-01
 2.65570099e-03 2.03605614e-01 5.80175550e-01
 -8.44984003e-02 -1.82317767e-01 5.94915477e-01
 7.49037833e-02 -1.87560157e-01 5.89381243e-01
 -1.17747362e-01 -1.58598918e-01 6.12953119e-01
 1.15051691e-01 -1.63009235e-01 6.02542839e-01
 -1.48597497e-01 -1.30779211e-01 6.10777938e-01
 1.46907222e-01 -1.35574417e-01 6.00504732e-01
 -1.72790285e-01 -9.80016073e-02 6.07147099e-01
 1.71500766e-01 -1.02459347e-01 6.01193440e-01
 -1.89396433e-01 -5.94200270e-02 6.07924742e-01
 1.87862596e-01 -6.48234800e-02 6.06703707e-01
 -1.96020393e-01 -4.05950834e-02 5.99040116e-01
 1.95258248e-01 -4.46550547e-02 5.98400158e-01
 -1.96938601e-01 -1.97550048e-02 6.10900352e-01
 -1.99970661e-01 2.18702142e-03 6.00093041e-01
 2.00294972e-01 -4.27729827e-03 5.98179331e-01
 -1.96883981e-01 2.25016058e-02 6.09660920e-01
 -1.95605761e-01 4.35466945e-02 5.97890938e-01
 1.97390706e-01 3.67413257e-02 5.95812208e-01
 1.90821717e-01 5.71255867e-02 6.04301490e-01
 -1.71357636e-01 1.01836601e-01 6.03534830e-01
 1.76801562e-01 9.38279709e-02 5.99166678e-01
 -1.46913713e-01 1.35281257e-01 6.01536269e-01
 1.47921788e-01 1.30764417e-01 6.13447147e-01
 -1.16713994e-01 1.61811003e-01 6.02595337e-01
 1.17289956e-01 1.59020511e-01 6.12608454e-01
 -8.09481471e-02 1.83477661e-01 5.97104581e-01
 8.33190576e-02 1.82704122e-01 5.95679899e-01
 -6.29416970e-02 -1.83830432e-01 6.29218489e-01
 5.88916133e-02 -1.85833840e-01 6.26068251e-01
 -1.14459908e-01 -1.55413703e-01 6.35553861e-01
 1.14059623e-01 -1.58140567e-01 6.25868929e-01
 -1.44981374e-01 -1.28588605e-01 6.31764510e-01
 1.43766649e-01 -1.32739252e-01 6.22401430e-01
 -1.70528155e-01 -9.40818599e-02 6.26977268e-01
 1.67862743e-01 -1.00060972e-01 6.23665714e-01
 -1.76484311e-01 -7.58398905e-02 6.40020391e-01
 1.74595168e-01 -8.14073213e-02 6.37362184e-01
 -1.91828027e-01 -3.95149618e-02 6.21489897e-01
 1.90973352e-01 -4.43957794e-02 6.20428538e-01
 -1.92489329e-01 -1.98098447e-02 6.33156626e-01
 1.92285045e-01 -2.43589903e-02 6.31609113e-01
 -1.95885082e-01 8.91066407e-04 6.21331041e-01
 1.96166563e-01 -3.80385699e-03 6.19732043e-01
 -1.92773391e-01 2.18258276e-02 6.30708534e-01
 1.93499981e-01 1.73889479e-02 6.29354075e-01
 -1.91567197e-01 4.29003183e-02 6.19181383e-01
 1.93047182e-01 3.76666352e-02 6.17271907e-01
 -1.74651319e-01 8.09548808e-02 6.38037711e-01
 1.76592564e-01 7.91858186e-02 6.33020690e-01
 -1.67639272e-01 9.97538460e-02 6.25412188e-01
 1.70392866e-01 9.76565368e-02 6.18766467e-01
 -1.43471939e-01 1.32721277e-01 6.23549768e-01
 1.43627364e-01 1.28714268e-01 6.36287364e-01
 -1.12822088e-01 1.58807245e-01 6.26756259e-01
 1.14900041e-01 1.55468722e-01 6.34066098e-01
 -5.84831411e-02 1.84994836e-01 6.30639857e-01
 6.16858971e-02 1.83868236e-01 6.31029007e-01
 -6.15528409e-02 -1.79454610e-01 6.51242756e-01
 6.06073094e-02 -1.80649074e-01 6.47366304e-01
 -1.12833996e-01 -1.50291084e-01 6.59467846e-01
 1.13548526e-01 -1.52457484e-01 6.49473395e-01
 -1.39695720e-01 -1.27784908e-01 6.53068598e-01
 1.41499167e-01 -1.28329716e-01 6.45098519e-01
 -1.64782843e-01 -9.65245546e-02 6.45348354e-01
 1.63697949e-01 -9.78935555e-02 6.46465748e-01
 -1.69884976e-01 -8.01968273e-02 6.59788986e-01
 1.68378502e-01 -8.30361731e-02 6.60347837e-01
 -1.86942126e-01 -3.94595097e-02 6.44926294e-01
 1.86257145e-01 -4.39205097e-02 6.43481736e-01
 -1.87735882e-01 -1.99867240e-02 6.55509543e-01
 1.87697803e-01 -2.40045835e-02 6.53523885e-01
 -1.91507258e-01 6.58733955e-04 6.42800914e-01
 1.91883483e-01 -3.41284271e-03 6.40863268e-01
 -1.88377155e-01 2.20599882e-02 6.51489780e-01
 1.89033751e-01 1.85522718e-02 6.50194833e-01
 -1.87146641e-01 4.27384825e-02 6.40619513e-01
 1.88473581e-01 3.88455239e-02 6.38357424e-01
 -1.68867540e-01 8.17372408e-02 6.60942423e-01
 1.71434830e-01 7.93648360e-02 6.54966915e-01
 -1.63597855e-01 9.74541323e-02 6.47931761e-01
 1.65351520e-01 9.73136039e-02 6.41111136e-01
 -1.40770128e-01 1.28898121e-01 6.45836888e-01
 1.37614588e-01 1.27885054e-01 6.59789922e-01
 -1.13290317e-01 1.52125849e-01 6.51436131e-01
 1.11295856e-01 1.52331072e-01 6.56152591e-01
 -5.88056046e-02 1.79931187e-01 6.53197694e-01
 6.19796010e-02 1.78973066e-01 6.52713662e-01
 -3.86539638e-02 -1.78254321e-01 6.83886560e-01
 2.31258908e-02 -1.78400736e-01 6.94416669e-01
 -7.71434061e-02 -1.65165472e-01 6.84330881e-01
 7.99153339e-02 -1.65484614e-01 6.77978370e-01
 -1.44586728e-01 -1.16655107e-01 6.69164219e-01
 1.41478251e-01 -1.20640427e-01 6.68488710e-01
 -1.47928112e-01 -1.05114191e-01 6.87817468e-01
 1.43108840e-01 -1.11543717e-01 6.87928942e-01
 -1.72882670e-01 -6.43163721e-02 6.74981661e-01
 1.74362205e-01 -6.37733681e-02 6.69696193e-01
 -1.74682139e-01 -4.97047415e-02 6.87204505e-01
 1.71905175e-01 -5.77821175e-02 6.88300745e-01
 -1.83206265e-01 -1.71116032e-02 6.76966030e-01
 1.83251786e-01 -2.18496493e-02 6.74583211e-01
 -1.86961634e-01 1.63639628e-03 6.63839762e-01
 1.87521506e-01 -2.02140722e-03 6.61291180e-01
 -1.83653353e-01 2.30043611e-02 6.72217589e-01
 1.84272893e-01 2.03652003e-02 6.70865601e-01
 -1.70022532e-01 5.81637470e-02 6.95233519e-01
 1.78423980e-01 4.15897986e-02 6.80414091e-01
 -1.74315022e-01 6.20944971e-02 6.72411592e-01
 1.75824268e-01 6.06909087e-02 6.68161343e-01
 -1.42864090e-01 1.11841969e-01 6.87968124e-01
 1.54202613e-01 9.62739391e-02 6.86474110e-01
 -1.41156637e-01 1.20833937e-01 6.69017091e-01
 1.46580363e-01 1.12711442e-01 6.73027348e-01
 -7.96414165e-02 1.64202230e-01 6.83460677e-01
 8.02294043e-02 1.63773312e-01 6.84006772e-01
 -2.29301541e-02 1.77485244e-01 6.98263351e-01
 3.83384822e-02 1.76131786e-01 6.92910295e-01
 -9.32156254e-02 -1.53807737e-01 6.94596984e-01
 7.98911646e-02 -1.59504171e-01 7.00580999e-01
 -1.20561658e-01 -1.31216014e-01 7.01396209e-01
 1.13239992e-01 -1.39577502e-01 6.95066742e-01
 -1.44927873e-01 -9.92489128e-02 7.11568558e-01
 1.41406866e-01 -1.04800380e-01 7.10166345e-01
 -1.65523426e-01 -6.75219610e-02 6.99060133e-01
 1.62375821e-01 -7.19470673e-02 7.03792561e-01
 -1.70292745e-01 -4.63425827e-02 7.08268662e-01
 1.68732150e-01 -5.06937708e-02 7.09474623e-01
 -1.73104774e-01 -2.46920206e-02 7.14703633e-01
 1.72601581e-01 -2.99115303e-02 7.13459555e-01
 -1.76074447e-01 1.31755679e-02 7.07946055e-01
 1.74032200e-01 -7.29737191e-03 7.17323613e-01
 -1.71787114e-01 3.91861398e-02 7.09407221e-01
 1.73673445e-01 1.89245450e-02 7.15311672e-01
 -1.63590702e-01 5.96858557e-02 7.17503614e-01
 1.73202628e-01 4.01230038e-02 7.03033734e-01
 -1.60959515e-01 7.54955418e-02 7.03050502e-01
 1.70560861e-01 6.00720874e-02 6.90511361e-01
 -1.42193792e-01 1.03864359e-01 7.09852369e-01
 1.48257192e-01 9.54430755e-02 7.08919879e-01
 -1.13583936e-01 1.38124361e-01 6.98803401e-01
 1.23831524e-01 1.27417771e-01 7.03482750e-01
 -8.01084880e-02 1.58015857e-01 7.05562540e-01
 9.42285120e-02 1.52494281e-01 6.97039678e-01
 -7.11873467e-02 -1.54496699e-01 7.32810183e-01
 6.17902222e-02 -1.63743043e-01 7.14089336e-01
 -1.19194176e-01 -1.24986922e-01 7.23005483e-01
 1.13241505e-01 -1.32657380e-01 7.16417945e-01
 -1.41437730e-01 -9.42239506e-02 7.33400338e-01
 1.39756944e-01 -9.74497800e-02 7.31809515e-01
 -1.50283788e-01 -7.53147578e-02 7.40189298e-01
 1.49504116e-01 -7.70851714e-02 7.39799197e-01
 -1.66195044e-01 -4.00055047e-02 7.29699203e-01
 1.65003098e-01 -4.29147548e-02 7.31380514e-01
 -1.72985703e-01 -2.11919603e-03 7.21902961e-01
 1.68371352e-01 -2.04020531e-02 7.34682376e-01
 -1.67606571e-01 6.01473635e-03 7.41586415e-01
 1.69624885e-01 2.79320080e-03 7.34516368e-01
 -1.70396530e-01 2.26465069e-02 7.26109560e-01
 1.67888712e-01 2.30433644e-02 7.35199925e-01
 -1.64651967e-01 4.35896957e-02 7.32007740e-01
 1.67608431e-01 4.09702558e-02 7.23645159e-01
 -1.44956073e-01 8.32504113e-02 7.43582119e-01
 1.49039295e-01 7.52121602e-02 7.44370461e-01
 1.42437188e-01 9.39369825e-02 7.30890197e-01
 -1.14262047e-01 1.30262926e-01 7.20841695e-01
 1.17802061e-01 1.25401509e-01 7.25503118e-01
 -6.25558341e-02 1.61818722e-01 7.20016766e-01
 6.64901218e-02 1.58132529e-01 7.27441597e-01
 -3.59256233e-02 -1.55794537e-01 7.68764786e-01
 4.32023314e-02 -1.59641337e-01 7.49914630e-01
 -1.23391297e-01 -1.02130516e-01 7.67791550e-01
 1.22254346e-01 -1.03825869e-01 7.67063146e-01
 -1.46326187e-01 -6.98269692e-02 7.61187327e-01
 1.44390494e-01 -7.40477235e-02 7.60719296e-01
 -1.53325316e-01 -4.97748275e-02 7.64343980e-01
 1.49317162e-01 -5.64164466e-02 7.69640165e-01
 -1.68270235e-01 -1.77409066e-02 7.36156824e-01
 1.61809644e-01 -3.19609489e-02 7.51490963e-01
 -1.63208817e-01 -1.04088372e-02 7.56355293e-01
 1.64127223e-01 -6.98843923e-03 7.53800509e-01
 -1.63635846e-01 2.74538736e-02 7.48006823e-01
 1.63321833e-01 1.51852128e-02 7.54670028e-01
 -1.49047296e-01 5.19719078e-02 7.75462423e-01
 1.53634390e-01 5.54137029e-02 7.57108595e-01
 -1.47816366e-01 6.78719645e-02 7.59407810e-01
 1.43567545e-01 7.19473490e-02 7.66414854e-01
 -1.21487031e-01 1.05546576e-01 7.65254098e-01
 1.22590183e-01 1.06371446e-01 7.60597713e-01
 -9.90653205e-02 1.31675233e-01 7.52039779e-01
 9.39020576e-02 1.34235915e-01 7.55387760e-01
 -3.78936762e-02 1.60412192e-01 7.51872669e-01
 3.66682917e-02 1.53220617e-01 7.76442478e-01
 4.46597569e-03 -1.58541418e-01 7.72991292e-01
 -9.30850837e-02 -1.25149506e-01 7.81514605e-01
 9.34582915e-02 -1.26945156e-01 7.76149781e-01
 -1.21673238e-01 -9.36894272e-02 7.89105555e-01
 1.16535189e-01 -9.92844022e-02 7.90566394e-01
 -1.42813027e-01 -6.10691204e-02 7.83582077e-01
 1.38832708e-01 -6.94892705e-02 7.83803813e-01
 -1.49607687e-01 -4.17453790e-02 7.83580692e-01
 1.45155341e-01 -4.84825930e-02 7.90740641e-01
 -1.50702539e-01 -2.24910970e-02 7.92797108e-01
 1.50418937e-01 -2.89156632e-02 7.90322334e-01
 -1.56835311e-01 -5.74596786e-03 7.78405757e-01
 1.53825583e-01 -7.57388250e-03 7.87709410e-01
 -1.54013780e-01 1.48941310e-02 7.85447339e-01
 1.51529763e-01 2.79626408e-02 7.87470491e-01
 -1.48594885e-01 3.54949576e-02 7.91552599e-01
 1.48797509e-01 5.03672171e-02 7.77920165e-01
 -1.38934985e-01 7.17381891e-02 7.80264062e-01
 1.38414076e-01 6.76173320e-02 7.87598730e-01
 -1.11928192e-01 1.06319004e-01 7.86571311e-01
 1.17021331e-01 1.03039916e-01 7.81678490e-01
 -8.78184908e-02 1.33286981e-01 7.69649695e-01
 8.75643776e-02 1.30607697e-01 7.77422993e-01
 -5.80507816e-02 -1.40226634e-01 7.94648563e-01
 6.07095670e-02 -1.35531093e-01 8.04444856e-01
 -9.51843323e-02 -1.05311822e-01 8.23158974e-01
 9.32250043e-02 -1.08137286e-01 8.20882249e-01
 -1.21894956e-01 -8.12294261e-02 8.10367380e-01
 1.20881725e-01 -7.79011567e-02 8.17988383e-01
 -1.42626224e-01 -4.31255584e-02 8.02974426e-01
 1.41166986e-01 -3.78541978e-02 8.11309792e-01
 -1.43451614e-01 -2.35428433e-02 8.13559199e-01
 1.46791898e-01 -1.48155213e-02 8.07293535e-01
 -1.49782130e-01 -2.90145709e-03 8.00569262e-01
 1.50284344e-01 8.93614995e-03 7.98346415e-01
 -1.46523828e-01 1.81133054e-02 8.06996715e-01
 1.44099242e-01 2.69194602e-02 8.10044992e-01
 -1.40332674e-01 3.86806612e-02 8.13000390e-01
 1.42994030e-01 4.65199951e-02 7.98885668e-01
 -1.19493735e-01 7.75102597e-02 8.21836614e-01
 1.20893960e-01 8.00237930e-02 8.14674349e-01
 -1.00360103e-01 1.08469458e-01 8.06595611e-01
 9.36965676e-02 1.12848273e-01 8.09802648e-01
 -6.27167148e-02 1.33873853e-01 8.06418821e-01
 6.18648795e-02 1.34170544e-01 8.06682570e-01
 -4.14339276e-02 -1.32877942e-01 8.30679130e-01
 3.81068149e-02 -1.31099715e-01 8.37718757e-01
 -9.62829869e-02 -9.41123084e-02 8.42591443e-01
 9.00085821e-02 -1.00373488e-01 8.42127503e-01
 -1.24180857e-01 -6.58890433e-02 8.26924810e-01
 1.15244510e-01 -7.29200443e-02 8.38106765e-01
 -1.22496668e-01 -5.37032184e-02 8.44848841e-01
 1.23717360e-01 -5.43154487e-02 8.41369539e-01
 -1.36927250e-01 -1.94648526e-02 8.33038791e-01
 1.39697554e-01 -1.68050109e-02 8.26580774e-01
 -1.42765076e-01 -9.26019070e-04 8.20900274e-01
 1.43384385e-01 4.91861542e-03 8.18943509e-01
 -1.38661969e-01 2.04245195e-02 8.28065243e-01
 1.36998085e-01 2.31379579e-02 8.31348001e-01
 -1.21581515e-01 6.14634804e-02 8.38477056e-01
 1.18304610e-01 5.40752845e-02 8.53978534e-01
 -1.08582377e-01 8.00134528e-02 8.41976496e-01
 1.24581999e-01 6.13785974e-02 8.31500320e-01
 -8.79986915e-02 1.10113231e-01 8.25894557e-01
 8.94921608e-02 1.07074810e-01 8.29710316e-01
 -3.44410841e-02 1.31109052e-01 8.40231360e-01
 4.04061481e-02 1.29287769e-01 8.40495904e-01
 -6.32123578e-02 -1.12793769e-01 8.55867549e-01
 7.08544972e-02 -1.08502568e-01 8.55166950e-01
 -9.77165333e-02 -8.17051790e-02 8.60472474e-01
 8.76042774e-02 -8.20372176e-02 8.77227100e-01
 -1.19951440e-01 -3.73267310e-02 8.64577753e-01
 1.23666456e-01 -3.93814762e-02 8.54688494e-01
 -1.19979417e-01 -1.59150092e-02 8.75001279e-01
 1.21631263e-01 -2.35134792e-02 8.68589905e-01
 -1.26280651e-01 4.65736350e-03 8.62847096e-01
 1.27390846e-01 -2.37666604e-03 8.60381242e-01
 -1.20784940e-01 2.70267702e-02 8.68844038e-01
 1.21324219e-01 1.39386353e-02 8.72570656e-01
 -1.22101611e-01 4.45692970e-02 8.54211575e-01
 1.18540913e-01 3.83876529e-02 8.66943946e-01
 -8.38542985e-02 8.37370871e-02 8.80514662e-01
 9.84607689e-02 7.92034303e-02 8.62854505e-01
 -6.03552949e-02 1.11323689e-01 8.62223534e-01
 6.43529621e-02 1.08442472e-01 8.63472078e-01
 -4.79397829e-02 -1.02762201e-01 8.91217502e-01
 3.41673706e-02 -1.13295892e-01 8.80878604e-01
 -9.70710188e-02 -6.98729878e-02 8.78135014e-01
 1.01144501e-01 -6.62260012e-02 8.75296336e-01
 -9.74655003e-02 -5.46239845e-02 8.94577139e-01
 8.81616909e-02 -6.83248743e-02 8.94957502e-01
 1.11109881e-01 -2.89971064e-02 8.88268812e-01
 -1.17606436e-01 8.55325670e-03 8.81776735e-01
 1.17782035e-01 -7.24347233e-03 8.81589517e-01
 1.11469307e-01 8.39885603e-03 8.94464352e-01
 -8.68830130e-02 6.76908651e-02 8.97724905e-01
 9.29866708e-02 6.29010018e-02 8.93505755e-01
 -9.91593946e-02 6.66348251e-02 8.78428491e-01
 -3.32737240e-02 1.06869305e-01 8.94175854e-01
 3.92529125e-02 1.03677564e-01 8.96305878e-01
 -6.74819602e-02 -7.65379908e-02 9.12913782e-01
 5.95989212e-02 -8.43188865e-02 9.10721924e-01
 -9.58363417e-02 -4.11473316e-02 9.08822549e-01
 8.88645191e-02 -5.16889147e-02 9.11538981e-01
 -9.25214036e-02 -2.39344008e-02 9.24052410e-01
 9.58220610e-02 -1.43892956e-02 9.21834609e-01
 -1.00908087e-01 -4.30764830e-03 9.14760027e-01
 1.01004582e-01 6.43186939e-03 9.14389945e-01
 -9.50334032e-02 1.48195142e-02 9.23031127e-01
 9.25268949e-02 2.54650173e-02 9.23388686e-01
 -8.77304798e-02 5.07547911e-02 9.14132745e-01
 9.38333872e-02 4.54310183e-02 9.08901925e-01
 -5.75496942e-02 8.17133205e-02 9.16611796e-01
 6.39221441e-02 7.72917517e-02 9.15991690e-01
 -1.52597266e-02 -7.01503213e-02 9.57882909e-01
 5.31251357e-03 -9.08012951e-02 9.31467886e-01
 -6.80778312e-02 -4.46505301e-02 9.45489301e-01
 5.95462385e-02 -5.39242794e-02 9.46966160e-01
 -8.01030513e-02 -2.50982078e-02 9.41944487e-01
 7.31434865e-02 -3.58833947e-02 9.45410374e-01
 -8.21246954e-02 1.47721298e-02 9.42655453e-01
 8.31869653e-02 -1.59815719e-02 9.40847683e-01
 -7.15281249e-02 3.30569658e-02 9.49029905e-01
 8.03591893e-02 2.36416709e-02 9.42198309e-01
 -5.85695050e-02 4.94782296e-02 9.51812333e-01
 6.85500020e-02 4.14255874e-02 9.47290533e-01
 -2.44639996e-02 7.50011141e-02 9.48906713e-01
 1.49008251e-02 7.87133177e-02 9.47268307e-01
 -1.50534298e-02 -3.42433317e-02 9.88744457e-01
 3.96903242e-03 -6.22017164e-02 9.68424440e-01
 -5.07952217e-02 -2.65207586e-02 9.73379252e-01
 3.93430682e-02 -3.63558422e-02 9.76774893e-01
 -5.10579452e-02 1.36057349e-02 9.77410172e-01
 -3.47179044e-02 2.86891143e-02 9.83640191e-01
 4.95403697e-02 1.97917122e-02 9.76968657e-01
 -1.93467615e-03 5.29764082e-02 9.77260913e-01
 1.91024341e-02 4.96056272e-02 9.77135322e-01
 -2.10037660e-03 -1.75600255e-03 9.99940583e-01
 1.15431367e-02 -5.81732293e-02 -9.71455100e-01
 -2.72682606e-02 -4.93234524e-02 -9.74259577e-01
 2.67098719e-02 -4.34509139e-02 -9.78969167e-01
 5.19083667e-02 -7.93695534e-03 -9.77692925e-01
 -3.12143284e-02 3.67215815e-02 -9.81243330e-01
 2.60000799e-02 4.47920751e-02 -9.78307403e-01
 1.42250262e-02 -8.38659036e-02 -9.40334296e-01
 -4.39516374e-02 -6.60944420e-02 -9.48260905e-01
 -2.39192994e-02 -7.91771448e-02 -9.43686200e-01
 3.47911681e-02 -7.39658918e-02 -9.45039875e-01
 5.12153340e-02 -5.97431218e-02 -9.49171433e-01
 -8.14604127e-02 -1.28687806e-02 -9.44023139e-01
 8.34358930e-02 -4.57730338e-03 -9.42487238e-01
 -7.77466554e-02 2.45727934e-02 -9.45319187e-01
 7.39751627e-02 1.40133118e-02 -9.53573927e-01
 -4.87469783e-02 5.77479340e-02 -9.53218226e-01
 -3.01743941e-02 7.03403746e-02 -9.51982238e-01
 2.88728218e-02 7.54917532e-02 -9.46298021e-01
 4.71388145e-02 6.41024728e-02 -9.47999556e-01
 -8.49363982e-03 9.22599493e-02 -9.28793523e-01
 -4.25854686e-02 -9.25252052e-02 -9.13241973e-01
 -2.41571516e-02 -9.19640216e-02 -9.24849604e-01
 -7.56494754e-03 -1.00901704e-01 -9.14432914e-01
 1.24443752e-02 -9.62693570e-02 -9.21541801e-01
 5.03269732e-02 -8.89952414e-02 -9.12553713e-01
 -7.55550937e-02 -6.62902841e-02 -9.15616790e-01
 8.23840991e-02 -5.67634432e-02 -9.16435454e-01
 -7.78578705e-02 6.14583196e-02 -9.17920581e-01
 7.99012701e-02 6.49323270e-02 -9.11260047e-01
 -4.51428881e-02 8.76934511e-02 -9.18887049e-01
 -2.48047055e-02 9.77510212e-02 -9.15026309e-01
 1.07854142e-02 9.74318618e-02 -9.19920272e-01
 2.90483080e-02 8.84732897e-02 -9.28041391e-01
 4.56190039e-02 9.23701254e-02 -9.11146746e-01
 -1.05310275e-02 -1.11679725e-01 -8.93682933e-01
 7.63431709e-03 -1.17909100e-01 -8.81264903e-01
 2.85428122e-02 -1.11390057e-01 -8.87942749e-01
 -6.83212888e-02 -9.63380436e-02 -8.81374043e-01
 -5.17113648e-02 -9.85747133e-02 -8.95401722e-01
 6.65861893e-02 -8.83613486e-02 -8.96737557e-01
 6.48589777e-02 -1.01000105e-01 -8.77198920e-01
 -1.01300659e-01 -4.74219450e-02 -8.94332532e-01
 1.08030640e-01 -3.42486039e-02 -8.91349554e-01
 -1.12988522e-01 3.14514634e-02 -8.83126095e-01
 1.07047304e-01 4.48722454e-02 -8.85685348e-01
 -5.84077035e-02 1.01345768e-01 -8.83788725e-01
 -6.15258886e-02 8.94482417e-02 -9.00787849e-01
 5.85528075e-02 9.46140581e-02 -8.95498270e-01
 7.22075817e-02 9.57787529e-02 -8.77383246e-01
 -2.02448191e-02 1.09510855e-01 -8.95299865e-01
 -1.76045489e-03 1.16105377e-01 -8.85586987e-01
 1.43085656e-02 1.09540670e-01 -8.97072580e-01
 -1.43384486e-02 -1.20732450e-01 -8.73779404e-01
 4.58625272e-03 -1.27013184e-01 -8.61131186e-01
 2.60064340e-02 -1.21564053e-01 -8.67602837e-01
 -8.36637452e-02 -9.26658502e-02 -8.66380960e-01
 8.16364374e-02 -8.64184744e-02 -8.79703801e-01
 -1.12680826e-01 -6.08597441e-02 -8.58828899e-01
 1.09896145e-01 -6.30429105e-02 -8.62076565e-01
 -1.06670636e-01 7.05395560e-02 -8.59261293e-01
 1.13306183e-01 6.63294253e-02 -8.50996486e-01
 -7.73522902e-02 9.01923957e-02 -8.79836442e-01
 8.31374473e-02 9.76707754e-02 -8.58357987e-01
 -3.40402875e-02 1.24603943e-01 -8.56179414e-01
 -2.07826943e-02 1.20166779e-01 -8.72954438e-01
 1.04514940e-03 1.24807795e-01 -8.66459349e-01
 2.16792187e-02 1.17893309e-01 -8.77553288e-01
 4.14699689e-02 1.18233781e-01 -8.65342253e-01
 -1.88244961e-02 -1.37637472e-01 -8.31400007e-01
 1.05821895e-04 -1.43172863e-01 -8.19771425e-01
 2.14996768e-02 -1.39036774e-01 -8.26622963e-01
 -5.76022171e-02 -1.26988639e-01 -8.29996882e-01
 -5.35542472e-02 -1.19504013e-01 -8.51829147e-01
 6.16972166e-02 -1.22203593e-01 -8.36753688e-01
 7.98919778e-02 -1.09314757e-01 -8.40643725e-01
 -1.02785799e-01 -9.02726919e-02 -8.37004056e-01
 1.10365443e-01 -8.69146155e-02 -8.27191562e-01
 1.28051449e-01 -3.17340179e-02 -8.49431275e-01
 1.33676051e-01 4.28742488e-02 -8.27454599e-01
 -1.00618488e-01 8.80103040e-02 -8.45034191e-01
 9.51398654e-02 9.73604245e-02 -8.38755437e-01
 -7.26954226e-02 1.13798241e-01 -8.41573789e-01
 -5.47722065e-02 1.20482973e-01 -8.48376594e-01
 5.66247654e-02 1.21798078e-01 -8.43411470e-01
 6.79517368e-02 1.24164814e-01 -8.24288362e-01
 -1.82808770e-02 1.37840261e-01 -8.31056414e-01
 2.58012420e-03 1.41123909e-01 -8.25372043e-01
 2.34848643e-02 1.35989860e-01 -8.33837197e-01
 -4.26843897e-02 -1.44037900e-01 -7.99311482e-01
 -2.15592168e-02 -1.44881123e-01 -8.10379790e-01
 -2.42247090e-03 -1.50225506e-01 -7.99264440e-01
 1.90390684e-02 -1.46758541e-01 -8.05972674e-01
 3.99726370e-02 -1.40612277e-01 -8.11225530e-01
 -7.72473328e-02 -1.21838741e-01 -8.16707750e-01
 7.81510300e-02 -1.19770876e-01 -8.20218603e-01
 -1.06144664e-01 -9.73258488e-02 -8.17420753e-01
 1.09069242e-01 -9.92401054e-02 -8.07518213e-01
 -1.40645078e-01 -5.71251872e-02 -7.94538601e-01
 1.33922459e-01 -5.94556846e-02 -8.10233055e-01
 -1.34550063e-01 6.04496047e-02 -8.07387673e-01
 1.42404787e-01 5.66253410e-02 -7.90083497e-01
 -1.07884341e-01 9.20870907e-02 -8.23465788e-01
 1.06464833e-01 9.62821252e-02 -8.18731173e-01
 -7.78466902e-02 1.19631588e-01 -8.21006441e-01
 8.18023799e-02 1.23630702e-01 -8.05221660e-01
 -3.90406258e-02 1.39563164e-01 -8.14842233e-01
 -1.75606150e-02 1.45145498e-01 -8.11166657e-01
 4.68280709e-03 1.47703743e-01 -8.06590152e-01
 2.47350824e-02 1.43062325e-01 -8.14089911e-01
 4.10356314e-02 1.43318611e-01 -8.02754225e-01
 -6.25838470e-02 -1.40930247e-01 -7.87116010e-01
 -4.48130865e-02 -1.50688800e-01 -7.77531720e-01
 -2.42736270e-02 -1.51566071e-01 -7.89314310e-01
 1.65531086e-02 -1.53941745e-01 -7.85141845e-01
 3.71234023e-02 -1.48598181e-01 -7.90346608e-01
 7.37381196e-02 -1.38911559e-01 -7.77342295e-01
 -1.10484469e-01 -1.07672028e-01 -7.86892245e-01
 1.07344502e-01 -1.10548006e-01 -7.87465273e-01
 -1.27620645e-01 -8.87613363e-02 -7.83167348e-01
 1.35059508e-01 -8.27310674e-02 -7.73713501e-01
 -1.26741312e-01 9.26084030e-02 -7.78309743e-01
 1.28341525e-01 9.10279394e-02 -7.77096271e-01
 -9.91702577e-02 1.15807433e-01 -7.92504330e-01
 9.50406122e-02 1.22093603e-01 -7.85472964e-01
 -6.93749312e-02 1.37642588e-01 -7.87316374e-01
 -4.85999983e-02 1.43985026e-01 -7.94041885e-01
 -2.88279953e-02 1.49511802e-01 -7.93122638e-01
 -6.97814968e-03 1.52855770e-01 -7.90811882e-01
 1.87472156e-02 1.51655366e-01 -7.91446604e-01
 3.82530635e-02 1.50705584e-01 -7.83066649e-01
 5.76809580e-02 1.43662304e-01 -7.85204264e-01
 -2.27522768e-02 -1.65404914e-01 -7.44296468e-01
 -8.61287247e-03 -1.62539785e-01 -7.59017144e-01
 2.73637197e-02 -1.63652102e-01 -7.48002750e-01
 -7.93982434e-02 -1.37164860e-01 -7.73374593e-01
 -6.20161980e-02 -1.48846317e-01 -7.64186452e-01
 5.36606085e-02 -1.48999758e-01 -7.73766489e-01
 6.78996130e-02 -1.48543795e-01 -7.57093621e-01
 -1.09775815e-01 -1.17733903e-01 -7.65120139e-01
 1.07322141e-01 -1.19282367e-01 -7.66850269e-01
 1.34031335e-01 -9.39109596e-02 -7.55951083e-01
 -1.56502622e-01 -3.43047115e-02 -7.67647474e-01
 1.61473423e-01 -3.57979992e-02 -7.49878653e-01
 -1.59296795e-01 4.18004986e-02 -7.52354060e-01
 1.57674640e-01 3.18452795e-02 -7.65502499e-01
 1.37878931e-01 8.83250275e-02 -7.55652040e-01
 -1.03806016e-01 1.21425978e-01 -7.69208387e-01
 1.06421358e-01 1.20654973e-01 -7.65421936e-01
 -7.49472959e-02 1.43029899e-01 -7.63417577e-01
 -5.76758441e-02 1.47910083e-01 -7.72488542e-01
 5.00276610e-02 1.53290216e-01 -7.64192552e-01
 6.86734868e-02 1.45568801e-01 -7.65179452e-01
 -3.46324730e-02 1.60540589e-01 -7.53947954e-01
 -1.02145837e-02 1.64005049e-01 -7.53636998e-01
 1.14332322e-02 1.63885850e-01 -7.53771831e-01
 -4.45203822e-02 -1.64256383e-01 -7.32533381e-01
 -2.73164943e-02 -1.70313532e-01 -7.23847007e-01
 4.12350507e-03 -1.66926721e-01 -7.44241895e-01
 1.85211905e-02 -1.70354326e-01 -7.28136338e-01
 4.12783572e-02 -1.65611959e-01 -7.30685299e-01
 -9.63230446e-02 -1.39165033e-01 -7.35989195e-01
 -7.96199424e-02 -1.44751030e-01 -7.50550214e-01
 7.96719063e-02 -1.47353912e-01 -7.42312628e-01
 9.74877985e-02 -1.38263003e-01 -7.36255617e-01
 -1.26173820e-01 -1.15928230e-01 -7.28185200e-01
 1.31528008e-01 -1.11937620e-01 -7.22998159e-01
 -1.58459701e-01 -6.36870042e-02 -7.30309782e-01
 1.63201970e-01 -6.01298287e-02 -7.18326433e-01
 -1.63653518e-01 6.00792738e-02 -7.16748670e-01
 1.59569183e-01 6.27645153e-02 -7.27717782e-01
 -1.32590774e-01 1.12604119e-01 -7.18220435e-01
 1.27089749e-01 1.16274347e-01 -7.24745616e-01
 -9.82194548e-02 1.38640680e-01 -7.33558330e-01
 -7.83222841e-02 1.48179071e-01 -7.41982407e-01
 7.95222997e-02 1.45892875e-01 -7.47170831e-01
 -4.53686112e-02 1.63790529e-01 -7.33369120e-01
 -2.34183339e-02 1.67474977e-01 -7.36518856e-01
 1.17898354e-03 1.70006482e-01 -7.33173343e-01
 2.25360158e-02 1.67397621e-01 -7.37240386e-01
 4.33395953e-02 1.65505801e-01 -7.29158971e-01
 -6.34139972e-02 -1.67614482e-01 -6.97241312e-01
 -4.21041026e-02 -1.71390005e-01 -7.08268199e-01
 -1.71153509e-02 -1.75998060e-01 -7.06900598e-01
 -5.99190014e-03 -1.71466147e-01 -7.27334857e-01
 3.01075365e-02 -1.73381439e-01 -7.10295139e-01
 5.17907571e-02 -1.67680199e-01 -7.12192165e-01
 7.22564485e-02 -1.60863091e-01 -7.08825631e-01
 -9.71944742e-02 -1.45683545e-01 -7.13633861e-01
 1.05211140e-01 -1.39493261e-01 -7.15231817e-01
 -1.27545493e-01 -1.22822403e-01 -7.05938717e-01
 1.38463075e-01 -1.12655793e-01 -7.00133565e-01
 -1.51621867e-01 -9.44705174e-02 -6.99556061e-01
 1.58083626e-01 -7.98513012e-02 -7.05786096e-01
 -1.58667426e-01 7.97775582e-02 -7.03820760e-01
 1.52415948e-01 9.46980617e-02 -6.96295230e-01
 -1.39488419e-01 1.12789000e-01 -6.96524636e-01
 1.27640967e-01 1.23645251e-01 -7.03359598e-01
 -1.05577411e-01 1.40425167e-01 -7.11440461e-01
 9.57560453e-02 1.47252061e-01 -7.11591416e-01
 -7.41588856e-02 1.61051639e-01 -7.04986452e-01
 -5.40283608e-02 1.67312011e-01 -7.10916795e-01
 -3.45865573e-02 1.71474815e-01 -7.14425141e-01
 -1.41846610e-02 1.73163388e-01 -7.19035824e-01
 2.19822385e-02 1.72547479e-01 -7.18266588e-01
 4.14926144e-02 1.71711954e-01 -7.07597669e-01
 5.98516740e-02 1.69305514e-01 -6.95740839e-01
 -1.64804026e-02 -1.84423511e-01 -6.71909450e-01
 6.84326090e-03 -1.85156819e-01 -6.71358696e-01
 3.00164668e-02 -1.83030496e-01 -6.70508893e-01
 -6.29657402e-02 -1.73730952e-01 -6.73532859e-01
 -4.70013225e-02 -1.75518060e-01 -6.86840061e-01
 6.03909303e-02 -1.70187956e-01 -6.91537803e-01
 6.97805543e-02 -1.71386147e-01 -6.72398716e-01
 -1.13607303e-01 -1.45337626e-01 -6.74926867e-01
 -9.77463198e-02 -1.52051125e-01 -6.90809953e-01
 1.12173412e-01 -1.41152629e-01 -6.92740601e-01
 1.19961500e-01 -1.41215934e-01 -6.71325061e-01
 -1.61916017e-01 -8.30970626e-02 -6.85601892e-01
 1.63775993e-01 -8.07594070e-02 -6.82997824e-01
 -1.76147523e-01 -4.20366130e-02 -6.89405684e-01
 1.80402868e-01 -2.70909727e-02 -6.83765141e-01
 -1.79732769e-01 2.63010747e-02 -6.87074098e-01
 -1.64714579e-01 7.97610882e-02 -6.81261320e-01
 1.62551449e-01 8.25751472e-02 -6.84203573e-01
 -1.21586748e-01 1.40547159e-01 -6.68887901e-01
 -1.12494008e-01 1.42118173e-01 -6.88738619e-01
 9.55665477e-02 1.53760222e-01 -6.89636015e-01
 1.11330241e-01 1.47204314e-01 -6.74525073e-01
 -6.45813965e-02 1.73717168e-01 -6.71137796e-01
 -5.92852058e-02 1.71032337e-01 -6.89733102e-01
 4.03247585e-02 1.77543213e-01 -6.85301177e-01
 5.86961770e-02 1.75284771e-01 -6.73261222e-01
 -2.25843145e-02 1.82583612e-01 -6.77090279e-01
 -2.99655205e-03 1.86538501e-01 -6.65665849e-01
 1.87914845e-02 1.83468012e-01 -6.75116595e-01
 -4.15034840e-02 -1.87074064e-01 -6.42255894e-01
 -2.44342001e-02 -1.87814294e-01 -6.52733307e-01
 -3.50626814e-03 -1.89502847e-01 -6.52090940e-01
 1.99827906e-02 -1.88285067e-01 -6.52986380e-01
 4.32350698e-02 -1.85390318e-01 -6.48212139e-01
 -9.80152016e-02 -1.63698519e-01 -6.46168329e-01
 -8.04455723e-02 -1.69594325e-01 -6.60500510e-01
 8.69026406e-02 -1.65808446e-01 -6.62788249e-01
 9.77694344e-02 -1.64149654e-01 -6.44931834e-01
 -1.27954132e-01 -1.37409690e-01 -6.60258755e-01
 1.26575438e-01 -1.42255676e-01 -6.47975476e-01
 -1.52972920e-01 -1.10413899e-01 -6.56147399e-01
 1.50511057e-01 -1.15268928e-01 -6.51883812e-01
 -1.77466719e-01 -6.70701055e-02 -6.51241136e-01
 1.79386557e-01 -6.11717607e-02 -6.52116670e-01
 -1.80570157e-01 5.78706089e-02 -6.51710861e-01
 1.77608838e-01 6.72197101e-02 -6.50373900e-01
 -1.52751884e-01 1.13131098e-01 -6.49532155e-01
 1.49937345e-01 1.14699842e-01 -6.55594694e-01
 -1.29753638e-01 1.40199559e-01 -6.45081231e-01
 1.25610836e-01 1.39669169e-01 -6.59872410e-01
 -9.88567919e-02 1.62758025e-01 -6.47916038e-01
 -8.37494654e-02 1.67711958e-01 -6.61619300e-01
 7.67956310e-02 1.71388654e-01 -6.60041119e-01
 9.46712455e-02 1.65718555e-01 -6.45907048e-01
 -4.43144988e-02 1.85797926e-01 -6.45171452e-01
 -2.46353170e-02 1.87109187e-01 -6.55844869e-01
 -4.28583314e-03 1.91189870e-01 -6.44088112e-01
 1.68603326e-02 1.88431390e-01 -6.53720071e-01
 3.65895577e-02 1.88200696e-01 -6.41769221e-01
 -4.00362446e-02 -1.91867574e-01 -6.20760318e-01
 -1.90549621e-02 -1.92750178e-01 -6.32256925e-01
 5.82899919e-03 -1.93200278e-01 -6.34220199e-01
 2.67534013e-02 -1.91642289e-01 -6.33182709e-01
 4.28557397e-02 -1.90915398e-01 -6.22443302e-01
 -9.53889694e-02 -1.69745273e-01 -6.27216304e-01
 -7.77341065e-02 -1.75609358e-01 -6.40234890e-01
 8.05595608e-02 -1.74392132e-01 -6.39969749e-01
 9.86305945e-02 -1.68574840e-01 -6.24237879e-01
 -1.28287339e-01 -1.44047617e-01 -6.36146797e-01
 1.31327188e-01 -1.44564856e-01 -6.24233353e-01
 -1.54326888e-01 -1.16886689e-01 -6.32717941e-01
 1.56586605e-01 -1.15867371e-01 -6.26806722e-01
 -1.83580967e-01 -6.31135658e-02 -6.30107733e-01
 1.83740115e-01 -6.34883787e-02 -6.28761711e-01
 -1.85383106e-01 5.84905319e-02 -6.28801976e-01
 1.82441420e-01 6.65830891e-02 -6.29690050e-01
 -1.59642503e-01 1.12366608e-01 -6.24666885e-01
 1.52621631e-01 1.18933281e-01 -6.33233556e-01
 -1.33753494e-01 1.42782762e-01 -6.22551081e-01
 1.25323767e-01 1.46732119e-01 -6.35781969e-01
 -1.00801260e-01 1.66982783e-01 -6.25535113e-01
 -8.20253026e-02 1.73921683e-01 -6.39038420e-01
 7.44435088e-02 1.77272635e-01 -6.39157076e-01
 9.20350552e-02 1.71668481e-01 -6.26859000e-01
 -4.47227217e-02 1.90555069e-01 -6.22108338e-01
 -2.47109695e-02 1.91827848e-01 -6.33611530e-01
 -4.27998262e-03 1.95681683e-01 -6.22130379e-01
 1.61899008e-02 1.93063401e-01 -6.32005556e-01
 3.65475474e-02 1.92799403e-01 -6.19583030e-01
 -6.03560986e-02 -1.89036025e-01 -6.08244037e-01
 -4.18108487e-02 -1.95958422e-01 -5.98025798e-01
 -2.18811344e-02 -1.97051414e-01 -6.09156643e-01
 -1.99793843e-03 -1.96690638e-01 -6.17204402e-01
 2.02034385e-02 -1.96617536e-01 -6.12318743e-01
 4.02703112e-02 -1.95795273e-01 -6.00566929e-01
 6.10798643e-02 -1.88583858e-01 -6.09332861e-01
 -9.94084014e-02 -1.71909456e-01 -6.07488365e-01
 9.95727757e-02 -1.72622634e-01 -6.03810711e-01
 -1.30132888e-01 -1.48639784e-01 -6.12818712e-01
 1.33623646e-01 -1.48451451e-01 -6.01423846e-01
 -1.58117241e-01 -1.19078432e-01 -6.10826231e-01
 1.59614487e-01 -1.19985590e-01 -6.01687017e-01
 -1.82779391e-01 -8.37661312e-02 -5.94305678e-01
 1.81278737e-01 -8.62158881e-02 -5.96051904e-01
 -1.84129718e-01 8.01704702e-02 -5.95569859e-01
 1.80812746e-01 8.81745343e-02 -5.93727605e-01
 -1.63064637e-01 1.15673586e-01 -6.00394183e-01
 1.56143224e-01 1.21436346e-01 -6.11523157e-01
 -1.36508209e-01 1.46029669e-01 -6.00544673e-01
 1.27653938e-01 1.50730188e-01 -6.12991483e-01
 -1.02875521e-01 1.70691746e-01 -6.03734788e-01
 9.57853889e-02 1.73938036e-01 -6.07562221e-01
 -6.49900933e-02 1.87464467e-01 -6.08386556e-01
 -4.53671237e-02 1.94830695e-01 -5.99771328e-01
 -2.50796699e-02 1.96217614e-01 -6.11485889e-01
 -5.03991823e-03 1.99845439e-01 -6.00485506e-01
 1.65085659e-02 1.97381326e-01 -6.10155451e-01
 3.76457692e-02 1.96863419e-01 -5.97697071e-01
 5.67741607e-02 1.90508148e-01 -6.06410680e-01
 -4.17175094e-02 -1.99916129e-01 -5.76794096e-01
 -2.09211417e-02 -2.01176908e-01 -5.87743931e-01
 8.29579387e-05 -2.00443659e-01 -5.97626722e-01
 2.07025483e-02 -2.00883752e-01 -5.89469605e-01
 4.04966260e-02 -2.00007292e-01 -5.77679973e-01
 5.98442936e-02 -1.93208224e-01 -5.87731491e-01
 -1.18664457e-01 -1.65907956e-01 -5.78180832e-01
 -1.00863852e-01 -1.75713857e-01 -5.85848411e-01
 9.79517568e-02 -1.77739760e-01 -5.83973363e-01
 1.14531846e-01 -1.69905639e-01 -5.72916083e-01
 -1.50882139e-01 -1.37154452e-01 -5.78594965e-01
 1.52026023e-01 -1.38825359e-01 -5.67318332e-01
 -1.87645754e-01 -8.18069001e-02 -5.74062371e-01
 1.84563819e-01 -8.85638043e-02 -5.74005938e-01
 -1.87676140e-01 8.17159163e-02 -5.74110741e-01
 1.85380669e-01 8.75691596e-02 -5.72233162e-01
 -1.54064933e-01 1.36370220e-01 -5.68044849e-01
 1.48410668e-01 1.39794125e-01 -5.78714388e-01
 -1.22667251e-01 1.65267946e-01 -5.67651532e-01
 -1.04444712e-01 1.74400957e-01 -5.82073923e-01
 9.81179458e-02 1.77069336e-01 -5.86778919e-01
 -6.51357227e-02 1.91641890e-01 -5.86934412e-01
 -4.54915918e-02 1.98996556e-01 -5.77316744e-01
 -2.56580100e-02 2.00341476e-01 -5.89304509e-01
 -5.89049361e-03 2.03857611e-01 -5.78375719e-01
 1.49166211e-02 2.01440188e-01 -5.89228275e-01
 3.42030089e-02 2.01097612e-01 -5.78133944e-01
 5.91246524e-02 1.94080016e-01 -5.84290863e-01
 -1.93207077e-02 -2.08767781e-01 -5.44687050e-01
 7.93827624e-04 -2.07914382e-01 -5.55280173e-01
 2.14031377e-02 -2.08640709e-01 -5.44220344e-01
 -9.57507827e-02 -1.87336521e-01 -5.40175480e-01
 -8.10256215e-02 -1.91610064e-01 -5.54551360e-01
 -6.18713460e-02 -1.96655805e-01 -5.65663551e-01
 5.97509223e-02 -1.97408331e-01 -5.65116708e-01
 7.83959818e-02 -1.93060069e-01 -5.52549106e-01
 9.62790946e-02 -1.87126105e-01 -5.39839751e-01
 -1.23213843e-01 -1.67048681e-01 -5.57323749e-01
 1.28329709e-01 -1.62331684e-01 -5.61140872e-01
 -1.53348552e-01 -1.40016657e-01 -5.56842219e-01
 1.57355317e-01 -1.39089384e-01 -5.42490212e-01
 -1.75276654e-01 -1.13554531e-01 -5.49668923e-01
 1.79755034e-01 -1.08829233e-01 -5.41765276e-01
 -2.03786924e-01 -4.21255633e-02 -5.54203617e-01
 2.04617003e-01 -3.25079219e-02 -5.59644801e-01
 -2.04231060e-01 3.97211824e-02 -5.54428360e-01
 2.02767901e-01 4.72211288e-02 -5.53611704e-01
 1.72814467e-01 1.18732301e-01 -5.44614840e-01
 -1.56810491e-01 1.39032415e-01 -5.45240965e-01
 1.48249075e-01 1.45060578e-01 -5.58278271e-01
 -1.30745795e-01 1.64181511e-01 -5.43323089e-01
 1.19279499e-01 1.70240739e-01 -5.55561259e-01
 -9.86622115e-02 1.85997042e-01 -5.39197910e-01
 -8.24931651e-02 1.91377993e-01 -5.52367530e-01
 -6.44901363e-02 1.95974603e-01 -5.64765502e-01
 5.02341847e-02 1.99849852e-01 -5.66202739e-01
 6.87178904e-02 1.95426494e-01 -5.59805262e-01
 8.75039865e-02 1.89462069e-01 -5.50595412e-01
 -2.57985236e-02 2.08192217e-01 -5.43918581e-01
 -6.23922824e-03 2.07744250e-01 -5.55747082e-01
 1.30438210e-02 2.09382011e-01 -5.43897949e-01
 -3.88373631e-02 -2.07816776e-01 -5.33724601e-01
 -1.84345467e-02 -2.12365724e-01 -5.22470926e-01
 2.20503073e-02 -2.12145085e-01 -5.21663056e-01
 4.13120411e-02 -2.07708134e-01 -5.31423342e-01
 -9.49928409e-02 -1.91564767e-01 -5.18140124e-01
 -7.71614409e-02 -1.97128800e-01 -5.31960543e-01
 7.87536047e-02 -1.96907947e-01 -5.29530466e-01
 9.75166011e-02 -1.90424566e-01 -5.17362893e-01
 -1.27525476e-01 -1.68858024e-01 -5.32529824e-01
 1.29872043e-01 -1.65743234e-01 -5.39072686e-01
 -1.53945746e-01 -1.45207926e-01 -5.32396737e-01
 1.60380596e-01 -1.41258156e-01 -5.18832913e-01
 -1.78559313e-01 -1.14946676e-01 -5.27694755e-01
 1.83309721e-01 -1.10018891e-01 -5.18357645e-01
 -2.05060802e-01 -6.02404870e-02 -5.18785948e-01
 2.05299321e-01 -5.49091960e-02 -5.26683118e-01
 -2.05726302e-01 5.66276742e-02 -5.21076168e-01
 2.04169518e-01 6.36143630e-02 -5.17965975e-01
 -1.82032620e-01 1.11790250e-01 -5.19493471e-01
 1.77586229e-01 1.17894168e-01 -5.22518863e-01
 -1.60536993e-01 1.40866147e-01 -5.19763509e-01
 1.50027561e-01 1.48969205e-01 -5.33665629e-01
 -1.32862846e-01 1.67020415e-01 -5.20794300e-01
 1.22935480e-01 1.72478738e-01 -5.31232231e-01
 -9.96524551e-02 1.89450424e-01 -5.16572542e-01
 -8.13792851e-02 1.95950818e-01 -5.28858647e-01
 7.17727461e-02 1.98412788e-01 -5.36374005e-01
 9.07461458e-02 1.92104872e-01 -5.27042804e-01
 -4.47762189e-02 2.07041316e-01 -5.31097149e-01
 -2.55527526e-02 2.11863621e-01 -5.20935905e-01
 -6.16316888e-03 2.11477953e-01 -5.32753116e-01
 1.44784478e-02 2.12835197e-01 -5.21407006e-01
 3.35280154e-02 2.08938538e-01 -5.32474778e-01
 -3.76795241e-02 -2.11592064e-01 -5.10828012e-01
 -1.80780582e-02 -2.15772461e-01 -4.99847235e-01
 2.00829029e-03 -2.14858075e-01 -5.11186828e-01
 2.26997615e-02 -2.15384695e-01 -4.99506578e-01
 4.20965342e-02 -2.11184469e-01 -5.08000437e-01
 -9.27559786e-02 -1.95884584e-01 -4.98406802e-01
 -7.49258051e-02 -2.01535401e-01 -5.10209914e-01
 7.98698222e-02 -2.00183681e-01 -5.06712229e-01
 9.89883447e-02 -1.93352668e-01 -4.95032548e-01
 -1.43199458e-01 -1.63033131e-01 -4.96614756e-01
 -1.27440018e-01 -1.73539593e-01 -5.08221627e-01
 1.31697015e-01 -1.68666393e-01 -5.17031044e-01
 1.49981563e-01 -1.59204554e-01 -4.84305101e-01
 -1.81575688e-01 -1.16449161e-01 -5.05487980e-01
 1.86333120e-01 -1.11617859e-01 -4.95119320e-01
 -2.08452590e-01 -6.10240322e-02 -4.95154278e-01
 2.08377732e-01 -5.66968110e-02 -5.03812940e-01
 -2.09336490e-01 5.63972239e-02 -4.97957663e-01
 2.08049617e-01 6.25865159e-02 -4.94745343e-01
 -1.86622106e-01 1.10953848e-01 -4.95765361e-01
 1.82279147e-01 1.16429435e-01 -5.01494186e-01
 -1.50098374e-01 1.59144054e-01 -4.84044118e-01
 -1.36035758e-01 1.68430958e-01 -5.00004953e-01
 1.26147369e-01 1.74721163e-01 -5.06902471e-01
 1.43081772e-01 1.63174300e-01 -4.96415598e-01
 -9.88530995e-02 1.93435171e-01 -4.94949278e-01
 -8.09894144e-02 1.99815338e-01 -5.06194778e-01
 7.40829029e-02 2.01342779e-01 -5.13386166e-01
 9.30741350e-02 1.94873098e-01 -5.03773061e-01
 -4.44743389e-02 2.10817795e-01 -5.07194917e-01
 -2.48319025e-02 2.15278369e-01 -4.98616059e-01
 -5.00064757e-03 2.14927452e-01 -5.10391356e-01
 1.62506432e-02 2.16004958e-01 -4.99244197e-01
 3.54876995e-02 2.12061632e-01 -5.10223675e-01
 -5.71817562e-02 -2.12328756e-01 -4.75760812e-01
 -1.89067533e-02 -2.18850283e-01 -4.77445088e-01
 2.16729146e-03 -2.18031267e-01 -4.89206581e-01
 2.31654254e-02 -2.18326229e-01 -4.78280901e-01
 6.26034379e-02 -2.11228732e-01 -4.72664848e-01
 -1.13515574e-01 -1.88824089e-01 -4.72604748e-01
 -9.55362829e-02 -1.97668552e-01 -4.78330134e-01
 1.17732733e-01 -1.84410713e-01 -4.83846506e-01
 1.19778505e-01 -1.86612932e-01 -4.61800741e-01
 -1.44888367e-01 -1.65790501e-01 -4.73639420e-01
 1.52044790e-01 -1.61400368e-01 -4.61862766e-01
 -1.71511213e-01 -1.38549348e-01 -4.71389535e-01
 1.78830289e-01 -1.31197382e-01 -4.61423847e-01
 -1.97347680e-01 -9.84818341e-02 -4.70833206e-01
 2.06627346e-01 -7.74531904e-02 -4.69998561e-01
 -2.07455726e-01 7.73418878e-02 -4.64420078e-01
 1.96603756e-01 1.00266280e-01 -4.69785650e-01
 -1.79196056e-01 1.30861951e-01 -4.60676833e-01
 1.73676892e-01 1.36362359e-01 -4.68899361e-01
 -1.54172227e-01 1.59679338e-01 -4.60147101e-01
 1.46075159e-01 1.64733897e-01 -4.73705610e-01
 -1.21014958e-01 1.85894355e-01 -4.61279744e-01
 -1.14435811e-01 1.86620035e-01 -4.82948248e-01
 9.49886023e-02 1.97572601e-01 -4.80703754e-01
 1.13678669e-01 1.88978216e-01 -4.70989037e-01
 -6.33209692e-02 2.11199278e-01 -4.71344317e-01
 -4.42752605e-02 2.14325555e-01 -4.83392728e-01
 -2.41446704e-02 2.18332896e-01 -4.77456581e-01
 -3.58194942e-03 2.18097242e-01 -4.88602653e-01
 1.85786519e-02 2.18879674e-01 -4.77435576e-01
 3.76388095e-02 2.14957657e-01 -4.87877859e-01
 5.78107178e-02 2.11949090e-01 -4.77250921e-01
 -5.84749609e-02 -2.15052336e-01 -4.53134724e-01
 -3.86002931e-02 -2.18048019e-01 -4.64156941e-01
 -1.90835985e-02 -2.21817707e-01 -4.54888845e-01
 9.52712648e-04 -2.20933446e-01 -4.67974837e-01
 2.25570099e-02 -2.20928938e-01 -4.59244751e-01
 4.36429104e-02 -2.17573489e-01 -4.60557817e-01
 6.49225403e-02 -2.13571724e-01 -4.50283509e-01
 -1.15570489e-01 -1.91164446e-01 -4.48992478e-01
 -9.72321364e-02 -1.99996939e-01 -4.56896613e-01
 1.03069456e-01 -1.97923990e-01 -4.50826842e-01
 1.22072531e-01 -1.88462049e-01 -4.39643031e-01
 -1.47029429e-01 -1.67979425e-01 -4.50160575e-01
 1.54103973e-01 -1.63363999e-01 -4.39348457e-01
 -1.75453054e-01 -1.37965197e-01 -4.50454878e-01
 1.80808900e-01 -1.33349016e-01 -4.38656208e-01
 -2.06307802e-01 -8.17814815e-02 -4.60415517e-01
 2.08987720e-01 -7.94985823e-02 -4.47287469e-01
 -2.09638416e-01 7.94026880e-02 -4.42664094e-01
 2.06084947e-01 8.25695944e-02 -4.59761305e-01
 -1.81427938e-01 1.32829858e-01 -4.37084080e-01
 1.75604455e-01 1.38278790e-01 -4.47965571e-01
 -1.54925511e-01 1.62852857e-01 -4.37758930e-01
 1.47886451e-01 1.67186236e-01 -4.50393303e-01
 -1.22568878e-01 1.88298909e-01 -4.38550582e-01
 -1.04059738e-01 1.97587251e-01 -4.49548542e-01
 9.70537600e-02 1.99914111e-01 -4.58081878e-01
 1.15860295e-01 1.91084849e-01 -4.48339058e-01
 -6.51689408e-02 2.13693338e-01 -4.48788356e-01
 -4.40689377e-02 2.17625009e-01 -4.59518085e-01
 -2.24998168e-02 2.21005851e-01 -4.58697197e-01
 -1.11424901e-03 2.20959300e-01 -4.67773761e-01
 1.94269988e-02 2.21756552e-01 -4.55133260e-01
 3.90468176e-02 2.17876062e-01 -4.64850796e-01
 5.88522074e-02 2.14793027e-01 -4.54319594e-01
 -6.10803109e-02 -2.17120059e-01 -4.31334564e-01
 -3.89480793e-02 -2.20996778e-01 -4.40789952e-01
 -1.35916564e-02 -2.24694706e-01 -4.35018633e-01
 4.18941710e-03 -2.23586005e-01 -4.47066366e-01
 2.77856176e-02 -2.22755332e-01 -4.40146195e-01
 4.80184015e-02 -2.19712153e-01 -4.36730156e-01
 6.85547414e-02 -2.15367310e-01 -4.27405037e-01
 -1.17866577e-01 -1.93083140e-01 -4.25702138e-01
 -9.92681059e-02 -2.02065357e-01 -4.34795693e-01
 1.05686149e-01 -1.99620419e-01 -4.28619129e-01
 1.24512280e-01 -1.90040070e-01 -4.17257441e-01
 1.56119091e-01 -1.65160384e-01 -4.16632195e-01
 -1.77294983e-01 -1.40027746e-01 -4.28182034e-01
 1.82578636e-01 -1.35520123e-01 -4.15679885e-01
 -2.07584033e-01 -8.58223759e-02 -4.38969858e-01
 2.10940429e-01 -8.21149067e-02 -4.24477053e-01
 -2.11513701e-01 8.19136637e-02 -4.20516364e-01
 2.07923512e-01 8.53321361e-02 -4.37927116e-01
 -1.83019863e-01 1.35256725e-01 -4.13944357e-01
 1.77436510e-01 1.40221289e-01 -4.26226153e-01
 -1.56595925e-01 1.64961303e-01 -4.15027847e-01
 1.49823604e-01 1.69254521e-01 -4.27192083e-01
 -1.24686219e-01 1.90103846e-01 -4.15959536e-01
 -1.06056312e-01 1.99608106e-01 -4.27245759e-01
 9.92657035e-02 2.01970391e-01 -4.35509865e-01
 1.18020373e-01 1.93017482e-01 -4.25496701e-01
 -6.89110080e-02 2.15420774e-01 -4.26055113e-01
 -4.82394178e-02 2.19806851e-01 -4.35576510e-01
 -2.78293285e-02 2.22791697e-01 -4.39807373e-01
 -3.93420745e-03 2.23608662e-01 -4.46922119e-01
 1.39488640e-02 2.24643543e-01 -4.35260426e-01
 3.93727146e-02 2.20844838e-01 -4.41404337e-01
 6.13723967e-02 2.16929117e-01 -4.32207463e-01
 -6.59061200e-03 -2.30114861e-01 -3.89948415e-01
 -8.60213860e-02 -2.12500089e-01 -3.98879575e-01
 -6.57557676e-02 -2.18614089e-01 -4.07609275e-01
 -4.65659149e-02 -2.22505408e-01 -4.16134329e-01
 5.10834160e-02 -2.21808236e-01 -4.13601036e-01
 7.16464020e-02 -2.17080616e-01 -4.04827295e-01
 9.18683835e-02 -2.10545992e-01 -3.94575366e-01
 -1.20430361e-01 -1.94607869e-01 -4.02478879e-01
 1.26990951e-01 -1.91426796e-01 -3.94544854e-01
 -1.51786127e-01 -1.70997641e-01 -4.04391904e-01
 -1.78943127e-01 -1.42128922e-01 -4.05536663e-01
 1.84157137e-01 -1.37697759e-01 -3.92438492e-01
 -2.05275736e-01 1.04696443e-01 -3.87825730e-01
 2.01476274e-01 1.08118024e-01 -4.04333036e-01
 -1.84559258e-01 1.37475166e-01 -3.90660593e-01
 1.79137844e-01 1.42163556e-01 -4.03963909e-01
 -1.58271583e-01 1.66852739e-01 -3.92128373e-01
 1.51739077e-01 1.71100664e-01 -4.03976979e-01
 -1.26865356e-01 1.91682357e-01 -3.93203810e-01
 1.20284787e-01 1.94718910e-01 -4.02316056e-01
 -9.16158975e-02 2.10836114e-01 -3.93032967e-01
 -7.16177143e-02 2.17269122e-01 -4.03287560e-01
 -5.12749105e-02 2.21901769e-01 -4.12417484e-01
 -3.07262985e-02 2.24980365e-01 -4.18373067e-01
 2.87234927e-02 2.24795276e-01 -4.22224065e-01
 4.69961742e-02 2.22353847e-01 -4.16656278e-01
 6.60199221e-02 2.18465663e-01 -4.08198919e-01
 8.59869348e-02 2.12460198e-01 -3.99338155e-01
 7.08998922e-03 2.30071601e-01 -3.90216583e-01
 -2.65547490e-02 -2.29960044e-01 -3.77639760e-01
 -3.86462483e-03 -2.32411597e-01 -3.68128912e-01
 1.49943472e-02 -2.30584364e-01 -3.81702336e-01
 -6.88216096e-02 -2.20150908e-01 -3.85687677e-01
 -4.68888880e-02 -2.25014416e-01 -3.93343887e-01
 5.37583451e-02 -2.23707590e-01 -3.91202780e-01
 7.44868544e-02 -2.18635624e-01 -3.82626584e-01
 9.49575606e-02 -2.11724171e-01 -3.72149656e-01
 -1.22878945e-01 -1.96023735e-01 -3.78956091e-01
 1.28926318e-01 -1.93030419e-01 -3.71317322e-01
 -1.53858885e-01 -1.72482858e-01 -3.81095883e-01
 1.59381563e-01 -1.68905212e-01 -3.70266260e-01
 -1.80630000e-01 -1.43985408e-01 -3.82434895e-01
 1.85526577e-01 -1.39893625e-01 -3.68991813e-01
 -2.02279404e-01 -1.11379487e-01 -3.83200740e-01
 2.06455373e-01 -1.07042034e-01 -3.67003079e-01
 -2.29226612e-01 -3.61496375e-02 -3.71986806e-01
 2.30115943e-01 -3.73236705e-02 -3.61189615e-01
 -2.30583187e-01 3.65215532e-02 -3.57717102e-01
 2.29167684e-01 3.44719604e-02 -3.75102725e-01
 -2.06924284e-01 1.06676259e-01 -3.64473059e-01
 2.02909813e-01 1.10509950e-01 -3.81893809e-01
 -1.85941092e-01 1.39630082e-01 -3.67246456e-01
 1.80738799e-01 1.44038025e-01 -3.81293706e-01
 -1.59746040e-01 1.68739936e-01 -3.68956556e-01
 1.53691042e-01 1.72694390e-01 -3.80646469e-01
 -1.28943983e-01 1.93142373e-01 -3.70286277e-01
 -9.39654100e-02 2.12352268e-01 -3.70449185e-01
 -7.40468674e-02 2.18983448e-01 -3.80806148e-01
 -5.36782166e-02 2.23896853e-01 -3.89643327e-01
 4.72202445e-02 2.24905477e-01 -3.93706357e-01
 6.88195476e-02 2.20122526e-01 -3.85952665e-01
 8.81757541e-02 2.14222208e-01 -3.75955414e-01
 -1.43386016e-02 2.30602711e-01 -3.81928059e-01
 4.69684034e-03 2.32391164e-01 -3.68180483e-01
 2.69224764e-02 2.29898996e-01 -3.77817864e-01
 -3.61017592e-02 -2.32611043e-01 -3.36779777e-01
 -1.83543205e-02 -2.33204079e-01 -3.52794646e-01
 1.00046681e-03 -2.34734366e-01 -3.44065143e-01
 1.80281889e-02 -2.32606787e-01 -3.59312347e-01
 3.95654931e-02 -2.30858099e-01 -3.49608464e-01
 -9.03748308e-02 -2.15799655e-01 -3.52429754e-01
 -7.14083604e-02 -2.21767417e-01 -3.62658645e-01
 7.79435408e-02 -2.19713779e-01 -3.61124539e-01
 9.67444552e-02 -2.13382744e-01 -3.48903175e-01
 -1.41880015e-01 -1.86892588e-01 -3.45050565e-01
 -1.24886549e-01 -1.97490521e-01 -3.55547257e-01
 1.30048939e-01 -1.95017180e-01 -3.47691707e-01
 1.46018588e-01 -1.84782137e-01 -3.35479487e-01
 -1.70867527e-01 -1.60603236e-01 -3.46662036e-01
 1.74711655e-01 -1.58041430e-01 -3.34634488e-01
 -2.03869263e-01 -1.13312632e-01 -3.59946534e-01
 2.08037726e-01 -1.08827036e-01 -3.43557907e-01
 -2.26400694e-01 -6.01206820e-02 -3.49359437e-01
 2.27460125e-01 -5.55672730e-02 -3.50409937e-01
 -2.27938777e-01 5.48851901e-02 -3.47138138e-01
 2.27386324e-01 5.70832236e-02 -3.47263219e-01
 -2.08508791e-01 1.08388405e-01 -3.41199272e-01
 2.04180038e-01 1.12881004e-01 -3.59297396e-01
 -1.75221369e-01 1.57660259e-01 -3.33244308e-01
 1.70732329e-01 1.60821650e-01 -3.46107273e-01
 -1.46510654e-01 1.84498647e-01 -3.34542046e-01
 -1.30348474e-01 1.94904961e-01 -3.46902956e-01
 1.24477559e-01 1.97771354e-01 -3.55344343e-01
 1.41526669e-01 1.87193809e-01 -3.44759646e-01
 -9.66361443e-02 2.13518020e-01 -3.48058247e-01
 -7.62407408e-02 2.20558828e-01 -3.58690369e-01
 7.10520468e-02 2.21884935e-01 -3.62628277e-01
 8.98868306e-02 2.16007803e-01 -3.52386336e-01
 -3.77588538e-02 2.31069016e-01 -3.50574420e-01
 -1.67145911e-02 2.32677491e-01 -3.59595938e-01
 -1.09035315e-03 2.34787021e-01 -3.43485446e-01
 1.81441541e-02 2.33257802e-01 -3.52400085e-01
 3.54254580e-02 2.32749425e-01 -3.36398925e-01
 -3.36748325e-02 -2.34961332e-01 -3.13922199e-01
 -1.64902246e-02 -2.35525531e-01 -3.28775222e-01
 2.65251658e-03 -2.36827436e-01 -3.20143851e-01
 2.08966931e-02 -2.34489005e-01 -3.36529497e-01
 3.95383441e-02 -2.33071118e-01 -3.25320755e-01
 -9.20515649e-02 -2.17403704e-01 -3.28929427e-01
 -7.35643960e-02 -2.23442774e-01 -3.38505639e-01
 7.91972120e-02 -2.21504612e-01 -3.38550619e-01
 9.66933398e-02 -2.15725617e-01 -3.25278442e-01
 -1.43733295e-01 -1.88060393e-01 -3.21845905e-01
 -1.26669192e-01 -1.98881993e-01 -3.32286379e-01
 1.30427873e-01 -1.97297171e-01 -3.24035012e-01
 1.46310961e-01 -1.87100330e-01 -3.12066391e-01
 -1.72971696e-01 -1.61395985e-01 -3.23286852e-01
 1.75472807e-01 -1.60136403e-01 -3.11529039e-01
 -2.05942104e-01 -1.14102708e-01 -3.36296163e-01
 2.09559984e-01 -1.10328617e-01 -3.20305599e-01
 -2.28596650e-01 -5.87599776e-02 -3.29626613e-01
 2.29883054e-01 -5.45258705e-02 -3.26942980e-01
 -2.30346345e-01 5.37233179e-02 -3.23836670e-01
 2.28022617e-01 6.15663437e-02 -3.27787618e-01
 -2.10036226e-01 1.09828371e-01 -3.18057435e-01
 2.06007368e-01 1.14062923e-01 -3.35872269e-01
 -1.76088164e-01 1.59626986e-01 -3.10153614e-01
 1.72839372e-01 1.61594000e-01 -3.22836215e-01
 -1.47043593e-01 1.86616191e-01 -3.11193824e-01
 -1.31027918e-01 1.96970268e-01 -3.23343030e-01
 1.26184057e-01 1.99210309e-01 -3.32092929e-01
 1.43339372e-01 1.88386069e-01 -3.21609293e-01
 -9.74657964e-02 2.15451677e-01 -3.24493855e-01
 -7.96249186e-02 2.21475028e-01 -3.37252624e-01
 7.29153243e-02 2.23666535e-01 -3.38388160e-01
 9.13815320e-02 2.17696243e-01 -3.28822938e-01
 -4.15091368e-02 2.32652430e-01 -3.26186768e-01
 -2.11524182e-02 2.34489296e-01 -3.36270526e-01
 -3.68861943e-03 2.36893318e-01 -3.19198384e-01
 1.56993877e-02 2.35643350e-01 -3.28043060e-01
 3.28144302e-02 2.35125003e-01 -3.13418932e-01
 -3.24906938e-02 -2.36907214e-01 -2.91735336e-01
 -1.24342829e-02 -2.37810478e-01 -3.04409763e-01
 9.64483263e-03 -2.38689067e-01 -2.94876746e-01
 2.09234684e-02 -2.36479568e-01 -3.13423598e-01
 3.58976029e-02 -2.35697062e-01 -3.00886016e-01
 -1.11197563e-01 -2.11264908e-01 -2.96708854e-01
 -9.24157713e-02 -2.19310996e-01 -3.06255613e-01
 -7.34195080e-02 -2.25573269e-01 -3.15627527e-01
 7.72126696e-02 -2.24193747e-01 -3.16869367e-01
 9.52198728e-02 -2.18446538e-01 -3.02372135e-01
 1.12399136e-01 -2.11246516e-01 -2.89589035e-01
 -1.45635705e-01 -1.88953874e-01 -2.98976781e-01
 1.46143099e-01 -1.89532574e-01 -2.88987671e-01
 -1.75133176e-01 -1.61860978e-01 -3.00117709e-01
 1.76003988e-01 -1.62212847e-01 -2.88710456e-01
 -1.99487828e-01 -1.30574937e-01 -3.00793962e-01
 2.01080140e-01 -1.29972303e-01 -2.87721990e-01
 -2.30979307e-01 -5.68713278e-02 -3.07616156e-01
 2.32078831e-01 -5.33952884e-02 -3.04325558e-01
 -2.32513179e-01 5.25412091e-02 -3.01385110e-01
 2.30990619e-01 5.65103707e-02 -3.08543133e-01
 -2.01642596e-01 1.29359639e-01 -2.85835366e-01
 1.99557576e-01 1.30564632e-01 -3.00124530e-01
 -1.76689084e-01 1.61625304e-01 -2.87283778e-01
 1.75025092e-01 1.62015368e-01 -2.99793452e-01
 -1.47158824e-01 1.88833516e-01 -2.88061204e-01
 1.45194316e-01 1.89307138e-01 -2.98836072e-01
 -1.13786352e-01 2.10570100e-01 -2.88802191e-01
 -9.66539287e-02 2.17930672e-01 -3.01045165e-01
 -7.93944513e-02 2.23678994e-01 -3.14050979e-01
 7.26308753e-02 2.25845296e-01 -3.15434377e-01
 9.16462321e-02 2.19645361e-01 -3.06121600e-01
 1.10494650e-01 2.11642341e-01 -2.96606664e-01
 -3.66297319e-02 2.35600985e-01 -3.00678081e-01
 -2.28249044e-02 2.36259954e-01 -3.13949829e-01
 -1.12862776e-02 2.38653995e-01 -2.94398413e-01
 1.13575978e-02 2.37923158e-01 -3.03673293e-01
 3.13755698e-02 2.37099239e-01 -2.91191791e-01
 -5.27007044e-02 -2.34112510e-01 -2.80399299e-01
 -3.19122157e-02 -2.38626332e-01 -2.69491352e-01
 -1.11890578e-02 -2.39582417e-01 -2.82137171e-01
 9.34970075e-03 -2.40422082e-01 -2.71582747e-01
 2.97866131e-02 -2.38036230e-01 -2.81468324e-01
 5.42374787e-02 -2.33212464e-01 -2.87618051e-01
 4.97257278e-02 -2.35632256e-01 -2.68471487e-01
 -1.13004849e-01 -2.12143610e-01 -2.74954854e-01
 -9.26283476e-02 -2.21071977e-01 -2.84174192e-01
 9.36067936e-02 -2.21052381e-01 -2.79245647e-01
 1.10777146e-01 -2.13977193e-01 -2.66599345e-01
 -1.47521597e-01 -1.89639089e-01 -2.76388525e-01
 1.45956971e-01 -1.91728267e-01 -2.66438801e-01
 -1.77293791e-01 -1.62060350e-01 -2.77225506e-01
 1.76425412e-01 -1.64157244e-01 -2.66127542e-01
 -2.01933129e-01 -1.29985134e-01 -2.77903447e-01
 2.01717088e-01 -1.31931532e-01 -2.65459779e-01
 -2.28740381e-01 -7.43104508e-02 -2.72934022e-01
 2.29242276e-01 -7.28015391e-02 -2.72702838e-01
 -2.29676480e-01 7.20292572e-02 -2.70126280e-01
 2.28848147e-01 7.36025101e-02 -2.74553033e-01
 -2.02289470e-01 1.31286877e-01 -2.63598023e-01
 2.02161706e-01 1.29723941e-01 -2.77196297e-01
 1.77154380e-01 1.62226264e-01 -2.77098790e-01
 -1.46929053e-01 1.91085208e-01 -2.65279176e-01
 1.47064433e-01 1.89995984e-01 -2.76364888e-01
 -1.12438756e-01 2.13136700e-01 -2.66241737e-01
 -9.45994062e-02 2.20666509e-01 -2.78776268e-01
 9.17821084e-02 2.21434798e-01 -2.84047598e-01
 1.12243875e-01 2.12552924e-01 -2.74884243e-01
 -5.24249195e-02 2.35244102e-01 -2.65687166e-01
 -5.47096933e-02 2.33255255e-01 -2.85624992e-01
 -3.16620078e-02 2.37893536e-01 -2.80119892e-01
 -1.08157004e-02 2.40403580e-01 -2.70973284e-01
 9.74622433e-03 2.39688785e-01 -2.81547497e-01
 3.06604156e-02 2.38826310e-01 -2.68981701e-01
 5.16311213e-02 2.34379225e-01 -2.80017796e-01
 -6.30280947e-02 -2.34387265e-01 -2.39669526e-01
 -5.24320939e-02 -2.35795972e-01 -2.57717515e-01
 -2.99576523e-02 -2.40372953e-01 -2.47334505e-01
 -1.04804915e-02 -2.41214911e-01 -2.59400661e-01
 1.03037199e-02 -2.41955522e-01 -2.48237888e-01
 2.96451251e-02 -2.39644296e-01 -2.58976358e-01
 5.03696250e-02 -2.36985058e-01 -2.46609065e-01
 -1.15340157e-01 -2.12605204e-01 -2.52846005e-01
 -9.54333663e-02 -2.21499499e-01 -2.63224978e-01
 9.10554848e-02 -2.23873796e-01 -2.55794811e-01
 1.10748869e-01 -2.15640477e-01 -2.44422202e-01
 -1.49347936e-01 -1.90177479e-01 -2.53857883e-01
 1.46200708e-01 -1.93396004e-01 -2.44077236e-01
 -1.79222433e-01 -1.62254737e-01 -2.54644481e-01
 1.76908220e-01 -1.65812414e-01 -2.43630639e-01
 -2.04170488e-01 -1.29394814e-01 -2.55230437e-01
 2.02257203e-01 -1.33800938e-01 -2.42960132e-01
 -2.30542224e-01 -7.31883793e-02 -2.52784720e-01
 2.28947514e-01 -7.79783209e-02 -2.53059133e-01
 -2.29381293e-01 7.72086187e-02 -2.50537569e-01
 2.31493890e-01 6.92545225e-02 -2.56574596e-01
 -2.02781642e-01 1.33212773e-01 -2.41130052e-01
 2.04342394e-01 1.29142870e-01 -2.55070861e-01
 -1.77516458e-01 1.65297309e-01 -2.42147881e-01
 1.79077230e-01 1.62410102e-01 -2.54694233e-01
 -1.46844694e-01 1.92997604e-01 -2.42934659e-01
 1.48919716e-01 1.90504422e-01 -2.53960674e-01
 -1.11366312e-01 2.15379131e-01 -2.43619057e-01
 -9.33752213e-02 2.22894858e-01 -2.56092748e-01
 9.45260520e-02 2.21896860e-01 -2.63108369e-01
 1.14604697e-01 2.13002136e-01 -2.52851622e-01
 -5.11398346e-02 2.36914131e-01 -2.45158899e-01
 -3.10136801e-02 2.39538687e-01 -2.57973259e-01
 -1.12921699e-02 2.41964043e-01 -2.47415698e-01
 9.23420057e-03 2.41309668e-01 -2.58747472e-01
 2.88159954e-02 2.40552524e-01 -2.46710714e-01
 5.13073988e-02 2.36070425e-01 -2.57318918e-01
 6.19645383e-02 2.34693394e-01 -2.39313354e-01
 -6.29322889e-02 -2.35765714e-01 -2.17405611e-01
 -4.46326157e-02 -2.39009711e-01 -2.32630580e-01
 -2.53912020e-02 -2.42399393e-01 -2.22633075e-01
 -8.64091531e-03 -2.42768229e-01 -2.36268962e-01
 1.24531756e-02 -2.43268948e-01 -2.25038865e-01
 3.13344303e-02 -2.40887173e-01 -2.36357077e-01
 5.38395403e-02 -2.37509417e-01 -2.25941473e-01
 -1.17315485e-01 -2.13135021e-01 -2.30149835e-01
 -9.84276282e-02 -2.21767030e-01 -2.41044576e-01
 1.12493690e-01 -2.16290584e-01 -2.21398137e-01
 -1.50871519e-01 -1.90776353e-01 -2.31246583e-01
 1.47017949e-01 -1.94461742e-01 -2.21643700e-01
 -1.80686693e-01 -1.62735622e-01 -2.32188003e-01
 1.77628603e-01 -1.67013231e-01 -2.21076567e-01
 -2.05721656e-01 -1.29565469e-01 -2.32943116e-01
 2.02948667e-01 -1.35207055e-01 -2.20214780e-01
 -2.32444991e-01 -7.10554741e-02 -2.33938915e-01
 2.29104877e-01 -8.19323056e-02 -2.29715485e-01
 2.31435909e-01 7.34944613e-02 -2.37857030e-01
 -2.03379455e-01 1.34740533e-01 -2.18423617e-01
 2.05713425e-01 1.29581198e-01 -2.32919426e-01
 -1.78103765e-01 1.66624155e-01 -2.19652736e-01
 1.80583528e-01 1.62831437e-01 -2.32397246e-01
 -1.47387603e-01 1.94251396e-01 -2.20664688e-01
 1.50523104e-01 1.91034164e-01 -2.31473944e-01
 -1.11875748e-01 2.16603980e-01 -2.21505693e-01
 -9.19335879e-02 2.25066694e-01 -2.33005163e-01
 9.75867905e-02 2.22141924e-01 -2.40991378e-01
 1.16673244e-01 2.13480561e-01 -2.30249358e-01
 -5.20233238e-02 2.38077066e-01 -2.23173577e-01
 -3.14875106e-02 2.40955034e-01 -2.34920504e-01
 -1.27872463e-02 2.43335629e-01 -2.23580925e-01
 7.69891357e-03 2.42856111e-01 -2.35343280e-01
 2.43983210e-02 2.42552642e-01 -2.21737111e-01
 4.35439751e-02 2.39244019e-01 -2.32077405e-01
 6.19522337e-02 2.36046828e-01 -2.17028482e-01
 -6.24484286e-02 -2.37110469e-01 -1.95093339e-01
 -4.33915410e-02 -2.40610948e-01 -2.08751202e-01
 -2.36214549e-02 -2.43873355e-01 -1.98709184e-01
 -5.37673108e-03 -2.44250463e-01 -2.12144187e-01
 1.53858377e-02 -2.44374239e-01 -2.01773198e-01
 3.42352468e-02 -2.41776494e-01 -2.14367611e-01
 5.55613310e-02 -2.38340343e-01 -2.04228739e-01
 -1.18607182e-01 -2.13898069e-01 -2.07073785e-01
 -1.00555898e-01 -2.22315998e-01 -2.17775271e-01
 9.48941272e-02 -2.25313181e-01 -2.08962891e-01
 1.13918180e-01 -2.16934112e-01 -1.98484544e-01
 -1.51910780e-01 -1.91587110e-01 -2.08519081e-01
 1.48279004e-01 -1.95036829e-01 -1.98956889e-01
 -1.81580553e-01 -1.63646254e-01 -2.09701668e-01
 1.78615044e-01 -1.67737262e-01 -1.98429635e-01
 -2.06514771e-01 -1.30684467e-01 -2.10646093e-01
 2.03876664e-01 -1.36016149e-01 -1.97339577e-01
 -2.32421927e-01 -7.47979909e-02 -2.14860814e-01
 2.30416367e-01 -8.20216385e-02 -2.07104535e-01
 -2.30757155e-01 8.14304909e-02 -2.04752725e-01
 2.32294488e-01 7.48235506e-02 -2.16913744e-01
 -2.04180107e-01 1.35718735e-01 -1.95588446e-01
 2.06418258e-01 1.30872206e-01 -2.10294502e-01
 -1.78969949e-01 1.67460706e-01 -1.97045680e-01
 1.81571242e-01 1.63632709e-01 -2.09999543e-01
 -1.48555379e-01 1.94870280e-01 -1.98268137e-01
 1.51672776e-01 1.91751114e-01 -2.08878820e-01
 -1.14031049e-01 2.16865605e-01 -1.98645290e-01
 -9.47105611e-02 2.25363481e-01 -2.09427018e-01
 9.98191308e-02 2.22646005e-01 -2.17804236e-01
 1.18079923e-01 2.14177016e-01 -2.07281719e-01
 -5.51819128e-02 2.38543644e-01 -2.02065430e-01
 -3.33990416e-02 2.42048788e-01 -2.11543180e-01
 -1.54388853e-02 2.44491143e-01 -1.99428843e-01
 4.73114707e-03 2.44343728e-01 -2.10666722e-01
 2.27465593e-02 2.44019652e-01 -1.97464859e-01
 4.23971523e-02 2.40826487e-01 -2.08042491e-01
 6.15933697e-02 2.37354564e-01 -1.94693031e-01
 -6.18538132e-02 -2.38351366e-01 -1.72638357e-01
 -4.25328916e-02 -2.41952545e-01 -1.85469721e-01
 -2.23668680e-02 -2.45109563e-01 -1.75318882e-01
 -3.33739806e-03 -2.45493357e-01 -1.88547830e-01
 1.71067021e-02 -2.45393405e-01 -1.78413297e-01
 3.62373505e-02 -2.42672013e-01 -1.91715053e-01
 5.71312121e-02 -2.39087705e-01 -1.82125727e-01
 -1.00711836e-01 -2.23560924e-01 -1.95044950e-01
 9.62168877e-02 -2.26002838e-01 -1.86120202e-01
 1.15282008e-01 -2.17440811e-01 -1.75707488e-01
 -1.52457195e-01 -1.92616570e-01 -1.85717169e-01
 1.49578111e-01 -1.95410338e-01 -1.76236496e-01
 -1.82030865e-01 -1.64857839e-01 -1.87047587e-01
 1.79798795e-01 -1.68054520e-01 -1.75731131e-01
 -2.06640817e-01 -1.32635243e-01 -1.87935453e-01
 2.05103353e-01 -1.36110671e-01 -1.74654774e-01
 -2.32968794e-01 -7.66305683e-02 -1.94043814e-01
 2.31745491e-01 -8.16285308e-02 -1.84643609e-01
 -2.31998213e-01 8.12212481e-02 -1.82426147e-01
 -2.05258873e-01 1.36015166e-01 -1.72913279e-01
 2.07011507e-01 1.32081391e-01 -1.87649033e-01
 -1.80013981e-01 1.67915634e-01 -1.74324956e-01
 1.82153443e-01 1.64692387e-01 -1.87469815e-01
 -1.49983123e-01 1.95141184e-01 -1.75499250e-01
 1.52318757e-01 1.92695914e-01 -1.86217044e-01
 -1.16094734e-01 2.16997511e-01 -1.75914129e-01
 -9.66378706e-02 2.25805510e-01 -1.86462285e-01
 1.00117923e-01 2.23821510e-01 -1.95155393e-01
 1.18396870e-01 2.15294151e-01 -1.84634906e-01
 -5.71819275e-02 2.39158180e-01 -1.80382193e-01
 -3.63920163e-02 2.42815845e-01 -1.88302123e-01
 -1.80295592e-02 2.45442981e-01 -1.75849766e-01
 2.67680093e-03 2.45600206e-01 -1.86478657e-01
 2.14716024e-02 2.45255860e-01 -1.73829873e-01
 4.16665535e-02 2.42143392e-01 -1.84629127e-01
 6.12493355e-02 2.38524456e-01 -1.72261218e-01
 -6.11603212e-02 -2.39481075e-01 -1.50106494e-01
 -4.16895295e-02 -2.43130708e-01 -1.62454201e-01
 -2.13534303e-02 -2.46168083e-01 -1.52069675e-01
 -2.03510775e-03 -2.46560239e-01 -1.65114535e-01
 1.83287741e-02 -2.46295245e-01 -1.55060082e-01
 3.76934763e-02 -2.43502423e-01 -1.69034410e-01
 5.84353598e-02 -2.39762396e-01 -1.59965946e-01
 -1.18556849e-01 -2.16354168e-01 -1.61748715e-01
 1.16640363e-01 -2.17786525e-01 -1.53052820e-01
 -1.52557859e-01 -1.93818744e-01 -1.62992630e-01
 1.50897348e-01 -1.95592688e-01 -1.53545239e-01
 -1.82216864e-01 -1.66167900e-01 -1.64207752e-01
 1.81052436e-01 -1.68092344e-01 -1.53101119e-01
 -2.06797943e-01 -1.34289556e-01 -1.64970032e-01
 2.06354363e-01 -1.35912773e-01 -1.52084849e-01
 -2.33391010e-01 -7.85098960e-02 -1.72735581e-01
 2.32991174e-01 -8.10639938e-02 -1.62173209e-01
 -2.33082147e-01 8.10570766e-02 -1.60123984e-01
 2.33783213e-01 7.72736285e-02 -1.73168712e-01
 -2.06334832e-01 1.36064861e-01 -1.50322761e-01
 2.07448416e-01 1.33277167e-01 -1.65039084e-01
 -1.81107545e-01 1.68119803e-01 -1.51568159e-01
 1.82498468e-01 1.65812355e-01 -1.64952818e-01
 -1.51216453e-01 1.95393781e-01 -1.52571185e-01
 1.52507642e-01 1.93824359e-01 -1.63636404e-01
 -1.17640217e-01 2.17255708e-01 -1.52879325e-01
 -9.89674278e-02 2.25885137e-01 -1.64018150e-01
 1.00055114e-01 2.25000007e-01 -1.72695749e-01
 1.18349843e-01 2.16451024e-01 -1.62100541e-01
 -5.90599956e-02 2.39647509e-01 -1.59047334e-01
 -3.87305907e-02 2.43539640e-01 -1.64360816e-01
 -2.03870165e-02 2.46228292e-01 -1.52630923e-01
 7.79741489e-04 2.46660068e-01 -1.62885019e-01
 2.05693024e-02 2.46284111e-01 -1.50787658e-01
 4.10851325e-02 2.43267151e-01 -1.61647647e-01
 6.11173339e-02 2.39502841e-01 -1.49830747e-01
 -8.05207335e-02 -2.34126144e-01 -1.38643553e-01
 -6.04367150e-02 -2.40480283e-01 -1.27540046e-01
 -4.08398728e-02 -2.44163149e-01 -1.39512241e-01
 -2.03307698e-02 -2.47081187e-01 -1.28845003e-01
 -9.44783130e-04 -2.47475424e-01 -1.41706198e-01
 1.93622943e-02 -2.47069287e-01 -1.31568247e-01
 3.88055070e-02 -2.44238086e-01 -1.46528201e-01
 5.96235847e-02 -2.40323483e-01 -1.37966265e-01
 8.02640405e-02 -2.34568479e-01 -1.28706130e-01
 -1.18236840e-01 -2.17504293e-01 -1.39252270e-01
 1.18046195e-01 -2.17946028e-01 -1.30515449e-01
 -1.52489784e-01 -1.94977556e-01 -1.40321691e-01
 1.52126073e-01 -1.95671433e-01 -1.30865784e-01
 -1.82329529e-01 -1.67354154e-01 -1.41339176e-01
 1.82217940e-01 -1.68022571e-01 -1.30540730e-01
 -2.07029013e-01 -1.35574055e-01 -1.41911641e-01
 2.07492797e-01 -1.35636719e-01 -1.29580039e-01
 -2.26115480e-01 -1.00605422e-01 -1.41441600e-01
 2.27131674e-01 -9.93768627e-02 -1.28714170e-01
 -2.26983482e-01 9.98693075e-02 -1.26784066e-01
 2.27118883e-01 9.83310571e-02 -1.41310082e-01
 -2.07287512e-01 1.36057087e-01 -1.27773155e-01
 2.07722941e-01 1.34471259e-01 -1.42474037e-01
 -1.82060259e-01 1.68275925e-01 -1.28828123e-01
 1.82684248e-01 1.66904807e-01 -1.42507166e-01
 -1.52172596e-01 1.95687148e-01 -1.29618476e-01
 1.52516893e-01 1.94920832e-01 -1.41108983e-01
 -1.18591477e-01 2.17676719e-01 -1.29795315e-01
 1.18201775e-01 2.17509290e-01 -1.39603242e-01
 -8.18652020e-02 2.34009204e-01 -1.28859589e-01
 -6.29431857e-02 2.39417034e-01 -1.39579829e-01
 -4.18293485e-02 2.43991615e-01 -1.39623169e-01
 -2.15464774e-02 2.46909455e-01 -1.30934024e-01
 -1.81676989e-04 2.47545296e-01 -1.39788942e-01
 2.13081467e-02 2.47019814e-01 -1.28199423e-01
 4.11318375e-02 2.44132502e-01 -1.38997066e-01
 6.06623104e-02 2.40437991e-01 -1.27101425e-01
 8.05418379e-02 2.34122516e-01 -1.38545404e-01
 -8.00007001e-02 -2.35064615e-01 -1.16243274e-01
 -5.98738402e-02 -2.41299563e-01 -1.05045538e-01
 -3.99378393e-02 -2.45060861e-01 -1.16630025e-01
 -1.91626908e-02 -2.47861341e-01 -1.05645678e-01
 2.09769566e-04 -2.48247596e-01 -1.18193380e-01
 2.05251073e-02 -2.47696200e-01 -1.07727881e-01
 3.97876208e-02 -2.44846017e-01 -1.24411533e-01
 6.09018811e-02 -2.40720037e-01 -1.16264593e-01
 8.20882655e-02 -2.34621851e-01 -1.06892229e-01
 -1.17941426e-01 -2.18488137e-01 -1.16808967e-01
 1.19199301e-01 -2.18092333e-01 -1.07872428e-01
 -1.68082343e-01 -1.83126246e-01 -1.06817312e-01
 -1.52416095e-01 -1.95967875e-01 -1.17707636e-01
 1.53123205e-01 -1.95759635e-01 -1.08182591e-01
 1.69067092e-01 -1.82564749e-01 -9.68667530e-02
 -2.07383589e-01 -1.36411738e-01 -1.18922021e-01
 2.08445338e-01 -1.35401203e-01 -1.07112796e-01
 -2.26764963e-01 -1.00980707e-01 -1.18697386e-01
 2.28030680e-01 -9.89729515e-02 -1.06311281e-01
 2.27311893e-01 9.97209291e-02 -1.18999669e-01
 -2.08059555e-01 1.36083542e-01 -1.05262192e-01
 2.07957471e-01 1.35483746e-01 -1.19857428e-01
 -1.68582747e-01 1.83068412e-01 -9.51488253e-02
 -1.52797392e-01 1.96062827e-01 -1.06758994e-01
 1.52486159e-01 1.95879893e-01 -1.18595525e-01
 1.68254542e-01 1.82902377e-01 -1.08601739e-01
 -1.18821369e-01 2.18325976e-01 -1.06978013e-01
 1.18074351e-01 2.18406331e-01 -1.17107742e-01
 -8.05539703e-02 2.35127300e-01 -1.07794345e-01
 -5.98397976e-02 2.40867782e-01 -1.20128153e-01
 -3.99293607e-02 2.45132144e-01 -1.14255542e-01
 -1.59677837e-02 2.47906089e-01 -1.12258211e-01
 2.34533648e-03 2.48257169e-01 -1.17500458e-01
 2.00923380e-02 2.47829408e-01 -1.04069114e-01
 4.04467453e-02 2.45003829e-01 -1.15737731e-01
 6.04222834e-02 2.41178261e-01 -1.04476652e-01
 8.02925426e-02 2.34970848e-01 -1.16056880e-01
 -7.96521384e-02 -2.35806807e-01 -9.38682219e-02
 -5.95740813e-02 -2.41918608e-01 -8.25912256e-02
 -3.93504876e-02 -2.45763762e-01 -9.39556307e-02
 -1.86275895e-02 -2.48444024e-01 -8.28101989e-02
 1.77449638e-03 -2.48873896e-01 -9.45431586e-02
 4.08723550e-02 -2.45286402e-01 -1.03076349e-01
 4.40857677e-02 -2.45191174e-01 -8.36900204e-02
 6.33347762e-02 -2.40671536e-01 -9.51577236e-02
 8.30293261e-02 -2.34862939e-01 -8.44321601e-02
 -1.17755100e-01 -2.19264075e-01 -9.44049566e-02
 1.19882810e-01 -2.18346261e-01 -8.51389606e-02
 -1.68221571e-01 -1.83733685e-01 -8.42332713e-02
 -1.52411799e-01 -1.96735148e-01 -9.51581390e-02
 1.53793005e-01 -1.95935406e-01 -8.55145269e-02
 -2.07871338e-01 -1.36789003e-01 -9.61909189e-02
 2.09167276e-01 -1.35281445e-01 -8.46638394e-02
 2.28712036e-01 -9.87451254e-02 -8.39257675e-02
 -2.28322349e-01 9.97430911e-02 -8.19987221e-02
 2.27569170e-01 1.00657844e-01 -9.63568351e-02
 -2.08628418e-01 1.36182907e-01 -8.27928467e-02
 2.08262526e-01 1.36149164e-01 -9.71714387e-02
 -1.68884358e-01 1.83436707e-01 -7.25605749e-02
 -1.53095833e-01 1.96519191e-01 -8.40848064e-02
 1.52494813e-01 1.96643515e-01 -9.60563972e-02
 1.68370473e-01 1.83527648e-01 -8.66258646e-02
 -1.18595892e-01 2.19060792e-01 -8.46073819e-02
 1.18057145e-01 2.19096595e-01 -9.45904496e-02
 -8.06494719e-02 2.35660090e-01 -8.57905205e-02
 -6.06558886e-02 2.41268615e-01 -9.88197570e-02
 -4.28773826e-02 2.45295724e-01 -8.86845926e-02
 -2.45852846e-02 2.47630362e-01 -9.58986856e-02
 -9.77463016e-04 2.48922878e-01 -9.26465121e-02
 1.96141542e-02 2.48400652e-01 -8.12322086e-02
 4.02214754e-02 2.45648827e-01 -9.28571420e-02
 6.03997348e-02 2.41728927e-01 -8.18793589e-02
 8.02135039e-02 2.35624002e-01 -9.35640891e-02
 -7.95323876e-02 -2.36336920e-01 -7.14955065e-02
 -5.95832416e-02 -2.42330304e-01 -6.01168080e-02
 -3.91774328e-02 -2.46266148e-01 -7.13447019e-02
 -1.87395659e-02 -2.48845313e-01 -5.99806578e-02
 2.02645373e-03 -2.49351708e-01 -7.15132985e-02
 2.27344839e-02 -2.48091275e-01 -8.33189390e-02
 4.13665392e-02 -2.46031323e-01 -6.41762344e-02
 6.36240633e-02 -2.41080094e-01 -7.29257755e-02
 8.27036214e-02 -2.35414436e-01 -6.19899507e-02
 -1.17715576e-01 -2.19815379e-01 -7.20287338e-02
 1.20009671e-01 -2.18755268e-01 -6.24601183e-02
 -1.68436566e-01 -1.84094623e-01 -6.17491060e-02
 -1.52505245e-01 -1.97261346e-01 -7.26777395e-02
 1.54088185e-01 -1.96238515e-01 -6.29023074e-02
 1.69757450e-01 -1.83069620e-01 -5.18365674e-02
 -2.08389100e-01 -1.36872619e-01 -7.37439687e-02
 2.09636102e-01 -1.35317441e-01 -6.22140113e-02
 -2.28146025e-01 -1.00514040e-01 -7.44404023e-02
 2.29158973e-01 -9.87392177e-02 -6.15465086e-02
 -2.28708781e-01 9.98508935e-02 -5.96132411e-02
 2.28043061e-01 1.00787790e-01 -7.35610843e-02
 -2.08994351e-01 1.36358441e-01 -6.03659927e-02
 2.08700226e-01 1.36373192e-01 -7.44672646e-02
 -1.68992938e-01 1.83805831e-01 -5.00910865e-02
 -1.53173261e-01 1.96979446e-01 -6.15879029e-02
 1.52591751e-01 1.97177124e-01 -7.34254992e-02
 1.68554663e-01 1.83914509e-01 -6.50900051e-02
 -1.18568170e-01 2.19544756e-01 -6.21875878e-02
 1.18243097e-01 2.19532110e-01 -7.20265683e-02
 -8.09232978e-02 2.36013437e-01 -6.31309355e-02
 -6.15667719e-02 2.41565810e-01 -7.54199535e-02
 -4.09347750e-02 2.46076723e-01 -6.58006262e-02
 -2.04267563e-02 2.48431673e-01 -7.63638995e-02
 1.80991771e-05 2.49408818e-01 -6.87324487e-02
 2.01874797e-02 2.48762794e-01 -5.79040651e-02
 4.01306669e-02 2.46133728e-01 -7.01693738e-02
 6.04798280e-02 2.42119543e-01 -5.93744961e-02
 8.03531723e-02 2.36066968e-01 -7.10796987e-02
 -7.96391836e-02 -2.36657971e-01 -4.90911108e-02
 -5.98504650e-02 -2.42548470e-01 -3.75612059e-02
 -3.94141369e-02 -2.46573621e-01 -4.86606906e-02
 -1.94553016e-02 -2.49071954e-01 -3.68064257e-02
 9.80502259e-04 -2.49711843e-01 -4.78416071e-02
 2.11063272e-02 -2.48673087e-01 -5.88200077e-02
 4.08857922e-02 -2.46402153e-01 -4.27731501e-02
 6.17742419e-02 -2.41902154e-01 -5.17388214e-02
 8.15527262e-02 -2.36111164e-01 -4.01372385e-02
 -1.17820652e-01 -2.20145716e-01 -4.96666596e-02
 1.19446642e-01 -2.19390889e-01 -4.00310121e-02
 -1.68687217e-01 -1.84249598e-01 -3.93395638e-02
 -1.52685873e-01 -1.97557996e-01 -5.02599574e-02
 1.54026616e-01 -1.96656782e-01 -4.03838350e-02
 1.69648455e-01 -1.83481378e-01 -2.93942821e-02
 -2.08762287e-01 -1.36943857e-01 -5.13348375e-02
 2.09849780e-01 -1.35515345e-01 -3.97346438e-02
 -2.28495738e-01 -1.00601479e-01 -5.20087635e-02
 2.29341309e-01 -9.90290684e-02 -3.91558353e-02
 -2.28922922e-01 1.00038360e-01 -3.72318803e-02
 2.28607921e-01 1.00386056e-01 -5.07663876e-02
 -2.09176495e-01 1.36583537e-01 -3.79784617e-02
 2.09551376e-01 1.35719072e-01 -5.19342251e-02
 -1.68982670e-01 1.84111407e-01 -2.76733485e-02
 -1.53167605e-01 1.97342176e-01 -3.91442055e-02
 1.52921046e-01 1.97371432e-01 -5.05473053e-02
 1.68939542e-01 1.83948486e-01 -4.42536505e-02
 -1.18493331e-01 2.19910753e-01 -3.97205239e-02
 1.18778520e-01 2.19633793e-01 -4.94247951e-02
 -8.05002531e-02 2.36465376e-01 -4.07630537e-02
 -6.08123454e-02 2.42129001e-01 -5.29787397e-02
 -4.06443479e-02 2.46441680e-01 -4.28116601e-02
 -2.03394351e-02 2.48798355e-01 -5.45089461e-02
 1.01698157e-04 2.49743061e-01 -4.53273295e-02
 2.03350873e-02 2.49020321e-01 -3.47289361e-02
 4.04770902e-02 2.46418264e-01 -4.72712602e-02
 6.07125324e-02 2.42341314e-01 -3.68113933e-02
 8.05186355e-02 2.36365189e-01 -4.87052826e-02
 -7.99106814e-02 -2.36790984e-01 -2.66320699e-02
 -6.02622136e-02 -2.42599713e-01 -1.48922118e-02
 -3.99413749e-02 -2.46704649e-01 -2.57742339e-02
 -1.99374953e-02 -2.49180252e-01 -1.36910253e-02
 4.38455748e-04 -2.49925437e-01 -2.43642315e-02
 2.06046661e-02 -2.48995972e-01 -3.49791328e-02
 4.06564570e-02 -2.46618051e-01 -2.06322254e-02
 6.12064105e-02 -2.42276045e-01 -2.99624628e-02
 8.10509419e-02 -2.36453691e-01 -1.80724050e-02
 -1.18033887e-01 -2.20275778e-01 -2.73054273e-02
 1.19056075e-01 -2.19787467e-01 -1.74983142e-02
 -1.68926466e-01 -1.84244101e-01 -1.69594983e-02
 -1.52915219e-01 -1.97657186e-01 -2.78822253e-02
 1.52800853e-01 -1.97815664e-01 -1.82783279e-02
 1.67446252e-01 -1.85628719e-01 -7.74749198e-03
 -2.09051855e-01 -1.36912332e-01 -2.89417461e-02
 2.09563375e-01 -1.36253251e-01 -1.70920559e-02
 -2.28840634e-01 -1.00383304e-01 -2.97114298e-02
 2.29394037e-01 -9.93002928e-02 -1.68967519e-02
 -2.28980059e-01 1.00271529e-01 -1.48427730e-02
 2.29041755e-01 9.99510372e-02 -2.81940408e-02
 -2.09203116e-01 1.36816748e-01 -1.56204265e-02
 2.10024549e-01 1.35417104e-01 -2.88210098e-02
 -1.68865500e-01 1.84344005e-01 -5.28683417e-03
 -1.53060896e-01 1.97623071e-01 -1.67333350e-02
 1.54290794e-01 1.96591505e-01 -2.71722606e-02
 1.72125951e-01 1.81193939e-01 -2.57466303e-02
 -1.18250509e-01 2.20222773e-01 -1.73269561e-02
 1.18876053e-01 2.19823418e-01 -2.71779223e-02
 -8.02527570e-02 2.36724799e-01 -1.82782254e-02
 -6.05864811e-02 2.42428768e-01 -3.03544927e-02
 -4.03963467e-02 2.46664502e-01 -1.99099395e-02
 -2.01838208e-02 2.49055391e-01 -3.20105500e-02
 1.89158762e-04 2.49939068e-01 -2.20702457e-02
 2.04068296e-02 2.49148996e-01 -1.15628865e-02
 4.05914073e-02 2.46606893e-01 -2.44603765e-02
 6.08093053e-02 2.42465280e-01 -1.43290938e-02
 8.06816751e-02 2.36531437e-01 -2.63402099e-02
 -8.02567173e-02 -2.36765314e-01 -4.12107848e-03
 -6.06180065e-02 -2.42531823e-01 7.78590284e-03
 -4.03609393e-02 -2.46719466e-01 -2.87451372e-03
 -2.02565916e-02 -2.49167211e-01 9.28477404e-03
 2.03692255e-02 -2.49152097e-01 -1.15546820e-02
 4.05067144e-02 -2.46696180e-01 1.86382542e-03
 6.08802393e-02 -2.42465937e-01 -7.88091738e-03
 8.07131183e-02 -2.36610122e-01 4.11593449e-03
 -1.18301222e-01 -2.20234680e-01 -4.93610982e-03
 1.18785602e-01 -2.19973850e-01 4.90313135e-03
 -1.53148343e-01 -1.97594787e-01 -5.51548955e-03
 1.53377537e-01 -1.97417366e-01 5.26235301e-03
 1.80956893e-01 -1.72494088e-01 -2.55931922e-03
 -2.29029293e-01 -1.00210831e-01 -7.36335941e-03
 2.29283803e-01 -9.96349458e-02 5.41346189e-03
 2.50000026e-01 2.87724534e-05 -2.45570073e-04
 -2.28914364e-01 1.00472374e-01 7.51743853e-03
 2.29233358e-01 9.97495615e-02 -5.80832678e-03
 -2.09099569e-01 1.37020297e-01 6.72263514e-03
 2.09514015e-01 1.36389254e-01 -5.46214847e-03
 -1.52867357e-01 1.97812025e-01 5.64308900e-03
 1.51927939e-01 1.98537586e-01 -3.45968061e-03
 1.67503172e-01 1.85575427e-01 -8.45096516e-03
 -1.17998748e-01 2.20396697e-01 5.07161544e-03
 1.18708400e-01 2.20015678e-01 -4.78891750e-03
 -7.99666127e-02 2.36863300e-01 4.25995803e-03
 -6.03297701e-02 2.42603909e-01 -7.67206195e-03
 -4.01178208e-02 2.46759017e-01 3.00651366e-03
 -2.00144302e-02 2.49187003e-01 -9.18832651e-03
 2.04617235e-02 2.49144093e-01 1.17005290e-02
 4.06219198e-02 2.46677294e-01 -1.73678190e-03
 6.08810287e-02 2.42465409e-01 8.04167616e-03
 8.07599335e-02 2.36594268e-01 -4.00376669e-03
 -8.05719156e-02 -2.36615869e-01 1.83796523e-02
 -6.09116233e-02 -2.42346695e-01 3.04289261e-02
 -4.06866487e-02 -2.46616344e-01 1.99969324e-02
 -2.04835903e-02 -2.49030453e-01 3.20679617e-02
 -6.71597976e-05 -2.49938735e-01 2.21418241e-02
 2.02103798e-02 -2.49164739e-01 1.16555248e-02
 4.03568002e-02 -2.46644894e-01 2.45410333e-02
 6.06468881e-02 -2.42505606e-01 1.44233518e-02
 8.04414357e-02 -2.36612793e-01 2.64054544e-02
 -1.18572245e-01 -2.20049138e-01 1.74429173e-02
 1.18547084e-01 -2.20000501e-01 2.72425502e-02
 -1.69130743e-01 -1.84100450e-01 5.41445479e-03
 -1.53355013e-01 -1.97394260e-01 1.68582568e-02
 1.53559735e-01 -1.97161198e-01 2.73891229e-02
 1.69785399e-01 -1.83457786e-01 1.60866276e-02
 -2.09383691e-01 -1.36539114e-01 1.57766004e-02
 2.09942367e-01 -1.35548576e-01 2.85110317e-02
 -2.29097287e-01 -1.00001726e-01 1.50221801e-02
 2.29001398e-01 -1.00050866e-01 2.77706945e-02
 -2.28727196e-01 1.00639110e-01 2.98410334e-02
 2.29303277e-01 9.95142627e-02 1.64605584e-02
 -2.08879168e-01 1.37174139e-01 2.90558083e-02
 2.09387994e-01 1.36525769e-01 1.66840777e-02
 -1.68670062e-01 1.84478147e-01 1.70831331e-02
 -1.52643318e-01 1.97866072e-01 2.80146228e-02
 1.52122362e-01 1.98329450e-01 1.96915308e-02
 1.67216233e-01 1.85819029e-01 1.26723262e-02
 -1.17747294e-01 2.20427875e-01 2.74642653e-02
 1.18409959e-01 2.20133043e-01 1.81296042e-02
 -7.96465191e-02 2.36878677e-01 2.68150658e-02
 -6.00090619e-02 2.42661831e-01 1.50543668e-02
 -3.97415360e-02 2.46735668e-01 2.59651680e-02
 -1.97566815e-02 2.49194134e-01 1.38414857e-02
 5.37084176e-04 2.49924152e-01 2.45429643e-02
 2.05987560e-02 2.48994496e-01 3.52023358e-02
 4.06429956e-02 2.46619200e-01 2.08358378e-02
 6.10592915e-02 2.42311076e-01 3.02314773e-02
 8.08875131e-02 2.36508541e-01 1.83026270e-02
 -8.08496489e-02 -2.36345389e-01 4.08328586e-02
 -6.11708138e-02 -2.42038135e-01 5.30190870e-02
 -4.09777422e-02 -2.46385895e-01 4.28639942e-02
 -2.06824459e-02 -2.48769715e-01 5.45352979e-02
 -2.15424120e-04 -2.49742531e-01 4.53676522e-02
 2.00527263e-02 -2.49042707e-01 3.47874594e-02
 4.01632014e-02 -2.46468967e-01 4.73256557e-02
 6.04251084e-02 -2.42412512e-01 3.68774204e-02
 8.01687317e-02 -2.36483262e-01 4.87700241e-02
 -1.18837895e-01 -2.19723620e-01 3.98200147e-02
 1.18329413e-01 -2.19874598e-01 4.95301800e-02
 -1.69259980e-01 -1.83855241e-01 2.78066814e-02
 -1.53477659e-01 -1.97099589e-01 3.92686561e-02
 1.52851917e-01 -1.97431773e-01 5.01203857e-02
 1.68664874e-01 -1.84272191e-01 3.91791707e-02
 -2.09363737e-01 -1.36293217e-01 3.81577424e-02
 2.08771001e-01 -1.36946390e-01 5.06552084e-02
 -2.29043005e-01 -9.97582841e-02 3.74385471e-02
 2.28451320e-01 -1.00759308e-01 5.02114142e-02
 -2.28382510e-01 1.00854890e-01 5.21132545e-02
 2.29288207e-01 9.91624828e-02 3.87269189e-02
 -2.08589683e-01 1.37204438e-01 5.14280721e-02
 2.09823727e-01 1.35560008e-01 3.94977489e-02
 -1.68435391e-01 1.84478219e-01 3.94607703e-02
 -1.52417823e-01 1.97762653e-01 5.03994890e-02
 1.53625446e-01 1.96953411e-01 4.16831725e-02
 1.69472000e-01 1.83610052e-01 3.26447088e-02
 -1.17544785e-01 2.20290502e-01 4.98532911e-02
 1.18991436e-01 2.19629865e-01 4.07486587e-02
 -7.93971953e-02 2.36736235e-01 4.93244660e-02
 -5.96281196e-02 2.42601095e-01 3.77808730e-02
 -3.92502998e-02 2.46596511e-01 4.89229723e-02
 -1.93274012e-02 2.49079846e-01 3.70294404e-02
 1.01632913e-03 2.49708515e-01 4.81068822e-02
 2.10300666e-02 2.48674753e-01 5.91435089e-02
 4.07689326e-02 2.46418185e-01 4.30791176e-02
 6.15395926e-02 2.41956580e-01 5.21394725e-02
 8.12298449e-02 2.36217971e-01 4.05559866e-02
 -8.13051835e-02 -2.35881489e-01 6.31705612e-02
 -6.19575427e-02 -2.41465829e-01 7.54225075e-02
 -4.12991479e-02 -2.46015465e-01 6.58225644e-02
 -2.07919293e-02 -2.48401428e-01 7.63612618e-02
 -3.32080105e-04 -2.49408424e-01 6.87425177e-02
 1.98550203e-02 -2.48789082e-01 5.79362188e-02
 3.97907961e-02 -2.46188357e-01 7.01999118e-02
 6.01377700e-02 -2.42203917e-01 5.94275670e-02
 8.00163863e-02 -2.36180431e-01 7.11278454e-02
 -1.18936236e-01 -2.19344038e-01 6.22744184e-02
 1.18029509e-01 -2.19648301e-01 7.19639328e-02
 -1.69284734e-01 -1.83534718e-01 5.02318699e-02
 -1.53501165e-01 -1.96721560e-01 6.17137834e-02
 1.52614409e-01 -1.97176339e-01 7.27021741e-02
 1.68436884e-01 -1.84092631e-01 6.18302569e-02
 -2.09189639e-01 -1.36052966e-01 6.05708466e-02
 2.08285794e-01 -1.37045276e-01 7.32817153e-02
 -2.28832285e-01 -9.95586478e-02 5.98501120e-02
 2.27756642e-01 -1.01472192e-01 7.26992934e-02
 -2.28031434e-01 1.00770193e-01 7.45170970e-02
 2.29164017e-01 9.87421447e-02 6.11697299e-02
 -2.08214135e-01 1.37136221e-01 7.38157308e-02
 2.09714963e-01 1.35196965e-01 6.21522737e-02
 -1.68183865e-01 1.84322997e-01 6.18691742e-02
 -1.52234401e-01 1.97467008e-01 7.28268472e-02
 1.53828856e-01 1.96418259e-01 6.40709227e-02
 1.69663029e-01 1.83117675e-01 5.40207082e-02
 -1.17442958e-01 2.19956657e-01 7.22481143e-02
 1.19675742e-01 2.18924971e-01 6.31938587e-02
 -7.93043254e-02 2.36408038e-01 7.17862960e-02
 -5.93871072e-02 2.42374028e-01 6.04010879e-02
 -3.90428074e-02 2.46281354e-01 7.16848564e-02
 -1.86511265e-02 2.48847267e-01 6.02911865e-02
 2.02430724e-03 2.49345087e-01 7.18827171e-02
 2.26332190e-02 2.48091280e-01 8.37586674e-02
 4.11994424e-02 2.46052612e-01 6.45888428e-02
 6.34109436e-02 2.41127268e-01 7.33988375e-02
 8.24240163e-02 2.35504219e-01 6.24899909e-02
 -8.10579016e-02 -2.35519640e-01 8.58027391e-02
 -6.10693909e-02 -2.41165299e-01 9.87800205e-02
 -4.32639662e-02 -2.45228225e-01 8.86673625e-02
 -2.49585198e-02 -2.47593790e-01 9.58669822e-02
 -1.33556488e-03 -2.48921912e-01 9.26164946e-02
 1.92693619e-02 -2.48427619e-01 8.12330586e-02
 3.99066694e-02 -2.45700406e-01 9.28469774e-02
 6.00814328e-02 -2.41807785e-01 8.19007175e-02
 7.99723154e-02 -2.35706641e-01 9.35371301e-02
 -1.18985488e-01 -2.18847572e-01 8.46839522e-02
 1.17940498e-01 -2.19164716e-01 9.43934561e-02
 -1.69193230e-01 -1.83148151e-01 7.27101250e-02
 -1.53444294e-01 -1.96243804e-01 8.42125916e-02
 1.52481080e-01 -1.96678329e-01 9.52614818e-02
 -2.08832905e-01 -1.35860210e-01 8.30265299e-02
 2.07919562e-01 -1.36724003e-01 9.60017154e-02
 2.27339780e-01 -1.01228986e-01 9.54429917e-02
 -2.27540413e-01 1.00700185e-01 9.67346613e-02
 2.28761976e-01 9.86461174e-02 8.36103389e-02
 -2.07690802e-01 1.37060892e-01 9.62380418e-02
 2.09273216e-01 1.35116398e-01 8.46920646e-02
 -1.67961601e-01 1.83967935e-01 8.43531810e-02
 -1.52131135e-01 1.96947385e-01 9.53194449e-02
 1.53623336e-01 1.96040395e-01 8.65379875e-02
 1.69531909e-01 1.82754653e-01 7.58614694e-02
 -1.17476625e-01 2.19406480e-01 9.46619724e-02
 1.19623072e-01 2.18470903e-01 8.58653038e-02
 -7.94254981e-02 2.35874402e-01 9.42229908e-02
 -5.93920676e-02 2.41955732e-01 8.29478909e-02
 -3.92265135e-02 2.45773412e-01 9.43802372e-02
 -1.85669390e-02 2.48440195e-01 8.32109777e-02
 1.75675275e-03 2.48862884e-01 9.50111253e-02
 4.07285780e-02 2.45296897e-01 1.03586078e-01
 4.39256967e-02 2.45209781e-01 8.41631138e-02
 6.31464138e-02 2.40707991e-01 9.56838381e-02
 8.27907379e-02 2.34934784e-01 8.49809056e-02
 -8.09781903e-02 -2.34981869e-01 1.07782738e-01
 -6.02654452e-02 -2.40764145e-01 1.20047713e-01
 -4.03283514e-02 -2.45068929e-01 1.14183089e-01
 -1.63340770e-02 -2.47883591e-01 1.12209890e-01
 1.99686848e-03 -2.48262788e-01 1.17413487e-01
 1.97701192e-02 -2.47856550e-01 1.04022242e-01
 4.01770033e-02 -2.45050299e-01 1.15666823e-01
 6.01692795e-02 -2.41242678e-01 1.04433292e-01
 8.01121746e-02 -2.35035613e-01 1.15952858e-01
 -1.19234753e-01 -2.18098553e-01 1.07041149e-01
 1.17987229e-01 -2.18462741e-01 1.16828873e-01
 -1.68910871e-01 -1.82760495e-01 9.53088882e-02
 -1.53168443e-01 -1.95768646e-01 1.06889307e-01
 1.52438617e-01 -1.95946191e-01 1.17818538e-01
 1.68127356e-01 -1.83078501e-01 1.06993230e-01
 -2.08274347e-01 -1.35741649e-01 1.05528612e-01
 2.07666936e-01 -1.35990536e-01 1.18728985e-01
 -2.27880151e-01 -9.94262173e-02 1.04696199e-01
 2.27107785e-01 -1.00255042e-01 1.18050736e-01
 2.28104366e-01 9.88214703e-02 1.06036343e-01
 -2.07194418e-01 1.36697986e-01 1.18938770e-01
 2.08558849e-01 1.35222902e-01 1.07181361e-01
 -1.67809309e-01 1.83372074e-01 1.06938149e-01
 -1.52119598e-01 1.96191511e-01 1.17883737e-01
 1.53014558e-01 1.95813924e-01 1.09066556e-01
 1.69045824e-01 1.82546524e-01 9.80035060e-02
 -1.17648239e-01 2.18636154e-01 1.17107865e-01
 1.18997885e-01 2.18180549e-01 1.08573993e-01
 -7.97624316e-02 2.35132452e-01 1.16667126e-01
 -5.96896484e-02 2.41333332e-01 1.05480626e-01
 -3.98053558e-02 2.45067153e-01 1.17142033e-01
 -1.91026168e-02 2.47852810e-01 1.06138860e-01
 2.03071142e-04 2.48230856e-01 1.18754791e-01
 2.04380571e-02 2.47689015e-01 1.08255739e-01
 3.96555959e-02 2.44849441e-01 1.24976881e-01
 6.07327662e-02 2.40745765e-01 1.16826294e-01
 8.18865323e-02 2.34675795e-01 1.07471700e-01
 -8.23073466e-02 -2.33855503e-01 1.28817580e-01
 -6.33805300e-02 -2.39305578e-01 1.39471415e-01
 -4.22481733e-02 -2.43924375e-01 1.39485223e-01
 -2.19336753e-02 -2.46878780e-01 1.30830794e-01
 -5.22008081e-04 -2.47550182e-01 1.39636711e-01
 2.10067014e-02 -2.47049224e-01 1.28088611e-01
 4.08925924e-02 -2.44177757e-01 1.38854588e-01
 6.04564244e-02 -2.40493596e-01 1.26987726e-01
 8.03970319e-02 -2.34178576e-01 1.38375083e-01
 -1.19029032e-01 -2.17436038e-01 1.29841613e-01
 1.18122767e-01 -2.17565212e-01 1.39278582e-01
 -1.52566533e-01 -1.95374616e-01 1.29752419e-01
 1.52442027e-01 -1.95011998e-01 1.40386114e-01
 -1.82378059e-01 -1.67920625e-01 1.29053475e-01
 1.82467068e-01 -1.67205122e-01 1.41321422e-01
 -2.07513940e-01 -1.35693609e-01 1.28076646e-01
 2.07467622e-01 -1.34935335e-01 1.41402051e-01
 -2.27120895e-01 -9.95283390e-02 1.27136205e-01
 2.26932290e-01 -9.88465209e-02 1.40349184e-01
 -2.25996309e-01 1.00875769e-01 1.41408149e-01
 2.27217544e-01 9.92008574e-02 1.28461325e-01
 -2.06831716e-01 1.35876135e-01 1.41892106e-01
 2.07605747e-01 1.35459024e-01 1.29659468e-01
 -1.82057723e-01 1.67646487e-01 1.41402058e-01
 1.82302323e-01 1.67903270e-01 1.31110451e-01
 -1.52173655e-01 1.95215706e-01 1.40514747e-01
 1.52063132e-01 1.95688523e-01 1.31625128e-01
 -1.17922097e-01 2.17661316e-01 1.39596441e-01
 1.17893054e-01 2.18003931e-01 1.31181203e-01
 -8.02610631e-02 2.34196871e-01 1.39140469e-01
 -6.02368079e-02 2.40513237e-01 1.28057921e-01
 -4.06902505e-02 2.44166555e-01 1.40115081e-01
 -2.02581759e-02 2.47068015e-01 1.29430764e-01
 -9.37477526e-04 2.47452002e-01 1.42359898e-01
 1.92896970e-02 2.47054458e-01 1.32182954e-01
 3.86832766e-02 2.44233624e-01 1.47162947e-01
 5.94650701e-02 2.40341520e-01 1.38556906e-01
 8.00894376e-02 2.34607849e-01 1.29296933e-01
 -5.95199931e-02 -2.39539972e-01 1.58895553e-01
 -3.91609882e-02 -2.43480816e-01 1.64123319e-01
 -2.07531388e-02 -2.46204453e-01 1.52456647e-01
 4.75241144e-04 -2.46670143e-01 1.62659498e-01
 2.02955255e-02 -2.46313714e-01 1.50607433e-01
 4.08825745e-02 -2.43310073e-01 1.61435618e-01
 6.09431149e-02 -2.39554432e-01 1.49646442e-01
 -1.18098976e-01 -2.17005512e-01 1.52905646e-01
 -9.94398173e-02 -2.25679398e-01 1.63978093e-01
 1.18270184e-01 -2.16510663e-01 1.61756061e-01
 -1.51632478e-01 -1.95064357e-01 1.52709217e-01
 1.52410779e-01 -1.93935073e-01 1.62980229e-01
 -1.81444266e-01 -1.67742120e-01 1.51819748e-01
 1.82297574e-01 -1.66095922e-01 1.63939345e-01
 -2.06574686e-01 -1.35676526e-01 1.50667694e-01
 2.07214202e-01 -1.33718345e-01 1.64033968e-01
 -2.33185633e-01 -8.07046618e-02 1.60560813e-01
 2.33652170e-01 -7.77994241e-02 1.72229154e-01
 -2.33314683e-01 7.87477006e-02 1.72653384e-01
 2.33074390e-01 8.08738432e-02 1.61778517e-01
 -2.06595441e-01 1.34605748e-01 1.64906519e-01
 2.06464363e-01 1.35740291e-01 1.52160861e-01
 -1.81931807e-01 1.66476963e-01 1.64256217e-01
 1.81138442e-01 1.67973076e-01 1.53567079e-01
 -1.52221608e-01 1.94071855e-01 1.63203693e-01
 1.50874370e-01 1.95578377e-01 1.54196784e-01
 -1.18216381e-01 2.16522076e-01 1.62140480e-01
 -1.00079047e-01 2.24973333e-01 1.73029559e-01
 9.74126152e-02 2.26557844e-01 1.64065505e-01
 1.16528203e-01 2.17819316e-01 1.53671911e-01
 -6.09376355e-02 2.39514059e-01 1.50712320e-01
 -4.15156416e-02 2.43131286e-01 1.63151361e-01
 -2.12627319e-02 2.46149626e-01 1.52749543e-01
 -2.00852205e-03 2.46529007e-01 1.65864207e-01
 1.82709234e-02 2.46271741e-01 1.55765032e-01
 3.75762966e-02 2.43489363e-01 1.69751339e-01
 5.82843335e-02 2.39773206e-01 1.60587073e-01
 -5.76634937e-02 -2.39053410e-01 1.80151259e-01
 -3.68394583e-02 -2.42764785e-01 1.87963075e-01
 -1.83949667e-02 -2.45428110e-01 1.75576124e-01
 2.39555073e-03 -2.45618508e-01 1.86153882e-01
 2.12433379e-02 -2.45286976e-01 1.73575963e-01
 4.15115524e-02 -2.42183241e-01 1.84351303e-01
 6.11099170e-02 -2.38571322e-01 1.72014882e-01
 -9.71375009e-02 -2.25594729e-01 1.86390644e-01
 1.00034913e-01 -2.23874297e-01 1.94867508e-01
 1.18311895e-01 -2.15359291e-01 1.84290627e-01
 -1.50418431e-01 -1.94797856e-01 1.75640946e-01
 1.52202151e-01 -1.92823352e-01 1.85630953e-01
 -1.80369746e-01 -1.67515255e-01 1.74604110e-01
 1.81959369e-01 -1.64968597e-01 1.86597662e-01
 -2.05514600e-01 -1.35597336e-01 1.73303420e-01
 2.06789732e-01 -1.32510593e-01 1.86717639e-01
 -2.32107723e-01 -8.08374997e-02 1.82923889e-01
 2.32970646e-01 -7.65878982e-02 1.94277669e-01
 -2.32895018e-01 7.68760000e-02 1.93907490e-01
 -2.06435815e-01 1.32964241e-01 1.87820465e-01
 2.05211588e-01 1.35941829e-01 1.74724531e-01
 -1.81739170e-01 1.65177104e-01 1.87079294e-01
 1.79895140e-01 1.67925766e-01 1.76122379e-01
 -1.52104614e-01 1.92881416e-01 1.85944679e-01
 1.49596626e-01 1.95364594e-01 1.76795603e-01
 -1.18402294e-01 2.15283988e-01 1.84768829e-01
 -1.00347244e-01 2.23693230e-01 1.95623654e-01
 9.61227038e-02 2.26015526e-01 1.86651573e-01
 1.15210283e-01 2.17450456e-01 1.76268311e-01
 -6.16007907e-02 2.38385214e-01 1.73336687e-01
 -4.23239112e-02 2.41951019e-01 1.86264773e-01
 -2.22493641e-02 2.45085422e-01 1.76096364e-01
 -3.28772904e-03 2.45452823e-01 1.89404202e-01
 1.70609363e-02 2.45359832e-01 1.79220364e-01
 3.61176887e-02 2.42649466e-01 1.92531242e-01
 5.69830755e-02 2.39091989e-01 1.82777102e-01
 -5.56855476e-02 -2.38443501e-01 2.01745691e-01
 -3.38613466e-02 -2.42009104e-01 2.11093222e-01
 -1.58110002e-02 -2.44487445e-01 1.99034504e-01
 4.46863712e-03 -2.44373296e-01 2.10209175e-01
 2.25623291e-02 -2.44053938e-01 1.97124795e-01
 4.22870390e-02 -2.40864063e-01 2.07704783e-01
 6.14908618e-02 -2.37396339e-01 1.94396315e-01
 -1.14531514e-01 -2.16602868e-01 1.98625173e-01
 -9.52218313e-02 -2.25154602e-01 2.09312274e-01
 9.97342719e-02 -2.22701059e-01 2.17525495e-01
 1.17984640e-01 -2.14249212e-01 2.06955814e-01
 -1.49004414e-01 -1.94517897e-01 1.98413304e-01
 1.51538205e-01 -1.91892653e-01 2.08361241e-01
 -1.79341679e-01 -1.67040132e-01 1.97349418e-01
 1.81378876e-01 -1.63906203e-01 2.09245408e-01
 -2.04453523e-01 -1.35266922e-01 1.96025938e-01
 2.06205045e-01 -1.31293291e-01 2.09439962e-01
 -2.30875008e-01 -8.10066162e-02 2.05316456e-01
 2.32171038e-01 -7.53773038e-02 2.15958778e-01
 -2.32348388e-01 7.50616998e-02 2.14661865e-01
 2.30496105e-01 8.18623190e-02 2.06693034e-01
 -2.06309320e-01 1.31025319e-01 2.10479323e-01
 2.03988625e-01 1.35841826e-01 1.97409541e-01
 -1.81287720e-01 1.63969492e-01 2.09715467e-01
 1.78731840e-01 1.67587523e-01 1.98770999e-01
 -1.51554290e-01 1.91852973e-01 2.08758324e-01
 1.48342627e-01 1.94957824e-01 1.99436380e-01
 -1.18223335e-01 2.14081043e-01 2.07559903e-01
 -1.00178653e-01 2.22447126e-01 2.18413714e-01
 9.48443721e-02 2.25307161e-01 2.09427661e-01
 1.13894678e-01 2.16918305e-01 1.98976148e-01
 -6.21567079e-02 2.37146278e-01 1.95885909e-01
 -4.31340562e-02 2.40608552e-01 2.09647284e-01
 -2.34671652e-02 2.43843184e-01 1.99592147e-01
 -5.30383745e-03 2.44198544e-01 2.13127601e-01
 1.53473025e-02 2.44328486e-01 2.02704526e-01
 3.41157593e-02 2.41741398e-01 2.15303636e-01
 5.54188524e-02 2.38337416e-01 2.04901685e-01
 -5.25225200e-02 -2.37991276e-01 2.22766468e-01
 -3.19365578e-02 -2.40929841e-01 2.34363400e-01
 -1.31688494e-02 -2.43346247e-01 2.23040948e-01
 7.42994196e-03 -2.42903112e-01 2.34704626e-01
 2.42571818e-02 -2.42591692e-01 2.21300925e-01
 4.34727555e-02 -2.39279928e-01 2.31698398e-01
 6.18777038e-02 -2.36085483e-01 2.16695696e-01
 -1.12381944e-01 -2.16344789e-01 2.21458659e-01
 -9.24415714e-02 -2.24869875e-01 2.32829877e-01
 1.16562926e-01 -2.13560639e-01 2.29955014e-01
 -1.47845789e-01 -1.93892420e-01 2.20811916e-01
 1.50376870e-01 -1.91183557e-01 2.31020794e-01
 -1.78484681e-01 -1.66189305e-01 2.19976417e-01
 1.80389853e-01 -1.63104081e-01 2.31743905e-01
 -2.03663903e-01 -1.34261296e-01 2.18904103e-01
 2.05504936e-01 -1.29998399e-01 2.32143202e-01
 -2.29622673e-01 -8.07905409e-02 2.27906617e-01
 2.31317285e-01 -7.40585863e-02 2.36901781e-01
 2.29183277e-01 8.17839825e-02 2.29309507e-01
 -2.05513180e-01 1.29920037e-01 2.32727593e-01
 2.03076820e-01 1.35006013e-01 2.20297997e-01
 -1.80394478e-01 1.63059635e-01 2.32186322e-01
 1.77770514e-01 1.66836696e-01 2.21383985e-01
 -1.50525413e-01 1.91030505e-01 2.31498249e-01
 1.47125063e-01 1.94351257e-01 2.22056646e-01
 -1.16953013e-01 2.13298528e-01 2.30677261e-01
 -9.80900020e-02 2.21869632e-01 2.41734959e-01
 9.34599903e-02 2.24469589e-01 2.32504713e-01
 1.12527111e-01 2.16246734e-01 2.21811353e-01
 -6.26035097e-02 2.35802549e-01 2.18283428e-01
 -4.43302953e-02 2.39005714e-01 2.33619092e-01
 -2.51871354e-02 2.42362840e-01 2.23638400e-01
 -8.53039693e-03 2.42701908e-01 2.37420604e-01
 1.24171994e-02 2.43207969e-01 2.26122639e-01
 3.12145637e-02 2.40837184e-01 2.37423509e-01
 5.37249423e-02 2.37495410e-01 2.26612506e-01
 -5.16187687e-02 -2.36840835e-01 2.44685595e-01
 -3.14581323e-02 -2.39524985e-01 2.57314929e-01
 -1.16629917e-02 -2.41989985e-01 2.46733561e-01
 8.99613677e-03 -2.41376379e-01 2.57884643e-01
 2.86712999e-02 -2.40604709e-01 2.46165620e-01
 5.12233121e-02 -2.36114947e-01 2.56933081e-01
 6.18986263e-02 -2.34732923e-01 2.38965702e-01
 -1.11866832e-01 -2.15124771e-01 2.43545823e-01
 -9.38785656e-02 -2.22697325e-01 2.55897941e-01
 9.44206138e-02 -2.21959121e-01 2.62873750e-01
 1.14487609e-01 -2.13084656e-01 2.52587734e-01
 -1.47302642e-01 -1.92636825e-01 2.43080315e-01
 1.48771431e-01 -1.90652799e-01 2.53569398e-01
 -1.77898100e-01 -1.64855156e-01 2.42489142e-01
 1.78886387e-01 -1.62675170e-01 2.54132798e-01
 -2.03063552e-01 -1.32723715e-01 2.41648598e-01
 2.04136985e-01 -1.29552827e-01 2.54375253e-01
 -2.29495089e-01 -7.67251607e-02 2.51245515e-01
 2.31396640e-01 -6.98011051e-02 2.55606523e-01
 -2.30461490e-01 7.35195213e-02 2.52424873e-01
 2.29043413e-01 7.77748279e-02 2.52672321e-01
 -2.03955343e-01 1.29766071e-01 2.54966723e-01
 2.02391096e-01 1.33586546e-01 2.43063702e-01
 -1.78926906e-01 1.62581581e-01 2.54634170e-01
 1.77078384e-01 1.65604432e-01 2.43915930e-01
 -1.49050563e-01 1.90387023e-01 2.54141061e-01
 1.46355584e-01 1.93250740e-01 2.44432786e-01
 -1.15038440e-01 2.12726285e-01 2.53415192e-01
 -9.51713047e-02 2.21557142e-01 2.63965838e-01
 9.11000858e-02 2.23836168e-01 2.56067454e-01
 1.10831970e-01 2.15574291e-01 2.44753420e-01
 -6.26933936e-02 2.34417081e-01 2.40605708e-01
 -5.21490745e-02 2.35787323e-01 2.58760798e-01
 -2.97214193e-02 2.40328822e-01 2.48474029e-01
 -1.02542915e-02 2.41135686e-01 2.60720482e-01
 1.03416575e-02 2.41871466e-01 2.49519974e-01
 2.96046967e-02 2.39565359e-01 2.60215906e-01
 5.02591713e-02 2.36968435e-01 2.47224425e-01
 -5.29123045e-02 -2.35171239e-01 2.65172861e-01
 -5.51876569e-02 -2.33182491e-01 2.85103920e-01
 -3.21280317e-02 -2.37885890e-01 2.79373790e-01
 -1.11939329e-02 -2.40445295e-01 2.70134026e-01
 9.50391654e-03 -2.39784637e-01 2.80371691e-01
 3.05612387e-02 -2.38884577e-01 2.68333651e-01
 5.15821376e-02 -2.34419207e-01 2.79626475e-01
 -1.12908610e-01 -2.12895129e-01 2.66152677e-01
 -9.50458633e-02 -2.20490845e-01 2.78570347e-01
 9.16874710e-02 -2.21490040e-01 2.83847437e-01
 1.12125368e-01 -2.12633928e-01 2.74655627e-01
 -1.47372314e-01 -1.90731584e-01 2.65416875e-01
 1.46900546e-01 -1.90152932e-01 2.76032191e-01
 -1.77498760e-01 -1.63109858e-01 2.65009677e-01
 1.76979266e-01 -1.62468374e-01 2.76619166e-01
 -2.02559675e-01 -1.30798814e-01 2.64159548e-01
 2.01978706e-01 -1.30089478e-01 2.76589166e-01
 -2.29748278e-01 -7.16105213e-02 2.70929502e-01
 2.28728308e-01 -7.41953642e-02 2.73596011e-01
 2.29298511e-01 7.27081359e-02 2.72344857e-01
 -2.01659932e-01 1.30453021e-01 2.77569467e-01
 2.01828031e-01 1.31745283e-01 2.65590505e-01
 -1.77083438e-01 1.62285025e-01 2.77273751e-01
 1.76585667e-01 1.63953936e-01 2.66432065e-01
 -1.47315222e-01 1.89770240e-01 2.76709248e-01
 1.46205440e-01 1.91512881e-01 2.66737436e-01
 -1.12789613e-01 2.12208427e-01 2.75567915e-01
 -9.24580924e-02 2.21079215e-01 2.84970109e-01
 9.36915940e-02 2.21010711e-01 2.79318324e-01
 1.10938837e-01 2.13875563e-01 2.66828297e-01
 -5.25181752e-02 2.34072639e-01 2.81477756e-01
 -3.16234807e-02 2.38577999e-01 2.70717829e-01
 -1.08571773e-02 2.39492938e-01 2.83556551e-01
 9.55926411e-03 2.40304927e-01 2.73120680e-01
 2.99742784e-02 2.37903514e-01 2.82941021e-01
 5.39794509e-02 2.33243101e-01 2.87996969e-01
 4.97163276e-02 2.35600724e-01 2.68941703e-01
 -3.70544023e-02 -2.35595394e-01 2.99914647e-01
 -2.33438899e-02 -2.36281818e-01 3.13074773e-01
 -1.17295699e-02 -2.38710284e-01 2.93389255e-01
 1.10859212e-02 -2.38070362e-01 3.01983318e-01
 3.13352082e-02 -2.37161012e-01 2.90455520e-01
 -1.14182823e-01 -2.10364352e-01 2.88697558e-01
 -9.69920542e-02 -2.17799525e-01 3.00823669e-01
 -7.96617139e-02 -2.23614404e-01 3.13703860e-01
 7.23290612e-02 -2.25943081e-01 3.15423552e-01
 9.13701206e-02 -2.19767422e-01 3.06040529e-01
 1.10269391e-01 -2.11774058e-01 2.96443652e-01
 -1.47548215e-01 -1.88518485e-01 2.88175634e-01
 1.44962535e-01 -1.89513997e-01 2.98538509e-01
 -1.77080087e-01 -1.61156604e-01 2.87644538e-01
 1.74890016e-01 -1.62212050e-01 2.99352704e-01
 -2.01931252e-01 -1.28821830e-01 2.86460454e-01
 1.99430507e-01 -1.30829049e-01 2.99633189e-01
 -2.32473143e-01 -5.23952468e-02 3.02284503e-01
 2.30939300e-01 -5.70631472e-02 3.07528320e-01
 -2.31019925e-01 5.69431212e-02 3.06914784e-01
 2.32111876e-01 5.35171799e-02 3.03578853e-01
 -1.99388252e-01 1.30744809e-01 3.00669671e-01
 2.01163181e-01 1.29819292e-01 2.87898455e-01
 -1.75078855e-01 1.61908575e-01 3.00214005e-01
 1.76118836e-01 1.62050451e-01 2.89048817e-01
 -1.45546297e-01 1.88989181e-01 2.99316143e-01
 1.46305668e-01 1.89372310e-01 2.89352345e-01
 -1.11078480e-01 2.11270104e-01 2.97362606e-01
 -9.23561663e-02 2.19261983e-01 3.07103640e-01
 -7.34545715e-02 2.25470108e-01 3.16674626e-01
 7.89113454e-02 2.23685076e-01 3.15924261e-01
 9.60013846e-02 2.18135557e-01 3.02010202e-01
 1.12869167e-01 2.10995389e-01 2.89593290e-01
 -3.23862375e-02 2.36829189e-01 2.92932326e-01
 -1.24713369e-02 2.37706308e-01 3.05684626e-01
 1.00384176e-02 2.38533236e-01 2.96678604e-01
 2.18916336e-02 2.36188368e-01 3.15869199e-01
 3.59288134e-02 2.35529194e-01 3.02922750e-01
 -4.17703245e-02 -2.32659300e-01 3.25574332e-01
 -2.16114422e-02 -2.34522339e-01 3.35433821e-01
 -4.27097969e-03 -2.36989890e-01 3.17932756e-01
 1.54690246e-02 -2.35905842e-01 3.25187125e-01
 3.30833436e-02 -2.35160508e-01 3.12539192e-01
 -9.75400840e-02 -2.15437017e-01 3.24292376e-01
 -7.95004887e-02 -2.21543739e-01 3.37000125e-01
 7.15050252e-02 -2.24080581e-01 3.38820198e-01
 9.04911391e-02 -2.18055965e-01 3.28949113e-01
 -1.47350622e-01 -1.86368293e-01 3.11247146e-01
 -1.31223187e-01 -1.96848037e-01 3.23266998e-01
 1.25832588e-01 -1.99466329e-01 3.31767717e-01
 1.43105622e-01 -1.88602765e-01 3.21242526e-01
 -1.76460022e-01 -1.59179293e-01 3.10453432e-01
 1.72765531e-01 -1.61728717e-01 3.22388928e-01
 -2.10418437e-01 -1.08919770e-01 3.19013105e-01
 2.05981921e-01 -1.14184076e-01 3.35463082e-01
 -2.30318872e-01 -5.33098125e-02 3.25239676e-01
 2.27960817e-01 -6.20869261e-02 3.26903131e-01
 -2.28045189e-01 6.18894538e-02 3.26560535e-01
 2.29960266e-01 5.43794875e-02 3.26463941e-01
 -2.06191077e-01 1.13642885e-01 3.36346414e-01
 2.09741466e-01 1.09957532e-01 3.20446650e-01
 -1.73098536e-01 1.61250187e-01 3.23364684e-01
 1.75495819e-01 1.60072131e-01 3.11849970e-01
 -1.43780086e-01 1.87989967e-01 3.22169632e-01
 -1.26752409e-01 1.98778072e-01 3.32773214e-01
 1.30281851e-01 1.97342964e-01 3.24528342e-01
 1.46278975e-01 1.87081289e-01 3.12488674e-01
 -9.21211239e-02 2.17286709e-01 3.29853448e-01
 -7.37585851e-02 2.23268978e-01 3.39662359e-01
 7.90867508e-02 2.21503009e-01 3.38980278e-01
 9.69358888e-02 2.15572531e-01 3.25746914e-01
 -3.38234819e-02 2.34836041e-01 3.15164065e-01
 -1.67218273e-02 2.35406383e-01 3.29951268e-01
 2.68799534e-03 2.36729806e-01 3.21292370e-01
 2.03303420e-02 2.34394149e-01 3.38137999e-01
 4.07570539e-02 2.32611821e-01 3.28161611e-01
 -3.69548824e-02 -2.31228651e-01 3.50260904e-01
 -1.52125733e-02 -2.32836721e-01 3.59013229e-01
 -1.87888401e-03 -2.34920813e-01 3.41963930e-01
 1.67898026e-02 -2.33783520e-01 3.47871093e-01
 3.53173913e-02 -2.32811251e-01 3.35895890e-01
 -9.64380336e-02 -2.13638445e-01 3.47754932e-01
 -7.56680116e-02 -2.20805561e-01 3.58201649e-01
 7.03269155e-02 -2.22135986e-01 3.62430700e-01
 8.92653892e-02 -2.16286258e-01 3.52180999e-01
 -1.46708189e-01 -1.84346859e-01 3.34495774e-01
 -1.30390113e-01 -1.94898457e-01 3.46710993e-01
 1.24211288e-01 -1.97990691e-01 3.54880561e-01
 1.41348730e-01 -1.87383651e-01 3.44277207e-01
 -1.75529905e-01 -1.57290308e-01 3.33443415e-01
 1.70738223e-01 -1.60882248e-01 3.45609781e-01
 -2.08813361e-01 -1.07636255e-01 3.42027785e-01
 2.04221038e-01 -1.12877361e-01 3.58942706e-01
 -2.28268005e-01 -5.24959479e-02 3.49580685e-01
 2.27510220e-01 -5.69387411e-02 3.46343131e-01
 -2.27604244e-01 5.66245547e-02 3.46178837e-01
 2.27960219e-01 5.33642195e-02 3.50688939e-01
 -2.04503591e-01 1.12195213e-01 3.59789677e-01
 2.08159335e-01 1.08613864e-01 3.43458661e-01
 -1.71180892e-01 1.60271857e-01 3.46642308e-01
 1.74616160e-01 1.58113004e-01 3.34890915e-01
 -1.42074974e-01 1.86712138e-01 3.45330005e-01
 -1.25119026e-01 1.97289415e-01 3.56025566e-01
 1.29634103e-01 1.95232179e-01 3.48239413e-01
 1.45776787e-01 1.84925600e-01 3.35896938e-01
 -9.06632103e-02 2.15573704e-01 3.53455672e-01
 -7.19311936e-02 2.21467604e-01 3.63934631e-01
 7.55548102e-02 2.20628020e-01 3.60328033e-01
 9.60564501e-02 2.13637251e-01 3.49452295e-01
 -3.64145331e-02 2.32442811e-01 3.38096895e-01
 -1.91052269e-02 2.33011940e-01 3.54185319e-01
 1.92154178e-04 2.34614342e-01 3.45394809e-01
 1.58528554e-02 2.32563582e-01 3.61394790e-01
 3.69663217e-02 2.31022198e-01 3.52414704e-01
 -1.26845638e-02 -2.30815903e-01 3.80802103e-01
 7.21617684e-03 -2.32444162e-01 3.66991049e-01
 2.80296360e-02 -2.29524755e-01 3.80162978e-01
 -7.33823716e-02 -2.19278285e-01 3.80149069e-01
 -5.27811528e-02 -2.24194927e-01 3.88861018e-01
 4.82614372e-02 -2.24605155e-01 3.94428781e-01
 6.86973097e-02 -2.20195630e-01 3.85633757e-01
 8.78664101e-02 -2.14387522e-01 3.75606320e-01
 -1.28821023e-01 -1.93265969e-01 3.69939052e-01
 1.22406620e-01 -1.96409209e-01 3.78207645e-01
 -1.59815620e-01 -1.68691356e-01 3.68829842e-01
 1.53725455e-01 -1.72763599e-01 3.79920945e-01
 -1.86120329e-01 -1.39356262e-01 3.67457801e-01
 1.80896744e-01 -1.43904144e-01 3.80903910e-01
 -2.07082112e-01 -1.06196748e-01 3.65278447e-01
 2.02968679e-01 -1.10464311e-01 3.81604460e-01
 -2.30907900e-01 -3.25749290e-02 3.60453833e-01
 2.29407544e-01 -3.38149801e-02 3.73711045e-01
 -2.29432836e-01 3.36128693e-02 3.73754362e-01
 2.30743499e-01 3.31673361e-02 3.61272967e-01
 -2.03291841e-01 1.09682940e-01 3.82457353e-01
 2.06462749e-01 1.07093281e-01 3.66697353e-01
 -1.81370850e-01 1.43143564e-01 3.81880753e-01
 1.85332666e-01 1.40150878e-01 3.68989020e-01
 -1.54367708e-01 1.72038600e-01 3.81016591e-01
 1.58985044e-01 1.69249690e-01 3.70476880e-01
 -1.23266175e-01 1.95723814e-01 3.79424007e-01
 -8.90016654e-02 2.13760473e-01 3.77045067e-01
 -6.97432240e-02 2.19687362e-01 3.87264640e-01
 -4.82324102e-02 2.24525863e-01 3.95207089e-01
 5.27493798e-02 2.23934409e-01 3.91324019e-01
 7.32327795e-02 2.19081485e-01 3.82419338e-01
 9.32340230e-02 2.12515048e-01 3.71909517e-01
 -2.79132447e-02 2.29608525e-01 3.79489982e-01
 -5.63688941e-03 2.32193518e-01 3.69960286e-01
 1.33520178e-02 2.30482461e-01 3.83657763e-01
 7.89708394e-03 -2.30080589e-01 3.89883696e-01
 -9.11304329e-02 -2.11128928e-01 3.92323157e-01
 -7.10109213e-02 -2.17567734e-01 4.02427672e-01
 -5.05944354e-02 -2.22177076e-01 4.11389296e-01
 4.79119434e-02 -2.22075894e-01 4.17358748e-01
 6.67931180e-02 -2.18191614e-01 4.08531491e-01
 8.60203204e-02 -2.12477541e-01 3.99075388e-01
 -1.26600936e-01 -1.91921159e-01 3.92703312e-01
 1.20172796e-01 -1.94865392e-01 4.01716322e-01
 -1.58182565e-01 -1.66975098e-01 3.91869664e-01
 1.51805664e-01 -1.71176965e-01 4.03058484e-01
 -1.84596064e-01 -1.37405969e-01 3.90771844e-01
 1.79360372e-01 -1.41952875e-01 4.03569258e-01
 -1.79871158e-01 1.41137375e-01 4.04507193e-01
 1.83845024e-01 1.38126591e-01 3.92368688e-01
 -1.52466453e-01 1.70427198e-01 4.04149935e-01
 1.57392276e-01 1.67456088e-01 3.93672999e-01
 -1.20984546e-01 1.94206156e-01 4.02923930e-01
 1.25944825e-01 1.92087933e-01 3.94768773e-01
 -8.68510636e-02 2.11976544e-01 4.00456978e-01
 -6.70470067e-02 2.17994496e-01 4.09548483e-01
 -4.81991033e-02 2.21919839e-01 4.18157066e-01
 -3.00345072e-02 2.24425970e-01 4.23904518e-01
 2.95115003e-02 2.24957301e-01 4.19967722e-01
 5.01732022e-02 2.21965866e-01 4.14030473e-01
 7.06393188e-02 2.17403767e-01 4.04884392e-01
 9.07343273e-02 2.11039822e-01 3.94552850e-01
 -8.16050105e-03 2.29853814e-01 3.91931657e-01
 -6.84252942e-02 -2.15697008e-01 4.25070374e-01
 -4.78359505e-02 -2.20024170e-01 4.34531671e-01
 -2.74965292e-02 -2.22950713e-01 4.38851963e-01
 -3.57891357e-03 -2.23701669e-01 4.46224648e-01
 1.41939764e-02 -2.24648709e-01 4.35090938e-01
 4.03016808e-02 -2.20610648e-01 4.41936300e-01
 6.22087991e-02 -2.16619464e-01 4.32778783e-01
 -1.24337835e-01 -1.90411983e-01 4.15372625e-01
 -1.05655810e-01 -1.99919199e-01 4.26505519e-01
 9.95180247e-02 -2.01829694e-01 4.35632133e-01
 1.17893657e-01 -1.93171134e-01 4.24942752e-01
 -1.56351427e-01 -1.65251066e-01 4.14658191e-01
 1.49830034e-01 -1.69432217e-01 4.26027358e-01
 -1.82891202e-01 -1.35431197e-01 4.13941475e-01
 1.77673446e-01 -1.40000642e-01 4.25807231e-01
 -2.10951265e-01 -8.25906516e-02 4.22911224e-01
 2.07717332e-01 -8.59413250e-02 4.37586439e-01
 -2.07959555e-01 8.50480791e-02 4.38536976e-01
 2.10503327e-01 8.33627225e-02 4.24057108e-01
 -1.78196629e-01 1.39165696e-01 4.26687543e-01
 1.82160770e-01 1.36095925e-01 4.15603181e-01
 -1.50490439e-01 1.68677791e-01 4.27091617e-01
 1.55541247e-01 1.65712146e-01 4.16584734e-01
 -1.18638090e-01 1.92559283e-01 4.26069459e-01
 -1.00150126e-01 2.01389851e-01 4.36570308e-01
 1.04876388e-01 2.00010128e-01 4.28894639e-01
 1.23581862e-01 1.90593955e-01 4.17640793e-01
 -6.25993173e-02 2.16394919e-01 4.33674228e-01
 -4.08622420e-02 2.20376155e-01 4.42983387e-01
 -1.53432478e-02 2.24353070e-01 4.36903727e-01
 2.40224605e-03 2.23432853e-01 4.48499937e-01
 2.63813248e-02 2.22777149e-01 4.41350430e-01
 4.69027487e-02 2.19903362e-01 4.37130055e-01
 6.77227746e-02 2.15601781e-01 4.27635729e-01
 -6.48079719e-02 -2.13934024e-01 4.47788885e-01
 -4.37210160e-02 -2.17835425e-01 4.58453413e-01
 -2.21080615e-02 -2.21170773e-01 4.57729098e-01
 -4.59142177e-04 -2.21085098e-01 4.66839424e-01
 2.01925053e-02 -2.21752605e-01 4.54630645e-01
 3.99842497e-02 -2.17686411e-01 4.64997364e-01
 5.98461510e-02 -2.14432979e-01 4.54962961e-01
 -1.22186320e-01 -1.88635831e-01 4.37941524e-01
 -1.03722991e-01 -1.97871467e-01 4.48792922e-01
 9.74622858e-02 -1.99636016e-01 4.58634265e-01
 1.15894020e-01 -1.91090283e-01 4.48162513e-01
 -1.54547650e-01 -1.63284099e-01 4.37325495e-01
 1.47365975e-01 -1.67904230e-01 4.48846760e-01
 -1.81121657e-01 -1.33271046e-01 4.36967683e-01
 1.75780732e-01 -1.38157974e-01 4.47455523e-01
 -2.08882627e-01 -8.03046296e-02 4.45766518e-01
 2.06029802e-01 -8.28874317e-02 4.59241402e-01
 -2.06255237e-01 8.19506743e-02 4.60310970e-01
 2.08452930e-01 8.10113350e-02 4.46937343e-01
 -1.76283054e-01 1.37352652e-01 4.48259806e-01
 1.80385610e-01 1.33918592e-01 4.38668275e-01
 -1.48015836e-01 1.67158678e-01 4.49876664e-01
 1.53651675e-01 1.63793849e-01 4.39322384e-01
 -1.16612305e-01 1.90508630e-01 4.49142377e-01
 -9.82186565e-02 1.99157968e-01 4.59377356e-01
 1.02645811e-01 1.98078953e-01 4.51284133e-01
 1.21243136e-01 1.88888875e-01 4.40383786e-01
 -6.04124989e-02 2.14148987e-01 4.55904582e-01
 -4.09003749e-02 2.17319500e-01 4.66466172e-01
 -2.11710617e-02 2.21400345e-01 4.56660800e-01
 -8.45645996e-04 2.20767217e-01 4.69231594e-01
 2.08424149e-02 2.20967861e-01 4.60240303e-01
 4.23634821e-02 2.17766252e-01 4.61011323e-01
 6.37055091e-02 2.13932060e-01 4.50327912e-01
 -6.30953116e-02 -2.11414581e-01 4.70282945e-01
 -2.36204181e-02 -2.18544609e-01 4.76325047e-01
 -3.00769022e-03 -2.18262622e-01 4.87481745e-01
 1.93402727e-02 -2.18904963e-01 4.76765674e-01
 5.89404812e-02 -2.11561954e-01 4.77787940e-01
 -1.20704991e-01 -1.86181262e-01 4.60727457e-01
 -1.14248613e-01 -1.86847105e-01 4.82252120e-01
 9.55689146e-02 -1.97139573e-01 4.81706882e-01
 1.13896485e-01 -1.88812476e-01 4.71210580e-01
 -1.53613636e-01 -1.60284607e-01 4.59769021e-01
 1.45856830e-01 -1.65128096e-01 4.72584718e-01
 -1.78713031e-01 -1.31586902e-01 4.60374853e-01
 1.72189538e-01 -1.38496214e-01 4.67667982e-01
 -2.06445902e-01 -7.85313382e-02 4.68409068e-01
 1.96620850e-01 -1.00083208e-01 4.70295506e-01
 -1.96983269e-01 9.91015552e-02 4.71194184e-01
 2.06014711e-01 7.91814139e-02 4.69693776e-01
 -1.72644687e-01 1.37776350e-01 4.68384651e-01
 1.77980131e-01 1.32208953e-01 4.62063007e-01
 -1.46495618e-01 1.64373531e-01 4.73631071e-01
 1.52600212e-01 1.60891376e-01 4.61773396e-01
 -1.14758984e-01 1.88148230e-01 4.72112576e-01
 -9.66222339e-02 1.96540217e-01 4.82263179e-01
 1.12615030e-01 1.87353415e-01 4.85247706e-01
 1.19433344e-01 1.86598193e-01 4.63323817e-01
 -5.97720107e-02 2.11168241e-01 4.78920523e-01
 -3.99290462e-02 2.14306238e-01 4.89547262e-01
 -2.07267513e-02 2.18473973e-01 4.78991416e-01
 1.10610792e-03 2.17912693e-01 4.90107857e-01
 2.19464683e-02 2.18363407e-01 4.78928683e-01
 4.20214003e-02 2.14595078e-01 4.84696675e-01
 6.14936710e-02 2.11536131e-01 4.72796197e-01
 -4.43727698e-02 -2.11048848e-01 5.05797877e-01
 -2.46104936e-02 -2.15501619e-01 4.97246805e-01
 -4.82840550e-03 -2.15154063e-01 5.08888052e-01
 1.69775618e-02 -2.16094255e-01 4.98237822e-01
 3.65035143e-02 -2.12013962e-01 5.09393319e-01
 -9.87501388e-02 -1.93608291e-01 4.94194530e-01
 -8.09066490e-02 -2.00006341e-01 5.05198644e-01
 7.50329541e-02 -2.00560007e-01 5.16073898e-01
 9.37262790e-02 -1.94341227e-01 5.05124094e-01
 -1.49741449e-01 -1.59508595e-01 4.83893012e-01
 -1.36011163e-01 -1.68467025e-01 4.99917589e-01
 1.27278151e-01 -1.73914576e-01 5.06817784e-01
 1.43713570e-01 -1.62807053e-01 4.95423809e-01
 -1.85945116e-01 -1.12495271e-01 4.94275270e-01
 1.81112144e-01 -1.17190468e-01 5.05407688e-01
 -2.08445032e-01 -5.79170005e-02 5.01139733e-01
 2.08341939e-01 -6.23486351e-02 4.93255455e-01
 -2.08348822e-01 6.15734713e-02 4.94764605e-01
 2.08346686e-01 5.84493692e-02 5.00805002e-01
 -1.81382834e-01 1.16734072e-01 5.05544386e-01
 1.85515360e-01 1.12842991e-01 4.95589100e-01
 -1.44274594e-01 1.62088643e-01 4.96582515e-01
 -1.28128710e-01 1.73056147e-01 5.08088641e-01
 1.34474227e-01 1.69337828e-01 5.01859050e-01
 1.48572173e-01 1.60225809e-01 4.85864511e-01
 -9.52624059e-02 1.93535949e-01 5.05473016e-01
 -7.65932817e-02 2.00114574e-01 5.15172245e-01
 7.87309683e-02 2.00502433e-01 5.07546808e-01
 9.68472492e-02 1.94158496e-01 4.96759320e-01
 -3.82038999e-02 2.11322206e-01 5.11990820e-01
 -1.89091279e-02 2.15551454e-01 5.00879858e-01
 2.03385990e-03 2.14752868e-01 5.11892088e-01
 2.21559298e-02 2.15373892e-01 4.99971592e-01
 4.16982936e-02 2.11213850e-01 5.08330427e-01
 -4.48102443e-02 -2.07283752e-01 5.29535889e-01
 -2.54456342e-02 -2.12111496e-01 5.19403642e-01
 1.45736240e-02 -2.13079006e-01 5.19768763e-01
 3.34497641e-02 -2.09253553e-01 5.30570902e-01
 -9.95178690e-02 -1.89645021e-01 5.15844697e-01
 -8.13460909e-02 -1.96125378e-01 5.27904200e-01
 7.21132120e-02 -1.97581310e-01 5.40538043e-01
 9.13283203e-02 -1.91555493e-01 5.28630758e-01
 -1.32547382e-01 -1.67320150e-01 5.20540990e-01
 1.25269797e-01 -1.70933046e-01 5.30500111e-01
 -1.60770167e-01 -1.40539187e-01 5.20026443e-01
 1.54146484e-01 -1.45212638e-01 5.31446014e-01
 -1.82933470e-01 -1.10820653e-01 5.17751353e-01
 1.78227030e-01 -1.15086888e-01 5.29001527e-01
 -2.05447199e-01 -5.62745911e-02 5.23444658e-01
 2.04901425e-01 -6.19358479e-02 5.16594765e-01
 -2.04827687e-01 6.13155851e-02 5.18243883e-01
 2.05563322e-01 5.65895021e-02 5.22170408e-01
 -1.78375710e-01 1.15209347e-01 5.27771750e-01
 1.82775020e-01 1.10809299e-01 5.18684721e-01
 -1.53476428e-01 1.45545900e-01 5.33087697e-01
 1.59519121e-01 1.41688816e-01 5.21197963e-01
 -1.25684684e-01 1.70217539e-01 5.32606816e-01
 1.30310996e-01 1.68714499e-01 5.22371296e-01
 -9.34496247e-02 1.90514354e-01 5.28718836e-01
 -7.46920838e-02 1.97025396e-01 5.38176391e-01
 7.86357164e-02 1.96899478e-01 5.29861055e-01
 9.75314730e-02 1.90251950e-01 5.18333184e-01
 -3.65402604e-02 2.08141049e-01 5.34297900e-01
 -1.74633580e-02 2.12345563e-01 5.23135459e-01
 2.97594562e-03 2.11292327e-01 5.34366523e-01
 2.23070037e-02 2.12036418e-01 5.22195082e-01
 4.12196734e-02 2.07624830e-01 5.32058606e-01
 -2.57818982e-02 -2.08486459e-01 5.42124969e-01
 -6.14180944e-03 -2.08081051e-01 5.53744817e-01
 1.34304097e-02 -2.09633333e-01 5.42195811e-01
 -9.84781947e-02 -1.86204711e-01 5.38589000e-01
 -8.23963219e-02 -1.91568819e-01 5.51539814e-01
 -6.43944556e-02 -1.96233236e-01 5.63501893e-01
 5.44671629e-02 -1.99739275e-01 5.60536534e-01
 7.30424603e-02 -1.92910075e-01 5.64985441e-01
 9.00197610e-02 -1.88122699e-01 5.51453634e-01
 -1.30305387e-01 -1.64570672e-01 5.43132115e-01
 1.24042485e-01 -1.67224343e-01 5.53527003e-01
 -1.56906256e-01 -1.39180629e-01 5.44194129e-01
 1.52810052e-01 -1.40951607e-01 5.55435086e-01
 -1.80214546e-01 -1.08193742e-01 5.41359168e-01
 -2.04911643e-01 -3.44659888e-02 5.56033756e-01
 2.03632169e-01 -4.40589606e-02 5.52706456e-01
 -2.03600122e-01 4.34097200e-02 5.53716374e-01
 2.05544577e-01 3.35424964e-02 5.53192312e-01
 -1.75032226e-01 1.13934453e-01 5.49657241e-01
 -1.52783113e-01 1.40482521e-01 5.57451383e-01
 1.55489185e-01 1.40678444e-01 5.44539651e-01
 -1.22909471e-01 1.67469146e-01 5.56379334e-01
 1.27551792e-01 1.66315056e-01 5.45085256e-01
 -9.05943084e-02 1.87705445e-01 5.52222665e-01
 -7.18896586e-02 1.93959759e-01 5.61590920e-01
 -5.34119357e-02 1.98715120e-01 5.67936604e-01
 6.07010631e-02 1.96935360e-01 5.66135994e-01
 7.75714268e-02 1.93367678e-01 5.52690099e-01
 9.59662378e-02 1.87117684e-01 5.40776936e-01
 -1.62007556e-02 2.08869065e-01 5.45692639e-01
 2.97086517e-03 2.07528356e-01 5.57468325e-01
 2.24447440e-02 2.08343720e-01 5.45368208e-01
 -6.48015351e-02 -1.91990665e-01 5.85701260e-01
 -4.52638529e-02 -1.99402768e-01 5.75357254e-01
 -2.51226881e-02 -2.00824983e-01 5.87036012e-01
 1.57460423e-02 -2.01887451e-01 5.86427104e-01
 3.53187907e-02 -2.01616287e-01 5.74156536e-01
 -1.22162466e-01 -1.65663343e-01 5.67549173e-01
 -1.03896559e-01 -1.74758076e-01 5.81929763e-01
 1.06743871e-01 -1.72439907e-01 5.84742773e-01
 1.22294163e-01 -1.63514917e-01 5.76985862e-01
 -1.53689985e-01 -1.37105941e-01 5.66835058e-01
 1.49789857e-01 -1.38328221e-01 5.78665031e-01
 -1.86357568e-01 -8.42374505e-02 5.75151169e-01
 1.87662787e-01 -8.19680292e-02 5.73605367e-01
 -1.87262646e-01 8.26846056e-02 5.74052014e-01
 1.83196858e-01 9.07651016e-02 5.75508685e-01
 -1.50777777e-01 1.37101847e-01 5.79229383e-01
 1.52056064e-01 1.38681084e-01 5.67754032e-01
 -1.19986333e-01 1.64673611e-01 5.79460552e-01
 -1.01578693e-01 1.74884110e-01 5.87841350e-01
 1.02872732e-01 1.75619654e-01 5.80688613e-01
 1.22571643e-01 1.64957974e-01 5.69421874e-01
 -6.24307070e-02 1.92728069e-01 5.85946247e-01
 -1.81289421e-02 2.00842192e-01 5.91050351e-01
 2.25127435e-02 2.00394121e-01 5.91072260e-01
 4.21131685e-02 1.99445206e-01 5.78938609e-01
 6.19627723e-02 1.92388056e-01 5.88523267e-01
 -6.44211227e-02 -1.87893596e-01 6.07235603e-01
 -4.48284797e-02 -1.95403666e-01 5.97432410e-01
 -2.40321980e-02 -1.96865035e-01 6.08823644e-01
 -4.08038180e-03 -2.00343973e-01 5.97938735e-01
 1.71713059e-02 -1.97726024e-01 6.08073596e-01
 3.68195503e-02 -1.97387942e-01 5.95749597e-01
 -1.01925825e-01 -1.71216765e-01 6.03933403e-01
 9.34937583e-02 -1.77071227e-01 5.98728294e-01
 -1.35129150e-01 -1.47319251e-01 6.00495474e-01
 1.30341744e-01 -1.48543701e-01 6.12481183e-01
 -1.62428863e-01 -1.16623823e-01 6.00210307e-01
 1.58577640e-01 -1.18403357e-01 6.11016258e-01
 -1.83928665e-01 -8.03027096e-02 5.96278375e-01
 1.82366658e-01 -8.51143237e-02 5.93268575e-01
 -1.82633158e-01 8.39293316e-02 5.94656472e-01
 1.87398108e-01 7.51683939e-02 5.89666911e-01
 -1.58412394e-01 1.18231044e-01 6.12234732e-01
 1.62512234e-01 1.15504729e-01 6.03303572e-01
 -1.30250844e-01 1.48282626e-01 6.13801355e-01
 1.34578758e-01 1.47473083e-01 6.01867393e-01
 -9.86540229e-02 1.72062699e-01 6.08760486e-01
 1.00973270e-01 1.71932740e-01 6.03238706e-01
 -5.98463982e-02 1.89250065e-01 6.07984866e-01
 -4.07968073e-02 1.95898062e-01 5.99460965e-01
 1.99481242e-03 1.99556889e-01 6.02303535e-01
 4.25085098e-02 1.95152268e-01 6.01446887e-01
 6.29323910e-02 1.87960317e-01 6.09399151e-01
 -4.38828671e-02 -1.91358608e-01 6.19111688e-01
 -2.28038481e-02 -1.92718587e-01 6.30422830e-01
 -2.78414379e-03 -1.96214144e-01 6.19577745e-01
 1.86071190e-02 -1.93326177e-01 6.29651249e-01
 3.82374320e-02 -1.92897711e-01 6.17458022e-01
 -9.93556790e-02 -1.67673592e-01 6.26278489e-01
 -8.09655796e-02 -1.74322384e-01 6.39453670e-01
 7.93552999e-02 -1.76467111e-01 6.33240848e-01
 9.74831957e-02 -1.70552432e-01 6.18500370e-01
 -1.32106838e-01 -1.44365693e-01 6.22335707e-01
 1.28623471e-01 -1.43937496e-01 6.35459308e-01
 -1.59736039e-01 -1.12644853e-01 6.23481331e-01
 1.55266704e-01 -1.15653448e-01 6.32665004e-01
 -1.85058383e-01 -5.79084829e-02 6.31189803e-01
 1.83899202e-01 -6.32531338e-02 6.28396736e-01
 -1.84086755e-01 6.25344340e-02 6.28668959e-01
 1.86019186e-01 5.84973415e-02 6.25778896e-01
 -1.55019616e-01 1.15588824e-01 6.33822354e-01
 1.57864190e-01 1.14250296e-01 6.26428585e-01
 -1.27629703e-01 1.44533607e-01 6.36499497e-01
 1.32038072e-01 1.44090172e-01 6.23589597e-01
 -9.46193503e-02 1.69953030e-01 6.28180576e-01
 -7.69261320e-02 1.75874628e-01 6.40631173e-01
 8.02547692e-02 1.74626807e-01 6.39558396e-01
 9.88820441e-02 1.68111522e-01 6.25599081e-01
 -3.93873151e-02 1.91897626e-01 6.21275700e-01
 -1.87735021e-02 1.92465084e-01 6.33779455e-01
 1.61640547e-03 1.95363010e-01 6.23932154e-01
 2.24451573e-02 1.91771004e-01 6.35233807e-01
 4.25018710e-02 1.90780167e-01 6.23493997e-01
 -4.24678187e-02 -1.87156311e-01 6.40862279e-01
 -2.11498413e-02 -1.88384310e-01 6.51939459e-01
 -1.30561222e-03 -1.91862601e-01 6.41087414e-01
 2.01844883e-02 -1.88662898e-01 6.51139647e-01
 3.98020107e-02 -1.88135247e-01 6.39011217e-01
 -9.76323555e-02 -1.63098920e-01 6.49513027e-01
 -7.96538295e-02 -1.69558246e-01 6.62181841e-01
 7.97424011e-02 -1.71141517e-01 6.55460296e-01
 9.74013860e-02 -1.65316793e-01 6.41041138e-01
 -1.28015993e-01 -1.42050580e-01 6.44156180e-01
 1.28134438e-01 -1.37614530e-01 6.59015513e-01
 -1.53777950e-01 -1.12903778e-01 6.46283137e-01
 1.52515254e-01 -1.11498356e-01 6.54916796e-01
 -1.79729764e-01 -5.82691495e-02 6.54852017e-01
 1.79139037e-01 -6.31212268e-02 6.50230008e-01
 -1.79129363e-01 6.28197382e-02 6.50739656e-01
 1.81003563e-01 6.00280483e-02 6.46645155e-01
 -1.52097207e-01 1.11840311e-01 6.55539130e-01
 1.52460539e-01 1.13376816e-01 6.49941714e-01
 -1.27629107e-01 1.37640866e-01 6.60494799e-01
 1.28032003e-01 1.41473806e-01 6.46133178e-01
 -9.69380465e-02 1.64084536e-01 6.47200842e-01
 -7.89126862e-02 1.70053493e-01 6.61569392e-01
 8.24452666e-02 1.68206188e-01 6.62232406e-01
 9.72275238e-02 1.63647203e-01 6.48276989e-01
 -3.90565062e-02 1.87344432e-01 6.43449248e-01
 -1.90754628e-02 1.87836105e-01 6.55484599e-01
 2.02161107e-03 1.90861795e-01 6.45819983e-01
 2.26815548e-02 1.87009523e-01 6.57425423e-01
 4.23937965e-02 1.85962247e-01 6.46477712e-01
 -1.93052473e-02 -1.83801872e-01 6.73429568e-01
 3.94352312e-04 -1.87248440e-01 6.62575550e-01
 2.17265020e-02 -1.83706356e-01 6.72665934e-01
 -5.95616537e-02 -1.75092923e-01 6.72843636e-01
 -5.73305544e-02 -1.70513666e-01 6.94415814e-01
 4.23630439e-02 -1.77800228e-01 6.82260782e-01
 6.13269714e-02 -1.75334433e-01 6.69290637e-01
 -1.26834980e-01 -1.36113070e-01 6.67965900e-01
 -1.12658944e-01 -1.43606036e-01 6.83348124e-01
 9.71132230e-02 -1.53609281e-01 6.86710963e-01
 1.13241368e-01 -1.46280805e-01 6.72646755e-01
 -1.62758059e-01 -8.40299324e-02 6.80573969e-01
 1.64362358e-01 -7.98605655e-02 6.82434943e-01
 -1.77867393e-01 -3.00555288e-02 6.92357101e-01
 1.76859299e-01 -3.80720405e-02 6.90175040e-01
 -1.77276919e-01 4.29337777e-02 6.83866985e-01
 1.79088511e-01 2.25473022e-02 6.91883990e-01
 -1.64764239e-01 7.92266470e-02 6.82066432e-01
 1.66090726e-01 7.89374036e-02 6.77439781e-01
 -1.13234535e-01 1.45470104e-01 6.75472288e-01
 -9.74553955e-02 1.52210078e-01 6.90907490e-01
 1.12351465e-01 1.42080442e-01 6.89235246e-01
 1.20730171e-01 1.41085302e-01 6.69557392e-01
 -6.06220414e-02 1.74226628e-01 6.74923207e-01
 -4.19779984e-02 1.76723913e-01 6.87098717e-01
 5.81768230e-02 1.71180472e-01 6.90654562e-01
 6.32712986e-02 1.73983584e-01 6.72029609e-01
 -2.06603901e-02 1.82845237e-01 6.76943714e-01
 1.04358563e-03 1.86171898e-01 6.67400513e-01
 2.08989378e-02 1.82412321e-01 6.78692957e-01
 -7.41603295e-02 -1.60443889e-01 7.07197794e-01
 -5.57518629e-02 -1.65356650e-01 7.16088718e-01
 -3.68694542e-02 -1.73307136e-01 7.05467957e-01
 -1.50509630e-02 -1.73768837e-01 7.16412176e-01
 2.40442142e-02 -1.72681197e-01 7.16693742e-01
 4.30171277e-02 -1.72136039e-01 7.04485614e-01
 6.17550691e-02 -1.69688817e-01 6.91572736e-01
 -1.05518971e-01 -1.42032962e-01 7.06455067e-01
 9.69510131e-02 -1.47209018e-01 7.09140823e-01
 -1.34637070e-01 -1.15611514e-01 7.04350804e-01
 1.28838393e-01 -1.22777904e-01 7.02296666e-01
 -1.56105394e-01 -8.74104063e-02 6.98461899e-01
 1.53656023e-01 -9.29435153e-02 6.95716793e-01
 -1.53255792e-01 9.35502154e-02 6.95828304e-01
 1.60379105e-01 7.86616162e-02 6.99610528e-01
 -1.29162353e-01 1.21707387e-01 7.04323021e-01
 1.40289842e-01 1.12153339e-01 6.95590970e-01
 -9.74711019e-02 1.45739822e-01 7.12845836e-01
 1.06316829e-01 1.39785541e-01 7.11693992e-01
 -6.15102654e-02 1.68298773e-01 6.97332587e-01
 -4.28773984e-02 1.70912890e-01 7.09369836e-01
 -2.30474305e-02 1.71890877e-01 7.20248541e-01
 1.36329694e-02 1.72654237e-01 7.21162416e-01
 3.36833118e-02 1.71325527e-01 7.15687588e-01
 5.33047731e-02 1.67328391e-01 7.11728612e-01
 7.39037320e-02 1.61100441e-01 7.05236684e-01
 -5.15616225e-02 -1.61311185e-01 7.35610164e-01
 -3.35538361e-02 -1.68535827e-01 7.26304169e-01
 -1.39839209e-02 -1.67912925e-01 7.38752940e-01
 5.03463294e-03 -1.71284387e-01 7.28135737e-01
 4.32265045e-02 -1.66106184e-01 7.27079050e-01
 -1.03328019e-01 -1.37248015e-01 7.26485781e-01
 -8.91112026e-02 -1.42263189e-01 7.41030803e-01
 7.88357576e-02 -1.46780674e-01 7.45551089e-01
 -1.31449579e-01 -1.10645539e-01 7.26400648e-01
 1.27493687e-01 -1.16113397e-01 7.24022936e-01
 -1.61694027e-01 -6.13256796e-02 7.22155048e-01
 1.59602624e-01 -6.39269510e-02 7.25979462e-01
 -1.55801294e-01 6.54332318e-02 7.36961173e-01
 1.64904670e-01 6.01122686e-02 7.12101176e-01
 -1.27848202e-01 1.14878370e-01 7.26171798e-01
 1.33916828e-01 1.11409175e-01 7.17264974e-01
 -9.92008822e-02 1.38049690e-01 7.33228446e-01
 -8.12163754e-02 1.44612640e-01 7.48236599e-01
 8.00338704e-02 1.47424327e-01 7.41465398e-01
 9.97259205e-02 1.37504268e-01 7.33728612e-01
 -4.43178295e-02 1.64754512e-01 7.30938251e-01
 -2.30109558e-02 1.66790139e-01 7.39205973e-01
 -1.61584515e-03 1.69482099e-01 7.35099938e-01
 2.34159158e-02 1.66903494e-01 7.38592766e-01
 4.49300075e-02 1.63691004e-01 7.34156266e-01
 -3.32163691e-02 -1.62432106e-01 7.48465428e-01
 5.29352886e-03 -1.65059462e-01 7.50758521e-01
 2.44214402e-02 -1.66543191e-01 7.39372728e-01
 -7.35154284e-02 -1.46246326e-01 7.55857550e-01
 -5.63482007e-02 -1.47826042e-01 7.74311428e-01
 6.12228231e-02 -1.50620640e-01 7.59633972e-01
 7.80885209e-02 -1.39624729e-01 7.68449539e-01
 -1.09328322e-01 -1.18416680e-01 7.64459021e-01
 1.09595862e-01 -1.20238076e-01 7.59279652e-01
 1.36267405e-01 -9.21462251e-02 7.53023932e-01
 -1.61730231e-01 -3.37069965e-02 7.50543414e-01
 1.54899582e-01 -3.81678602e-02 7.69928647e-01
 -1.56388802e-01 3.19619221e-02 7.69633935e-01
 1.61621976e-01 3.89016340e-02 7.46887361e-01
 1.36918731e-01 9.13253849e-02 7.52733440e-01
 -1.06750878e-01 1.19421536e-01 7.67779110e-01
 1.06072295e-01 1.19713898e-01 7.68554953e-01
 -6.98332520e-02 1.44738203e-01 7.66020553e-01
 -5.10369643e-02 1.52758551e-01 7.64827829e-01
 5.48690501e-02 1.49759806e-01 7.70053890e-01
 7.47476883e-02 1.43391977e-01 7.62643509e-01
 -1.14432009e-02 1.63342398e-01 7.55654418e-01
 1.04335053e-02 1.63463910e-01 7.55467797e-01
 3.54571922e-02 1.59728188e-01 7.56092251e-01
 -7.55092852e-02 -1.38051834e-01 7.77072313e-01
 -3.76733159e-02 -1.48754191e-01 7.89460167e-01
 -1.66878942e-02 -1.54892028e-01 7.82099946e-01
 2.35384160e-02 -1.53295213e-01 7.84311864e-01
 4.33257307e-02 -1.52637989e-01 7.72782718e-01
 6.17246384e-02 -1.42832446e-01 7.82703065e-01
 -1.08600823e-01 -1.10262180e-01 7.85347473e-01
 1.07315214e-01 -1.13530458e-01 7.80710810e-01
 -1.35082673e-01 -8.28281466e-02 7.73482636e-01
 1.31335649e-01 -8.73533756e-02 7.75838994e-01
 -1.26398345e-01 9.03156284e-02 7.83495701e-01
 1.31519967e-01 8.80484356e-02 7.74080251e-01
 -9.53928783e-02 1.20872431e-01 7.87808181e-01
 1.00129401e-01 1.16223178e-01 7.89595562e-01
 -5.86512083e-02 1.43086303e-01 7.85736898e-01
 -3.91144479e-02 1.50384315e-01 7.83373958e-01
 -2.00922021e-02 1.50634432e-01 7.94033896e-01
 4.31280964e-03 1.51885355e-01 7.94101106e-01
 2.68044747e-02 1.49165936e-01 7.95297121e-01
 4.81505472e-02 1.44183719e-01 7.93903121e-01
 6.82224595e-02 1.39156132e-01 7.84666192e-01
 -3.95856029e-02 -1.41136836e-01 8.10070858e-01
 -1.85951254e-02 -1.47780316e-01 8.03146310e-01
 2.62458493e-03 -1.51801690e-01 7.94474992e-01
 2.18245774e-02 -1.46383320e-01 8.05934606e-01
 4.23807324e-02 -1.45662746e-01 7.94846266e-01
 -7.82378966e-02 -1.20121206e-01 8.19265846e-01
 7.82525521e-02 -1.22882118e-01 8.12665450e-01
 -1.09115156e-01 -9.97143330e-02 8.06483623e-01
 1.09670050e-01 -9.71063353e-02 8.10361704e-01
 -1.34276427e-01 -6.04473784e-02 8.08118942e-01
 1.35110347e-01 -6.16106611e-02 8.04481049e-01
 -1.40422102e-01 5.56264335e-02 7.96867718e-01
 1.32484783e-01 6.35920099e-02 8.08988414e-01
 -1.04966998e-01 9.47984642e-02 8.24574922e-01
 1.05276551e-01 9.59231075e-02 8.21858132e-01
 -8.24560435e-02 1.22388951e-01 8.07187697e-01
 7.45149871e-02 1.20993203e-01 8.22758497e-01
 -4.20311204e-02 1.42932081e-01 8.03032740e-01
 -2.76583741e-02 1.41271451e-01 8.17581277e-01
 -8.05859082e-03 1.45906995e-01 8.11381647e-01
 1.65152956e-02 1.44778757e-01 8.12565421e-01
 3.83303432e-02 1.39616776e-01 8.15234847e-01
 -2.06127769e-02 -1.40117616e-01 8.24060399e-01
 6.17554385e-04 -1.44605041e-01 8.15735777e-01
 1.96464800e-02 -1.39066881e-01 8.27279632e-01
 -7.96510731e-02 -1.09992065e-01 8.39595272e-01
 -6.13259683e-02 -1.22842599e-01 8.35692583e-01
 5.52166918e-02 -1.20777733e-01 8.47244214e-01
 5.87150008e-02 -1.28189562e-01 8.25784839e-01
 -1.10275495e-01 -8.74842056e-02 8.26422447e-01
 1.05261412e-01 -9.04106628e-02 8.31827007e-01
 -1.29153971e-01 -3.49346444e-02 8.44738033e-01
 1.33670005e-01 -3.66237972e-02 8.32260508e-01
 -1.31643330e-01 4.13450899e-02 8.33888956e-01
 1.28361511e-01 4.03099888e-02 8.42837975e-01
 -9.29295349e-02 9.66491547e-02 8.44019950e-01
 1.12417604e-01 8.01307631e-02 8.33704050e-01
 -6.89393008e-02 1.22982022e-01 8.25812101e-01
 -5.48323235e-02 1.22483252e-01 8.43718758e-01
 6.11025458e-02 1.19642138e-01 8.43348610e-01
 7.82099966e-02 1.08189475e-01 8.45489656e-01
 -1.54157243e-02 1.36736664e-01 8.34894119e-01
 3.22042857e-03 1.40208569e-01 8.27828521e-01
 2.35666141e-02 1.36127310e-01 8.33441404e-01
 -4.35986496e-02 -1.23814762e-01 8.51061694e-01
 -2.52631263e-02 -1.22766889e-01 8.65241091e-01
 -3.62082544e-03 -1.28400841e-01 8.57906067e-01
 1.53856017e-02 -1.22347344e-01 8.69891721e-01
 3.58163428e-02 -1.22675502e-01 8.59469393e-01
 -8.22148751e-02 -8.71237848e-02 8.77726518e-01
 8.53776356e-02 -9.40492373e-02 8.61305745e-01
 -1.11298036e-01 -6.15973686e-02 8.60869926e-01
 1.12535655e-01 -6.16007869e-02 8.58287910e-01
 -1.10843327e-01 6.42990076e-02 8.58645078e-01
 1.05973506e-01 6.04708808e-02 8.72815550e-01
 -7.97926946e-02 9.80354634e-02 8.62760595e-01
 8.30979983e-02 9.51790889e-02 8.62885784e-01
 -3.83678997e-02 1.21449938e-01 8.60491749e-01
 -2.07283749e-02 1.18737324e-01 8.76098832e-01
 3.24960837e-03 1.24195328e-01 8.67778756e-01
 2.75130036e-02 1.17251295e-01 8.76312376e-01
 4.46237819e-02 1.19291105e-01 8.60496779e-01
 -6.87981565e-03 -1.19363927e-01 8.78225446e-01
 -6.48305527e-02 -1.01915218e-01 8.75537449e-01
 -6.66030324e-02 -8.96825717e-02 8.94616400e-01
 5.23918756e-02 -1.00635881e-01 8.91089806e-01
 6.94257295e-02 -9.82630725e-02 8.76579839e-01
 -1.10237526e-01 -3.29019601e-02 8.87830725e-01
 1.01254018e-01 -5.00016003e-02 8.92166294e-01
 -1.00191015e-01 4.97072007e-02 8.94347038e-01
 1.13157221e-01 2.78642560e-02 8.84706690e-01
 -6.58081553e-02 9.85974586e-02 8.80435306e-01
 -5.28848272e-02 9.67915616e-02 8.97415636e-01
 5.84701272e-02 9.30862270e-02 8.98142871e-01
 -1.17698610e-02 1.11142569e-01 8.94506744e-01
 3.94808103e-03 1.16533472e-01 8.84573871e-01
 1.99190669e-02 1.09758460e-01 8.94931567e-01
 -4.96921472e-02 -9.06209092e-02 9.10548312e-01
 -1.23048059e-02 -9.75937364e-02 9.19340284e-01
 7.98645477e-03 -1.03016665e-01 9.10594372e-01
 2.45098708e-02 -9.40218745e-02 9.21383948e-01
 4.28388768e-02 -9.48300523e-02 9.09260839e-01
 -8.29023877e-02 -5.97058202e-02 9.12688470e-01
 7.51405385e-02 -6.93077337e-02 9.12582649e-01
 -7.37715627e-02 6.74131923e-02 9.16631434e-01
 8.06063365e-02 6.22412201e-02 9.13268871e-01
 -3.96441861e-02 9.31909163e-02 9.14276997e-01
 -2.48923701e-02 8.80237128e-02 9.30654278e-01
 -5.93307328e-03 9.50734615e-02 9.24562333e-01
 1.27590083e-02 9.16894011e-02 9.28916778e-01
 4.56080689e-02 8.96001621e-02 9.15570381e-01
 -1.43610726e-02 -8.45449865e-02 9.39327720e-01
 -5.21588060e-02 -6.17852756e-02 9.46253053e-01
 -3.38202489e-02 -7.50931213e-02 9.44180912e-01
 2.41921800e-02 -8.12215031e-02 9.40790635e-01
 4.28390363e-02 -6.88759827e-02 9.45905320e-01
 -8.89733387e-02 -4.58439828e-03 9.34347739e-01
 6.89981581e-02 -1.73309974e-02 9.58657791e-01
 -6.76793244e-02 1.42856412e-02 9.60962801e-01
 8.94149870e-02 4.63501331e-03 9.33668870e-01
 -4.25022607e-02 6.36211797e-02 9.52017282e-01
 -2.29040531e-02 6.07956885e-02 9.65645551e-01
 3.50457895e-02 6.95700691e-02 9.50216417e-01
 5.36112861e-02 5.71006206e-02 9.49656777e-01
 -5.30508914e-03 8.29540315e-02 9.43106624e-01
 -1.56755172e-02 -5.37244945e-02 9.74623161e-01
 -3.41865804e-02 -4.28026012e-02 9.75700064e-01
 2.26013841e-02 -5.03836309e-02 9.75301834e-01
 -6.10665362e-02 -5.84596060e-03 9.69427721e-01
 3.48026489e-02 -1.75247150e-02 9.87780330e-01
 -3.30499710e-02 7.57793834e-03 9.90761027e-01
 6.09364914e-02 1.77982975e-03 9.69814465e-01
 -9.20339333e-03 3.34961594e-02 9.90300637e-01
 3.49945057e-02 3.48710179e-02 9.80282387e-01
 -8.02297308e-03 -5.72509129e-02 -9.72898010e-01
 4.24866594e-03 -4.16516858e-02 -9.85878516e-01
 5.86155038e-02 1.25727118e-02 -9.70825023e-01
 7.46374881e-03 5.50770635e-02 -9.74974784e-01
 -1.23248331e-01 -4.25617340e-02 -8.53214294e-01
 -1.21278305e-01 3.56553481e-02 -8.62742906e-01
 -3.70225866e-02 -1.29729140e-01 -8.41900148e-01
 4.21304311e-02 -1.32109343e-01 -8.32078901e-01
 -9.53760863e-02 -1.32034207e-01 -7.58634776e-01
 8.92670635e-02 -1.35690012e-01 -7.60206779e-01
 1.40026507e-01 9.71538401e-02 -7.31614733e-01
 2.15575440e-02 1.78147847e-01 -6.96260334e-01
 -1.92530448e-01 -6.27602783e-02 -5.86422346e-01
 1.63906929e-01 1.24548742e-01 -5.67410159e-01
 1.12922951e-01 -1.75564535e-01 -5.50280395e-01
 -2.11590227e-01 -2.09574737e-03 -5.32544207e-01
 -2.14640239e-01 -4.25503399e-02 -4.83637245e-01
 -2.15086812e-01 3.79599001e-02 -4.86567336e-01
 -1.65015157e-01 -1.56289762e-01 -4.16529094e-01
 -7.84957325e-03 -2.27621480e-01 -4.12346893e-01
 1.27686686e-02 -2.28355155e-01 -4.03800101e-01
 -1.04970821e-01 -2.04988031e-01 -3.89071851e-01
 -2.25107457e-01 -3.06296847e-02 -4.17391468e-01
 -2.25059349e-01 2.83082571e-02 -4.20418071e-01
 -1.71311298e-01 1.51649877e-01 -4.03083634e-01
 -1.08498350e-01 2.01228858e-01 -4.04674216e-01
 -1.23964728e-02 2.28361089e-01 -4.03931947e-01
 8.26830772e-03 2.27572477e-01 -4.12648599e-01
 -2.11732695e-01 -9.50234776e-02 -3.71802695e-01
 1.93220698e-01 1.28837296e-01 -3.70226634e-01
 1.61721600e-01 -1.77567818e-01 -2.77584236e-01
 7.36205324e-02 -2.31399125e-01 -2.37805852e-01
 -2.22140467e-01 9.77551094e-02 -2.39919004e-01
 -2.16920755e-01 -1.16185710e-01 -1.76466896e-01
 8.10430486e-02 2.32011572e-01 -1.83419630e-01
 -2.25787080e-01 -9.91432127e-02 -1.64479149e-01
 -2.24968170e-01 1.00239951e-01 -1.71641137e-01
 1.00390863e-01 -2.27025119e-01 -1.18745969e-01
 -9.89973199e-02 -2.28626219e-01 -8.29070473e-02
 -1.83300954e-01 1.68714659e-01 -8.35359469e-02
 3.07068804e-04 2.49999671e-01 1.18153782e-03
 -1.00421989e-01 -2.27677587e-01 9.61962455e-02
 -1.82723522e-01 1.69634644e-01 7.33451098e-02
 9.93424333e-02 -2.27903506e-01 1.05154342e-01
 -2.25671532e-01 9.94148931e-02 1.64392600e-01
 -2.15486031e-01 -1.18112937e-01 1.83961866e-01
 7.62509085e-02 2.33016620e-01 1.95512463e-01
 8.09791243e-02 -2.29547846e-01 2.28041752e-01
 -2.24960713e-01 9.21508242e-02 2.33269559e-01
 7.17542253e-02 -2.29701266e-01 2.70958939e-01
 -2.14402535e-01 -8.78123880e-02 3.75671344e-01
 1.95781171e-01 1.23132334e-01 3.79645806e-01
 -1.16331782e-02 -2.28490214e-01 4.03126069e-01
 8.87635729e-03 -2.27563654e-01 4.12524320e-01
 -1.08113840e-01 -2.01520122e-01 4.04001177e-01
 1.04549934e-01 -2.05239165e-01 3.88766654e-01
 -2.24423360e-01 -2.97374610e-02 4.24261551e-01
 -2.25128971e-01 2.95359034e-02 4.18465743e-01
 -1.05466854e-01 2.04613468e-01 3.90078855e-01
 1.07513882e-01 2.01559872e-01 4.06239434e-01
 -9.51374770e-03 2.27330959e-01 4.14345744e-01
 1.12365581e-02 2.28235050e-01 4.05611135e-01
 -2.14517878e-01 -3.92011499e-02 4.89005103e-01
 -2.14628301e-01 4.27007641e-02 4.83509869e-01
 -2.11463715e-01 3.90222267e-03 5.33185098e-01
 -1.08739086e-01 1.79668495e-01 5.42513717e-01
 1.11190528e-01 1.75686402e-01 5.55279935e-01
 1.99493623e-01 -4.44328677e-02 5.75889491e-01
 -1.92310446e-01 6.37015589e-02 5.85953304e-01
 1.96649117e-01 -2.44553368e-02 6.09669948e-01
 1.97768815e-01 1.66847061e-02 6.08067683e-01
 -1.88175050e-01 6.36660629e-02 6.07115260e-01
 -1.40645465e-01 9.74497418e-02 7.29081026e-01
 -9.24755100e-02 -1.33316710e-01 7.60788816e-01
 9.48155975e-02 -1.34285464e-01 7.53418489e-01
 -1.12005425e-01 -8.21520587e-03 8.93419354e-01
 -1.10525489e-01 2.99814830e-02 8.88912209e-01
 8.86353690e-02 7.89594544e-02 8.80083931e-01
 5.29263114e-02 -1.79053562e-02 9.74707306e-01
 -4.82151702e-02 -1.29718927e-02 -9.79854727e-01
 -5.66217685e-02 4.73928128e-03 -9.73831118e-01
 4.12212586e-02 1.07381115e-02 -9.85378723e-01
 -1.14695741e-02 6.38611627e-02 -9.65735934e-01
 -3.45643649e-02 -1.21133401e-01 -8.63778439e-01
 4.41966924e-02 -1.22908261e-01 -8.52669007e-01
 -1.32801146e-01 -4.01697494e-02 -8.31868363e-01
 -1.29804049e-01 3.78781042e-02 -8.41106129e-01
 -1.36964274e-01 -8.78542517e-02 -7.59183329e-01
 -1.33940732e-01 9.41932824e-02 -7.55645996e-01
 9.74123413e-02 1.39776466e-01 -7.31829570e-01
 1.77295324e-01 3.99841337e-02 -6.86646030e-01
 -6.25810798e-02 -1.92547930e-01 -5.86636884e-01
 1.16381981e-01 1.67356806e-01 -5.78922617e-01
 -1.78101187e-01 1.11326246e-01 -5.42386819e-01
 1.50735432e-03 -2.11471978e-01 -5.33326992e-01
 -3.79884904e-02 -2.14929400e-01 -4.87643379e-01
 4.29626474e-02 -2.14449939e-01 -4.84404117e-01
 -1.49691882e-01 -1.69329795e-01 -4.27453545e-01
 -2.82435323e-02 -2.24910385e-01 -4.21761053e-01
 3.07939943e-02 -2.24944027e-01 -4.18606000e-01
 1.57923374e-01 -1.66966335e-01 -3.93598235e-01
 -2.00996821e-01 -1.08658057e-01 -4.05832010e-01
 2.04819978e-01 -1.04943832e-01 -3.90601414e-01
 -2.28495161e-01 -1.27479257e-02 -4.02541429e-01
 2.27277903e-01 -9.19155676e-03 -4.14927393e-01
 -2.27765456e-01 7.88919789e-03 -4.11060752e-01
 2.28199900e-01 1.13991297e-02 -4.05854918e-01
 -8.84678780e-02 -2.14116335e-01 -3.75822349e-01
 1.22574758e-01 1.96236180e-01 -3.78773023e-01
 -1.77119301e-01 1.63558158e-01 -2.64650738e-01
 9.34548713e-02 -2.24496193e-01 -2.32126358e-01
 -2.29496915e-01 8.12585035e-02 -2.27270557e-01
 -1.18768732e-01 -2.15105644e-01 -1.84328789e-01
 2.33098348e-01 7.60463375e-02 -1.95228320e-01
 -1.00415323e-01 -2.24848210e-01 -1.72513822e-01
 9.75394480e-02 -2.26529455e-01 -1.63486017e-01
 -2.27748103e-01 9.97485548e-02 -1.04387283e-01
 1.69583336e-01 -1.82746496e-01 -7.43211791e-02
 -2.27655906e-01 -1.00441655e-01 -9.66874415e-02
 -2.50000005e-01 1.17055425e-04 1.03078850e-04
 1.68245497e-01 -1.83706581e-01 8.44143902e-02
 -2.28449829e-01 -9.94367906e-02 8.22694691e-02
 -2.26647532e-01 1.01243164e-01 1.18708836e-01
 9.99655955e-02 -2.25053070e-01 1.72418707e-01
 -1.16573765e-01 -2.16740410e-01 1.75916811e-01
 2.31828672e-01 8.14493411e-02 1.84238547e-01
 9.74832069e-02 -2.22204685e-01 2.40736237e-01
 -2.32379314e-01 7.13248541e-02 2.33671121e-01
 -2.28688820e-01 7.45773035e-02 2.72460358e-01
 -9.35068552e-02 -2.12613007e-01 3.69912389e-01
 1.28165480e-01 1.93484605e-01 3.71749161e-01
 -3.02013223e-02 -2.25169331e-01 4.17356899e-01
 2.94750786e-02 -2.24544485e-01 4.23528442e-01
 -2.05266527e-01 -1.04497625e-01 3.88760534e-01
 2.01469310e-01 -1.08152489e-01 4.04241072e-01
 -2.27447778e-01 -9.26367435e-03 4.13409612e-01
 2.28429876e-01 -1.12498646e-02 4.03846613e-01
 -2.28407753e-01 1.11583361e-02 4.04087386e-01
 2.27450110e-01 9.37864150e-03 4.13347592e-01
 -2.01826254e-01 1.07280371e-01 4.05109502e-01
 2.04675208e-01 1.05331861e-01 3.90144203e-01
 -4.39825901e-02 -2.14565510e-01 4.82115320e-01
 3.86466975e-02 -2.14817340e-01 4.87605858e-01
 -5.96835936e-03 -2.11743384e-01 5.31099166e-01
 1.75038009e-01 -1.12879434e-01 5.53099802e-01
 1.79715771e-01 1.09034266e-01 5.41313895e-01
 5.59251567e-02 -1.95425282e-01 5.82152738e-01
 -3.74909158e-02 2.00184451e-01 5.79939860e-01
 5.72198410e-02 -1.90803400e-01 6.04251353e-01
 -1.94446061e-02 1.96761480e-01 6.11971921e-01
 2.23187788e-02 1.96210028e-01 6.13234384e-01
 9.62949014e-02 -1.40784712e-01 7.31103253e-01
 -1.36880695e-01 -9.11534800e-02 7.53177273e-01
 -1.35766832e-01 8.74522930e-02 7.63355832e-01
 -2.79292862e-02 -1.12679896e-01 8.85648016e-01
 1.12462102e-02 -1.13521510e-01 8.89822207e-01
 7.06985421e-02 9.48558650e-02 8.80946260e-01
 1.65017531e-02 6.46953381e-02 9.63679394e-01
 -1.67464429e-02 -3.70019886e-02 -9.86716585e-01
 -2.75447496e-02 -1.65470071e-02 -9.91706800e-01
 -5.24422333e-03 -2.16273791e-02 -9.96031221e-01
 1.83001740e-02 -2.60705846e-02 -9.91851537e-01
 -3.54463942e-02 4.72619828e-03 -9.89717992e-01
 -1.42710541e-02 8.38153336e-04 -9.98364433e-01
 2.16052960e-02 8.45425145e-03 -9.95685885e-01
 3.21624211e-02 -9.76429806e-03 -9.90922172e-01
 -1.94864470e-02 2.35032930e-02 -9.92515768e-01
 1.47804838e-03 1.68980767e-02 -9.97696355e-01
 2.38121001e-02 2.74172455e-02 -9.89395426e-01
 3.62875946e-03 3.64055184e-02 -9.89234934e-01
 -4.30216284e-03 -7.36165424e-02 -9.55508060e-01
 -4.45589034e-02 -4.99553959e-02 -9.63486476e-01
 -2.52636055e-02 -6.53623584e-02 -9.59913949e-01
 3.32242428e-02 -5.86525371e-02 -9.62963912e-01
 4.76713436e-02 -4.34399446e-02 -9.66151890e-01
 -5.65610827e-02 -3.18896154e-02 -9.65683688e-01
 5.97835263e-02 -2.56285043e-02 -9.65561252e-01
 -7.34552343e-02 5.46133816e-03 -9.55612086e-01
 6.87820432e-02 -6.02144224e-03 -9.61107160e-01
 -6.23788242e-02 2.32957519e-02 -9.63878472e-01
 6.16215852e-02 3.20872727e-02 -9.60611029e-01
 -4.89763600e-02 4.00375765e-02 -9.67458440e-01
 -3.11083609e-02 5.45178614e-02 -9.67969040e-01
 2.80603748e-02 6.09882268e-02 -9.63271201e-01
 4.59650218e-02 4.81576578e-02 -9.63893916e-01
 8.85139180e-03 7.09867562e-02 -9.58187369e-01
 -6.08493334e-02 -6.66016603e-02 -9.32623834e-01
 -4.29813376e-02 -8.00746135e-02 -9.31586047e-01
 3.27897754e-02 -8.77681845e-02 -9.27117613e-01
 5.18075408e-02 -7.51600183e-02 -9.30952826e-01
 -7.56448316e-02 -4.94757812e-02 -9.32352949e-01
 6.73993430e-02 -5.91638265e-02 -9.33441756e-01
 -8.67313153e-02 -3.07098035e-02 -9.29814632e-01
 8.05823369e-02 -4.10298727e-02 -9.32293163e-01
 -9.17802046e-02 4.37652195e-02 -9.13552309e-01
 9.07031081e-02 3.36385358e-02 -9.22097762e-01
 -6.43408848e-02 5.98591198e-02 -9.36181751e-01
 7.89907674e-02 5.01432424e-02 -9.27329378e-01
 -4.76544154e-02 7.36026779e-02 -9.36477081e-01
 -2.83351493e-02 8.45709107e-02 -9.34194921e-01
 4.73203275e-02 7.85364181e-02 -9.30315597e-01
 6.42600993e-02 6.51692605e-02 -9.30580312e-01
 -2.80318359e-02 -1.03277693e-01 -9.03752416e-01
 1.03759785e-02 -1.07658385e-01 -9.01572872e-01
 3.08216086e-02 -1.00131022e-01 -9.07955089e-01
 -7.18239017e-02 -8.31520763e-02 -8.98239391e-01
 8.25236361e-02 -7.22827451e-02 -8.98577941e-01
 -9.95282029e-02 -2.94191978e-02 -9.09758159e-01
 1.02861850e-01 -1.75147074e-02 -9.08737651e-01
 -1.06955220e-01 -9.41202657e-03 -9.03079958e-01
 1.08922102e-01 4.91027732e-03 -8.99883946e-01
 -1.02970809e-01 2.81166721e-02 -9.04270416e-01
 1.04436996e-01 2.95290127e-02 -9.00853272e-01
 -7.80540926e-02 7.74710661e-02 -8.98050233e-01
 7.70904281e-02 8.06578157e-02 -8.94887351e-01
 -4.18627819e-02 1.00008399e-01 -9.01074218e-01
 -4.29742577e-03 1.04702933e-01 -9.07911281e-01
 2.83089188e-02 1.00657128e-01 -9.08333472e-01
 -5.18009627e-02 -1.09850371e-01 -8.74067591e-01
 4.61959882e-02 -1.12820583e-01 -8.73040869e-01
 -1.12748372e-01 -4.45654382e-02 -8.74544942e-01
 1.06686669e-01 -5.14847159e-02 -8.80612181e-01
 -1.09917807e-01 5.33448987e-02 -8.72444460e-01
 1.14142159e-01 5.04484961e-02 -8.66501946e-01
 -4.72528148e-02 1.14750024e-01 -8.68098328e-01
 5.35525281e-02 1.07011312e-01 -8.78004917e-01
 -1.64798806e-02 -1.29589036e-01 -8.52620991e-01
 2.46965657e-03 -1.35450527e-01 -8.40448593e-01
 2.36105866e-02 -1.30674657e-01 -8.47270779e-01
 -7.29541189e-02 -1.14769435e-01 -8.39101780e-01
 8.10681304e-02 -9.82468390e-02 -8.60470442e-01
 -9.94076683e-02 -8.01344453e-02 -8.59736260e-01
 1.11255283e-01 -7.45453463e-02 -8.44419896e-01
 -1.30872662e-01 -2.24909761e-02 -8.47269186e-01
 1.28534260e-01 -1.01842027e-02 -8.56740719e-01
 -1.35616019e-01 -1.49412053e-03 -8.40058310e-01
 1.35222071e-01 4.42472672e-03 -8.40908747e-01
 -1.29725767e-01 1.73172823e-02 -8.52022529e-01
 1.30992876e-01 2.64201823e-02 -8.45154713e-01
 -1.15016522e-01 7.38789945e-02 -8.37263706e-01
 9.95080556e-02 8.26087826e-02 -8.55794423e-01
 -8.35198588e-02 9.90475460e-02 -8.55234176e-01
 7.69677195e-02 1.11214670e-01 -8.41021599e-01
 -1.56561788e-02 1.30221563e-01 -8.51326499e-01
 3.66201223e-03 1.33715330e-01 -8.44813460e-01
 2.09003072e-02 1.27076271e-01 -8.57110232e-01
 -4.00337637e-02 -1.37131202e-01 -8.20657162e-01
 5.97706171e-02 -1.31626355e-01 -8.15863033e-01
 -1.31707071e-01 -5.92477999e-02 -8.16264621e-01
 1.33895139e-01 -4.17979745e-02 -8.27768605e-01
 -1.37424136e-01 4.03224422e-02 -8.19646394e-01
 1.33491936e-01 5.99562725e-02 -8.10779400e-01
 -5.73367028e-02 1.27990654e-01 -8.27825514e-01
 4.58902175e-02 1.33964839e-01 -8.24112138e-01
 -7.99148057e-02 -1.28524212e-01 -7.95941653e-01
 7.62266469e-02 -1.29617283e-01 -7.98888325e-01
 -9.66092585e-02 -1.13123115e-01 -8.03689935e-01
 9.32342124e-02 -1.16009502e-01 -8.03484708e-01
 -1.29633347e-01 -7.52387838e-02 -8.00343653e-01
 1.32227592e-01 -7.50468937e-02 -7.93814931e-01
 -1.29597739e-01 7.92029062e-02 -7.94293330e-01
 1.31643843e-01 7.59886215e-02 -7.93933779e-01
 -1.14567148e-01 9.59749619e-02 -8.01630424e-01
 1.17869098e-01 9.35388751e-02 -7.98572776e-01
 -8.19827560e-02 1.25167198e-01 -8.01119736e-01
 7.57071591e-02 1.34356831e-01 -7.87062612e-01
 -2.68122131e-02 -1.57902852e-01 -7.67831728e-01
 1.29822771e-02 -1.60571408e-01 -7.64704764e-01
 -1.60860055e-01 -1.33196469e-02 -7.63640571e-01
 1.56951285e-01 -2.71637158e-02 -7.70750077e-01
 -1.58417858e-01 2.61043394e-02 -7.66523567e-01
 1.61470502e-01 1.01937998e-02 -7.62348039e-01
 -1.89569368e-02 1.57666781e-01 -7.72340553e-01
 4.04585029e-03 1.58310094e-01 -7.73786444e-01
 2.57492900e-02 1.57838766e-01 -7.68624200e-01
 -6.24920687e-02 -1.55579337e-01 -7.41780108e-01
 4.95663823e-02 -1.57543368e-01 -7.50714864e-01
 -1.11458101e-01 -1.24677980e-01 -7.43317272e-01
 1.07318225e-01 -1.26119195e-01 -7.49151911e-01
 -1.25415280e-01 -1.07920384e-01 -7.49658437e-01
 1.23544479e-01 -1.11286627e-01 -7.46748557e-01
 -1.57915188e-01 -4.95285896e-02 -7.49503862e-01
 1.56592695e-01 -5.91041119e-02 -7.42810536e-01
 -1.56757621e-01 6.11004237e-02 -7.39662986e-01
 1.59110276e-01 4.80404684e-02 -7.47005460e-01
 -1.26642220e-01 1.10696897e-01 -7.39816062e-01
 1.28390863e-01 1.06543817e-01 -7.44733406e-01
 -1.10412525e-01 1.24188264e-01 -7.47116005e-01
 1.13783817e-01 1.22876729e-01 -7.42477934e-01
 -5.69962023e-02 1.54863030e-01 -7.51200691e-01
 6.00870047e-02 1.56241315e-01 -7.42732677e-01
 -7.96062675e-02 -1.51850249e-01 -7.27784397e-01
 8.50094560e-02 -1.50764409e-01 -7.21592904e-01
 -1.50642781e-01 -8.57163550e-02 -7.20660728e-01
 1.52783718e-01 -7.77026115e-02 -7.27950236e-01
 -1.53132494e-01 7.84223093e-02 -7.25538913e-01
 1.52115643e-01 8.50850304e-02 -7.16897777e-01
 -8.63363581e-02 1.50648109e-01 -7.19457784e-01
 7.85156698e-02 1.52729827e-01 -7.26734338e-01
 -3.84217755e-03 -1.80856233e-01 -6.90232418e-01
 6.66735795e-03 -1.76021031e-01 -7.09615987e-01
 1.88375881e-02 -1.79844839e-01 -6.90518858e-01
 -1.27639559e-01 -1.30341334e-01 -6.83746344e-01
 1.29874499e-01 -1.27607198e-01 -6.85262625e-01
 -1.80121664e-01 -2.04014503e-02 -6.88650924e-01
 1.82394783e-01 -3.44228518e-03 -6.83758214e-01
 -1.76438545e-01 -7.97831899e-03 -7.07738048e-01
 1.77627532e-01 7.65986206e-03 -7.03020006e-01
 -1.81330596e-01 2.27858176e-03 -6.88349466e-01
 1.81514197e-01 1.88533873e-02 -6.83487318e-01
 -1.31012878e-01 1.27407773e-01 -6.82383127e-01
 1.26081689e-01 1.32140061e-01 -6.82846354e-01
 -1.85748451e-02 1.77988519e-01 -6.98284743e-01
 -2.28149930e-04 1.81643474e-01 -6.87088127e-01
 3.30952136e-03 1.76280987e-01 -7.08961002e-01
 -4.04219895e-02 -1.81862951e-01 -6.66836819e-01
 4.97449992e-02 -1.78769460e-01 -6.70127832e-01
 -9.80852924e-02 -1.58060184e-01 -6.68087268e-01
 1.00258647e-01 -1.54005461e-01 -6.78003580e-01
 -1.53744401e-01 -1.01392746e-01 -6.76250866e-01
 1.57418899e-01 -9.87636603e-02 -6.68910312e-01
 -1.78637687e-01 -5.16317712e-02 -6.68404410e-01
 1.82512665e-01 -4.08470327e-02 -6.63574221e-01
 -1.82571010e-01 3.89073760e-02 -6.65180526e-01
 1.79403195e-01 5.00769139e-02 -6.67015289e-01
 -1.59026910e-01 9.71198563e-02 -6.66671842e-01
 1.54167410e-01 1.02083683e-01 -6.73039179e-01
 -1.00561330e-01 1.55149993e-01 -6.73093452e-01
 9.51443711e-02 1.60009200e-01 -6.67468505e-01
 -4.42586850e-02 1.80520947e-01 -6.68770635e-01
 3.79166054e-02 1.83104325e-01 -6.63748985e-01
 -7.87322337e-02 -1.80171102e-01 -6.17603656e-01
 8.00953806e-02 -1.79427651e-01 -6.18261759e-01
 -1.78788373e-01 -8.25125080e-02 -6.16135449e-01
 1.78580915e-01 -8.24375705e-02 -6.17257647e-01
 -1.81034947e-01 7.73612195e-02 -6.16332665e-01
 1.76974438e-01 8.63312395e-02 -6.16142763e-01
 -8.35127709e-02 1.78123733e-01 -6.17058584e-01
 7.48234083e-02 1.81997813e-01 -6.16808371e-01
 -1.33701317e-01 -1.51274465e-01 -5.89779852e-01
 1.18194688e-01 -1.63256196e-01 -5.91641104e-01
 -1.62134132e-01 -1.20454945e-01 -5.89279609e-01
 1.48603148e-01 -1.36614351e-01 -5.89964740e-01
 -1.52013382e-01 1.32952271e-01 -5.89449208e-01
 1.59908483e-01 1.23275988e-01 -5.89675609e-01
 -1.21258142e-01 1.61370663e-01 -5.89996563e-01
 1.31504176e-01 1.53070783e-01 -5.90267887e-01
 -2.04804370e-02 -2.05022881e-01 -5.66338339e-01
 2.40200696e-04 -2.04233903e-01 -5.76728426e-01
 2.09223795e-02 -2.04890487e-01 -5.66846284e-01
 -1.02040357e-01 -1.79555216e-01 -5.63527518e-01
 9.64797538e-02 -1.82785236e-01 -5.62583205e-01
 -1.81438363e-01 -9.92144990e-02 -5.61948380e-01
 1.76343118e-01 -1.07197430e-01 -5.64437301e-01
 -2.04855299e-01 -2.24020618e-02 -5.66144577e-01
 2.05060646e-01 -1.17085745e-02 -5.70095701e-01
 -2.04397961e-01 -1.75117497e-03 -5.75755929e-01
 2.03512305e-01 8.83613879e-03 -5.79719836e-01
 -2.05302256e-01 1.93424512e-02 -5.65358327e-01
 2.04095975e-01 2.81295745e-02 -5.66442751e-01
 -1.80248583e-01 1.01142918e-01 -5.62573697e-01
 1.78455706e-01 1.05233079e-01 -5.59708209e-01
 -1.01226958e-01 1.80213498e-01 -5.62511797e-01
 1.01340434e-01 1.79695372e-01 -5.64832215e-01
 -2.59279717e-02 2.04332941e-01 -5.66756627e-01
 1.36571052e-02 2.05458665e-01 -5.67101378e-01
 -5.99627403e-02 -2.00945375e-01 -5.44432895e-01
 6.00040363e-02 -2.01325560e-01 -5.42107910e-01
 -2.01055409e-01 -6.10687543e-02 -5.41809652e-01
 2.02048707e-01 -5.30380553e-02 -5.49375078e-01
 -2.01330896e-01 5.92676064e-02 -5.43370868e-01
 1.99764086e-01 6.56087548e-02 -5.40959542e-01
 -6.38226022e-02 2.00201758e-01 -5.41789012e-01
 5.21146738e-02 2.03150299e-01 -5.44265300e-01
 -1.55701653e-01 -1.48554374e-01 -5.08938069e-01
 1.47888374e-01 -1.56757970e-01 -5.06848981e-01
 -1.49433006e-01 1.54963090e-01 -5.08428925e-01
 1.54429224e-01 1.49647683e-01 -5.10015116e-01
 -7.51906192e-02 -2.04947298e-01 -4.87327455e-01
 8.11469961e-02 -2.03150382e-01 -4.84067924e-01
 -1.28368652e-01 -1.76948660e-01 -4.85150430e-01
 1.33563865e-01 -1.71315790e-01 -4.94960484e-01
 -1.78709451e-01 -1.26215350e-01 -4.83861940e-01
 1.76562002e-01 -1.29115303e-01 -4.84233368e-01
 -2.03626410e-01 -8.01804051e-02 -4.83444478e-01
 2.03723875e-01 -7.61280533e-02 -4.93171390e-01
 -2.05119872e-01 7.51529290e-02 -4.86257586e-01
 2.03438767e-01 8.11588281e-02 -4.82094372e-01
 -1.77077355e-01 1.28443236e-01 -4.84082107e-01
 1.73076205e-01 1.32891136e-01 -4.88009790e-01
 -1.30321721e-01 1.75830357e-01 -4.83321145e-01
 1.29105172e-01 1.76645130e-01 -4.83791294e-01
 -8.18577657e-02 2.03048256e-01 -4.82837195e-01
 7.59380923e-02 2.04209635e-01 -4.90417866e-01
 9.26183409e-03 -2.25952974e-01 -4.26323706e-01
 -1.01969875e-01 -2.03657546e-01 -4.12325505e-01
 8.89188130e-02 -2.09091797e-01 -4.17115565e-01
 -2.09112512e-01 -8.90203939e-02 -4.16602417e-01
 2.03420998e-01 -1.01959736e-01 -4.14229535e-01
 -2.26102254e-01 -9.09229181e-03 -4.25114059e-01
 2.25749708e-01 8.09320938e-03 -4.28422050e-01
 -2.03883422e-01 1.01816317e-01 -4.11144930e-01
 2.09509446e-01 8.83770723e-02 -4.15601858e-01
 -8.90703203e-02 2.09208726e-01 -4.15657719e-01
 1.01898721e-01 2.03638721e-01 -4.12755496e-01
 -9.08883899e-03 2.25956225e-01 -4.26355693e-01
 -2.72267706e-02 -2.27517869e-01 -3.99886871e-01
 3.36488456e-02 -2.27074572e-01 -3.96079123e-01
 -2.27194354e-01 -3.37041851e-02 -3.94903056e-01
 2.27075175e-01 -2.84104433e-02 -4.02586320e-01
 -2.27674814e-01 2.71580664e-02 -3.98530111e-01
 2.27087135e-01 3.24144500e-02 -3.97608032e-01
 -3.33879954e-02 2.27107621e-01 -3.96129123e-01
 2.76708411e-02 2.27422447e-01 -4.00267455e-01
 -5.13167603e-02 -2.26217911e-01 -3.72925013e-01
 5.60267031e-02 -2.25414251e-01 -3.69852792e-01
 -1.55933527e-01 -1.73752047e-01 -3.57658676e-01
 1.45221875e-01 -1.82631476e-01 -3.59029210e-01
 -1.82529431e-01 -1.45355931e-01 -3.58991523e-01
 1.73662351e-01 -1.55987153e-01 -3.57981396e-01
 -2.25485265e-01 -5.61385428e-02 -3.68887589e-01
 2.25856972e-01 -5.19689939e-02 -3.74974616e-01
 -2.26440407e-01 5.09632586e-02 -3.71537528e-01
 2.25790110e-01 5.49837920e-02 -3.68686959e-01
 -1.74092658e-01 1.55715030e-01 -3.56529889e-01
 1.82540451e-01 1.45468776e-01 -3.58169590e-01
 -1.45533878e-01 1.82518274e-01 -3.57927188e-01
 1.55701381e-01 1.74015572e-01 -3.57226697e-01
 -5.56639851e-02 2.25744328e-01 -3.67500523e-01
 5.12742459e-02 2.26224604e-01 -3.72953630e-01
 -1.28246730e-01 -2.00186546e-01 -3.09273804e-01
 1.13633305e-01 -2.08508050e-01 -3.12714225e-01
 -2.08327845e-01 -1.13941950e-01 -3.12838934e-01
 2.00096704e-01 -1.28263928e-01 -3.10088848e-01
 -2.00607150e-01 1.27754166e-01 -3.08173045e-01
 2.08337329e-01 1.14036250e-01 -3.12187444e-01
 -1.14490679e-01 2.08101822e-01 -3.12039428e-01
 1.27691644e-01 2.00554756e-01 -3.09131775e-01
 -7.29941522e-02 -2.27581994e-01 -2.93347770e-01
 7.55762657e-02 -2.26572004e-01 -2.95387829e-01
 -2.26601007e-01 -7.57823919e-02 -2.94184457e-01
 2.27474662e-01 -7.29949946e-02 -2.94673410e-01
 -2.27931765e-01 7.22341866e-02 -2.92009589e-01
 2.26621310e-01 7.55562411e-02 -2.94864129e-01
 -7.60501532e-02 2.26587777e-01 -2.93240406e-01
 7.20852790e-02 2.27889623e-01 -2.93122476e-01
 -9.99701345e-02 -2.26050335e-01 -1.50052567e-01
 7.89572256e-02 -2.34191265e-01 -1.50743488e-01
 -2.33266140e-01 -8.15396437e-02 -1.51695161e-01
 2.26044621e-01 -9.98801138e-02 -1.51145461e-01
 -2.26047150e-01 1.00057143e-01 -1.49198999e-01
 2.34349171e-01 7.84526608e-02 -1.51031809e-01
 -8.13096949e-02 2.33360677e-01 -1.51343177e-01
 9.98382412e-02 2.26101729e-01 -1.50218571e-01
 -1.82465805e-01 -1.68310126e-01 -1.18520820e-01
 1.68232820e-01 -1.82498818e-01 -1.19459910e-01
 -1.68022405e-01 1.82756950e-01 -1.17873590e-01
 1.82838482e-01 1.67832600e-01 -1.20154899e-01
 -1.68370948e-01 -1.82428904e-01 1.18046535e-01
 1.82588208e-01 -1.68167028e-01 1.18754478e-01
 -1.82209257e-01 1.68584518e-01 1.18596100e-01
 1.68234808e-01 1.82461151e-01 1.20332548e-01
 -8.17661677e-02 -2.33204519e-01 1.51259530e-01
 9.97383966e-02 -2.26156010e-01 1.49972186e-01
 -2.26191229e-01 -9.96934239e-02 1.49600351e-01
 2.34213762e-01 -7.89661315e-02 1.50108271e-01
 -2.33180550e-01 8.17881131e-02 1.51660407e-01
 2.26135234e-01 9.96978991e-02 1.50901420e-01
 -9.96627098e-02 2.26167246e-01 1.50505204e-01
 7.87999128e-02 2.34220621e-01 1.51329640e-01
 -7.64389255e-02 -2.26484288e-01 2.92902047e-01
 7.20436654e-02 -2.27920751e-01 2.92898865e-01
 -2.27969453e-01 -7.18826067e-02 2.92925571e-01
 2.26507924e-01 -7.61097759e-02 2.93979040e-01
 -2.26588230e-01 7.59923750e-02 2.93474378e-01
 2.27501433e-01 7.30051462e-02 2.94302275e-01
 -7.28855273e-02 2.27538324e-01 2.94320335e-01
 7.55362531e-02 2.26589210e-01 2.95340393e-01
 -1.14715394e-01 -2.07988646e-01 3.11926221e-01
 1.27337562e-01 -2.00799194e-01 3.08929714e-01
 -2.00991104e-01 -1.27045438e-01 3.08857301e-01
 2.08236070e-01 -1.14306103e-01 3.11688956e-01
 -2.08277422e-01 1.14060975e-01 3.12682100e-01
 2.00213414e-01 1.28049400e-01 3.10302026e-01
 -1.28193799e-01 2.00172894e-01 3.09765908e-01
 1.13760658e-01 2.08405747e-01 3.13064309e-01
 -5.48465226e-02 -2.25998851e-01 3.66963725e-01
 5.04782584e-02 -2.26440225e-01 3.72597190e-01
 -1.45595517e-01 -1.82490614e-01 3.57751709e-01
 1.55669415e-01 -1.74118498e-01 3.56646675e-01
 -1.74294503e-01 -1.55477145e-01 3.56613069e-01
 1.82616380e-01 -1.45433322e-01 3.57780448e-01
 -2.26386958e-01 -5.05542717e-02 3.72950032e-01
 2.25962978e-01 -5.46753694e-02 3.67725037e-01
 -2.26051590e-01 5.42865872e-02 3.67775269e-01
 2.26150378e-01 5.11896337e-02 3.73858792e-01
 -1.83022370e-01 1.44767142e-01 3.58782576e-01
 1.73437287e-01 1.56213787e-01 3.58145924e-01
 -1.56267298e-01 1.73444620e-01 3.57715350e-01
 1.44780205e-01 1.82939613e-01 3.59373056e-01
 -5.22281236e-02 2.25851520e-01 3.74450743e-01
 5.48739866e-02 2.25759164e-01 3.69251485e-01
 -3.22820061e-02 -2.27382629e-01 3.95070286e-01
 2.84427208e-02 -2.27148603e-01 4.01886455e-01
 -2.27052073e-01 -2.86629707e-02 4.02508380e-01
 2.27350693e-01 -3.20176029e-02 3.95708109e-01
 -2.27354315e-01 3.17308904e-02 3.96044193e-01
 2.26958247e-01 2.90383537e-02 4.02924306e-01
 -2.87810191e-02 2.27100433e-01 4.01936677e-01
 3.23438227e-02 2.27076198e-01 3.97799941e-01
 -8.74947881e-03 -2.26054221e-01 4.25637543e-01
 -8.86106873e-02 -2.09507234e-01 4.14823078e-01
 1.01867066e-01 -2.03692625e-01 4.12454847e-01
 -2.03680033e-01 -1.01898819e-01 4.12428852e-01
 2.09458725e-01 -8.86464043e-02 4.15092837e-01
 -2.25946777e-01 8.14317715e-03 4.26741415e-01
 2.26001310e-01 -8.39098390e-03 4.26202225e-01
 -2.09722336e-01 8.77731463e-02 4.15931499e-01
 2.03118373e-01 1.02673189e-01 4.13785737e-01
 -1.02651952e-01 2.03145439e-01 4.13657436e-01
 8.80038812e-02 2.09465199e-01 4.17222610e-01
 7.76701514e-03 2.25813159e-01 4.27983406e-01
 -8.17015169e-02 -2.03248574e-01 4.81911232e-01
 7.68818599e-02 -2.03589982e-01 4.92184096e-01
 -1.30048285e-01 -1.76060696e-01 4.83157924e-01
 1.29320119e-01 -1.76520577e-01 4.83600115e-01
 -1.76313095e-01 -1.29623154e-01 4.83513068e-01
 1.76240124e-01 -1.29709641e-01 4.83567591e-01
 -2.03513300e-01 -7.73799958e-02 4.91441918e-01
 2.03372089e-01 -8.14132860e-02 4.81857960e-01
 -2.03525763e-01 8.05572827e-02 4.83120041e-01
 2.03107530e-01 7.78016423e-02 4.93060010e-01
 -1.76502376e-01 1.29190115e-01 4.84261900e-01
 1.75610682e-01 1.30204815e-01 4.85099880e-01
 -1.30122319e-01 1.75753087e-01 4.84628670e-01
 1.28406252e-01 1.76835874e-01 4.85648953e-01
 -7.79915229e-02 2.03173992e-01 4.92141049e-01
 7.99633739e-02 2.03579877e-01 4.84332369e-01
 -1.49400019e-01 -1.54968941e-01 5.08555471e-01
 1.55273281e-01 -1.49117237e-01 5.08398072e-01
 -1.55367210e-01 1.48751844e-01 5.09650059e-01
 1.47876751e-01 1.56081933e-01 5.10230156e-01
 -6.38614906e-02 -2.00402747e-01 5.40525315e-01
 5.20654270e-02 -2.03670816e-01 5.41219623e-01
 -2.02316504e-01 -5.45247523e-02 5.45455573e-01
 2.01155691e-01 -6.19340065e-02 5.39638344e-01
 -2.00757184e-01 6.22603537e-02 5.41408950e-01
 2.03385895e-01 5.28993276e-02 5.41639973e-01
 -5.51945686e-02 2.02030832e-01 5.46071498e-01
 5.97706408e-02 2.01334468e-01 5.42467427e-01
 -2.57584151e-02 -2.04700675e-01 5.64753624e-01
 1.39234550e-02 -2.05839561e-01 5.64783023e-01
 -1.00911608e-01 -1.80466100e-01 5.62122498e-01
 1.07219166e-01 -1.76726975e-01 5.62446849e-01
 -1.77944192e-01 -1.04432571e-01 5.64690729e-01
 1.83132131e-01 -9.65133715e-02 5.60682778e-01
 -2.05129004e-01 -1.62960354e-02 5.67895178e-01
 2.04730968e-01 -2.50731740e-02 5.65071260e-01
 -2.04698807e-01 2.37198238e-02 5.66191426e-01
 2.05777734e-01 1.44065720e-02 5.64949612e-01
 -1.80855335e-01 1.00077763e-01 5.62505972e-01
 1.76092279e-01 1.07960523e-01 5.63362215e-01
 -1.04872178e-01 1.77428506e-01 5.65981987e-01
 9.46549965e-02 1.83652426e-01 5.63023975e-01
 -1.68998479e-02 2.04898977e-01 5.68940520e-01
 2.25824216e-02 2.04445667e-01 5.68394670e-01
 -1.20315715e-01 -1.61981325e-01 5.90406026e-01
 1.33360541e-01 -1.51384930e-01 5.90560298e-01
 -1.50811439e-01 -1.34493564e-01 5.88794224e-01
 1.61944794e-01 -1.20734665e-01 5.89196709e-01
 -1.62025295e-01 1.20273939e-01 5.90349158e-01
 1.50523362e-01 1.34012579e-01 5.91721127e-01
 -1.34217873e-01 1.50537996e-01 5.90916566e-01
 1.19390718e-01 1.62540781e-01 5.90950062e-01
 -8.25985702e-02 -1.78584741e-01 6.16895395e-01
 7.69043594e-02 -1.82117732e-01 6.12129146e-01
 -1.80880482e-01 -7.70600357e-02 6.17660520e-01
 1.78713283e-01 -8.31581815e-02 6.15094238e-01
 -1.78824402e-01 8.24247175e-02 6.16156174e-01
 1.82093323e-01 7.69376680e-02 6.12178351e-01
 -7.76573369e-02 1.80500142e-01 6.18243549e-01
 8.16023370e-02 1.78931898e-01 6.17406990e-01
 -4.06726922e-02 -1.82817980e-01 6.62399869e-01
 4.13184738e-02 -1.83114369e-01 6.60447636e-01
 -9.66308379e-02 -1.57703101e-01 6.72811920e-01
 9.72463501e-02 -1.59671901e-01 6.63904392e-01
 -1.57453092e-01 -9.96667453e-02 6.66634512e-01
 1.56126792e-01 -9.93473184e-02 6.72363727e-01
 -1.81640828e-01 -3.95945742e-02 6.68597343e-01
 1.81102195e-01 -4.34829810e-02 6.67068269e-01
 -1.82415317e-01 4.29250619e-02 6.61901798e-01
 1.83627684e-01 4.03079218e-02 6.59165227e-01
 -1.56168326e-01 9.91018610e-02 6.72788805e-01
 1.59991823e-01 9.67286244e-02 6.63882195e-01
 -9.71559217e-02 1.58463703e-01 6.68730310e-01
 9.95223373e-02 1.55625581e-01 6.73807189e-01
 -4.00161842e-02 1.82268620e-01 6.65454878e-01
 4.26836620e-02 1.80611832e-01 6.70014906e-01
 -1.75465442e-02 -1.78888686e-01 6.95022201e-01
 2.03818268e-03 -1.82323423e-01 6.84152599e-01
 3.90966445e-03 -1.77059615e-01 7.05800486e-01
 -1.32376361e-01 -1.25264650e-01 6.84517796e-01
 1.28143660e-01 -1.30557637e-01 6.81573939e-01
 -1.78251619e-01 -9.03020600e-03 7.00226872e-01
 1.78615460e-01 -1.74580030e-02 6.96181338e-01
 -1.81990492e-01 4.64846493e-03 6.85365766e-01
 1.82993894e-01 3.56641169e-04 6.81329748e-01
 -1.78261800e-01 2.56697939e-02 6.93556993e-01
 1.78159849e-01 4.02621850e-03 7.01346157e-01
 -1.27830968e-01 1.30263430e-01 6.83411651e-01
 1.31019146e-01 1.27388948e-01 6.82420088e-01
 -4.30882632e-03 1.75740055e-01 7.11020806e-01
 -1.39153908e-03 1.81208471e-01 6.88901591e-01
 1.71731095e-02 1.77702669e-01 7.00021509e-01
 -8.74961067e-02 -1.50288406e-01 7.18419060e-01
 7.95251587e-02 -1.53293129e-01 7.23071297e-01
 -1.54382094e-01 -7.99023758e-02 7.18685672e-01
 1.51867245e-01 -8.50232744e-02 7.17857026e-01
 -1.52610135e-01 8.24935030e-02 7.20055547e-01
 1.54654748e-01 7.74221009e-02 7.22083292e-01
 -8.02057486e-02 1.51472062e-01 7.27992151e-01
 8.71762111e-02 1.50163223e-01 7.19459263e-01
 -5.49409729e-02 -1.54748546e-01 7.54022991e-01
 6.15098255e-02 -1.57448084e-01 7.36767918e-01
 -1.08686575e-01 -1.26669054e-01 7.44496724e-01
 1.11611381e-01 -1.26533809e-01 7.37912040e-01
 -1.24453156e-01 -1.10563216e-01 7.46053221e-01
 1.25226852e-01 -1.10025704e-01 7.45252971e-01
 -1.57554889e-01 -5.56986825e-02 7.43765087e-01
 1.56237847e-01 -5.52284790e-02 7.48754452e-01
 -1.57088669e-01 4.86345520e-02 7.53210442e-01
 1.59260683e-01 5.83742788e-02 7.34613049e-01
 -1.30411621e-01 1.03138124e-01 7.46783744e-01
 1.28245334e-01 1.09147603e-01 7.39080241e-01
 -1.15544539e-01 1.20496525e-01 7.44366383e-01
 1.11983346e-01 1.22782491e-01 7.47092833e-01
 -6.13979560e-02 1.55395643e-01 7.43855009e-01
 5.84569787e-02 1.54907811e-01 7.49254389e-01
 -1.45438887e-02 -1.61534309e-01 7.61001333e-01
 2.44403848e-02 -1.60002031e-01 7.62124010e-01
 -1.57171732e-01 -2.64934814e-02 7.70404486e-01
 1.58599189e-01 -1.66017587e-02 7.70150301e-01
 1.58020432e-01 8.64943242e-03 7.74129323e-01
 -1.61087470e-01 1.09297118e-02 7.63480611e-01
 1.57026533e-01 3.24565044e-02 7.67221287e-01
 -2.62320241e-02 1.57278366e-01 7.70199415e-01
 -5.14559688e-03 1.57615842e-01 7.75946534e-01
 1.68578222e-02 1.57283879e-01 7.74365746e-01
 -7.68111633e-02 -1.29488187e-01 7.98327313e-01
 7.95175977e-02 -1.30391638e-01 7.91707133e-01
 -9.39370738e-02 -1.15825032e-01 8.02600190e-01
 9.67445596e-02 -1.14949415e-01 7.99271185e-01
 -1.32266269e-01 -7.53259385e-02 7.93288785e-01
 1.26256687e-01 -8.20141939e-02 7.98327953e-01
 -1.29549670e-01 7.49108908e-02 8.01052242e-01
 1.26316011e-01 8.41199950e-02 7.94663560e-01
 -1.16197502e-01 9.24549627e-02 8.04490139e-01
 1.11447926e-01 9.93030043e-02 8.02180221e-01
 -7.67988308e-02 1.33411073e-01 7.87943964e-01
 8.08007384e-02 1.26535702e-01 7.99600016e-01
 -5.96409235e-02 -1.31925725e-01 8.15240983e-01
 4.06417137e-02 -1.38528563e-01 8.16413035e-01
 -1.34428563e-01 -4.35220613e-02 8.24958939e-01
 1.30076504e-01 -5.73761709e-02 8.22563001e-01
 -1.31325216e-01 5.86895433e-02 8.17892713e-01
 1.35497507e-01 4.44734158e-02 8.21341299e-01
 -4.84322266e-02 1.33240103e-01 8.23664491e-01
 5.44113231e-02 1.30247780e-01 8.25348218e-01
 -2.26847962e-02 -1.31808410e-01 8.44862143e-01
 -1.48773709e-03 -1.36827346e-01 8.36909759e-01
 1.74975105e-02 -1.31068918e-01 8.48668013e-01
 -8.12701195e-02 -9.87984463e-02 8.59154003e-01
 7.51363483e-02 -1.15594369e-01 8.34194477e-01
 -1.11354377e-01 -7.50394772e-02 8.43510200e-01
 1.01181802e-01 -8.11405693e-02 8.54901277e-01
 -1.28578607e-01 -1.61244984e-02 8.55173521e-01
 1.31314306e-01 -1.96062480e-02 8.47322501e-01
 -1.34889299e-01 1.81340719e-03 8.41918251e-01
 1.35554724e-01 2.33648222e-03 8.40185817e-01
 -1.30098186e-01 2.32378540e-02 8.48853567e-01
 1.28624209e-01 2.10082015e-02 8.53365299e-01
 -9.66638381e-02 8.22234857e-02 8.61584287e-01
 1.10761815e-01 7.09892491e-02 8.50340299e-01
 -7.48930352e-02 1.10962381e-01 8.44544341e-01
 9.69821427e-02 9.21833665e-02 8.44717727e-01
 -1.66954527e-02 1.28050592e-01 8.56265102e-01
 4.27747795e-03 1.32543594e-01 8.47716545e-01
 2.35232953e-02 1.26928331e-01 8.56373029e-01
 -4.57440733e-02 -1.13858269e-01 8.71264342e-01
 5.30469417e-02 -1.11534073e-01 8.69448072e-01
 -1.08917300e-01 -5.02237446e-02 8.77402368e-01
 1.12927004e-01 -4.54155769e-02 8.73475725e-01
 -1.11554861e-01 4.76547967e-02 8.74387615e-01
 1.05388693e-01 4.58758944e-02 8.88042509e-01
 -4.50184626e-02 1.10731771e-01 8.78288049e-01
 4.99176301e-02 1.07870968e-01 8.79746693e-01
 -3.02344457e-02 -1.01495664e-01 9.05844156e-01
 -9.85365318e-03 -1.09136114e-01 8.98819699e-01
 2.85333216e-02 -1.05250482e-01 8.99851311e-01
 -8.32311420e-02 -7.35983036e-02 8.95820961e-01
 7.21466856e-02 -8.56128640e-02 8.94117304e-01
 -1.03875385e-01 -2.31539619e-02 9.04866025e-01
 9.96324997e-02 -3.26928573e-02 9.07785362e-01
 -1.07066080e-01 1.25581231e-02 9.02257108e-01
 1.07153558e-01 -1.21364384e-02 9.02183325e-01
 -9.88802327e-02 3.23261574e-02 9.09310232e-01
 1.03237614e-01 2.72176424e-02 9.04223797e-01
 -7.09564569e-02 8.35468631e-02 8.98756387e-01
 7.64051942e-02 7.91367463e-02 8.97995186e-01
 -2.02536802e-02 1.01032696e-01 9.11107378e-01
 4.25821025e-03 1.04528790e-01 9.08235196e-01
 2.57613788e-02 9.81799952e-02 9.13867766e-01
 -5.11409738e-02 -7.70271908e-02 9.29098734e-01
 -3.22212211e-02 -8.90319842e-02 9.25507081e-01
 4.30127581e-02 -8.25674529e-02 9.28074483e-01
 6.01899884e-02 -6.96265837e-02 9.29769225e-01
 -6.81039730e-02 -6.15576277e-02 9.30140858e-01
 7.51030226e-02 -5.31144578e-02 9.29847383e-01
 -8.23893531e-02 -4.35182680e-02 9.27950644e-01
 8.71292845e-02 -3.43761134e-02 9.27162437e-01
 -8.59025354e-02 3.33687973e-02 9.29579706e-01
 8.19325973e-02 4.35852945e-02 9.28547159e-01
 -7.40317076e-02 5.05698909e-02 9.33484832e-01
 6.79984437e-02 5.98964849e-02 9.31997831e-01
 -5.94118815e-02 6.58209341e-02 9.34990614e-01
 -4.28907221e-02 7.84683440e-02 9.33837172e-01
 3.23573907e-02 8.41473258e-02 9.32715306e-01
 5.09174117e-02 7.37088101e-02 9.33591434e-01
 4.58324141e-03 -7.73640953e-02 9.50738114e-01
 -5.21677892e-02 -4.49962782e-02 9.61282662e-01
 -3.45182338e-02 -5.97774122e-02 9.61126979e-01
 2.37737999e-02 -6.68713044e-02 9.58859252e-01
 4.18943587e-02 -5.35131377e-02 9.62341909e-01
 -6.63006851e-02 -2.58327667e-02 9.58641070e-01
 5.73394023e-02 -3.67278870e-02 9.62192652e-01
 -7.58523405e-02 -5.31338772e-03 9.52624491e-01
 7.62247825e-02 3.09156801e-03 9.52305590e-01
 -5.48389322e-02 3.19630395e-02 9.67232925e-01
 6.62612762e-02 2.18153922e-02 9.60280748e-01
 -4.11740603e-02 4.71184701e-02 9.68171273e-01
 -2.23123010e-02 4.49363018e-02 9.79657891e-01
 3.73260710e-02 5.33823289e-02 9.65461753e-01
 5.31009426e-02 3.88481605e-02 9.64748961e-01
 -3.87621398e-03 6.92463564e-02 9.60750381e-01
 3.10457655e-03 -4.44552198e-02 9.83986147e-01
 -3.28401597e-02 -2.41884127e-02 9.86603600e-01
 1.54168795e-03 -2.21769792e-02 9.96039565e-01
 1.94812029e-02 -3.07620658e-02 9.89337992e-01
 -4.42276402e-02 -7.37664095e-03 9.83786301e-01
 -2.05096615e-02 -1.03485420e-02 9.95770107e-01
 1.99003389e-02 -5.29039813e-03 9.96602913e-01
 4.25319512e-02 1.18868063e-03 9.85412088e-01
 -1.60965110e-02 1.54581389e-02 9.96008642e-01
 7.55397579e-03 1.61757115e-02 9.97447956e-01
 2.86224435e-02 1.64184569e-02 9.91252507e-01
 1.24304529e-02 3.47992363e-02 9.89017046e-01
